Workbook

Sheet 001_01
C2: Campagne : | F2: PIRATA-FR30
C4: Données de campagne
C6: N° de station : | F6: 1 | H6: N° de palanquée : | P6: 1 | R6: Date d'analyse : | T6: 42418
X7: 4.9448
G8: Position | I8: Degrés | J8: Minutes | P8: Cardinal | Q8: Décimale | X8: 4.9503
G9: Latitude | I9: 11° | J9: 28.85' | K9: N | L9: + | M9: N | N9: E | O9: 11°28,85 | P9: N | Q9: 11.480833 | X9: 4.9442
G10: Longitude | I10: 023° | J10: 00.59' | K10: W | L10: - | M10: S | N10: W | O10: -23°0,59 | P10: W | Q10: -23.009833 | X10: 4.9501
G11: Prélèvement | I11: Date | J11: 42417 | N11: 11°28,85 | O11: 1 | P11: 2020-02-18T19:04:19z | X11: 4.9503
I12: Heure | J12: 0.79466435 | N12: 23°0,59 | O12: -1 | X12: 4.94794
C13: Données :
C14: Température du laboratoire à la calibration ( t°c ) | Q14: t°c = | R14: 22 | S14: °C
C15: Température du laboratoire au début de la série d'analyses | Q15: t°lab = | R15: 22.2 | S15: °C
C16: Volume moyen de thiosulfate pour la titration à t°c | Q16: Vmoy.titr.t°c = | R16: 4.9479 | S16: mL
C17: Volume moyen de thiosulfate pour la détermination du blanc à t°c | Q17: Vmoy.titr.blanc.t°c = | R17: 0.005 | S17: mL
C18: Masse volumique de l'eau pure à la calibration | O18: ρ = | P18: 0.99777304
C19: Normalite de l'iodate (NIO3) à la température de calibration | O19: N(IO3) = | P19: 0.020003747 | Q19: N
C20: Vol. de la prise d'essai d'iodate (VIO3) à 20°C | O20: V(IO3)20°C = | P20: 5.0112146 | Q20: mL
C21: Vol. de la prise d'essai d'iodate (VIO3) à t°c | O21: V(IO3)t°c= | P21: 5.0113148 | Q21: mL
C22: Volume moyen de thiosulfate pour la titration à 20° C | O22: Vmoy.titr.20°C = | P22: 4.947801 | Q22: mL
C23: Volume moyen de thiosulfate pour la détermination du blanc à 20° C | O23: Vmoy.titr.blanc.20°C = | P23: 0.0049999 | Q23: mL
C24: Normalite de l'iodate (NIO3) à 20°C | O24: N(IO3)20°C = | P24: 0.020012434 | Q24: N
C25: Titre du thiosulfate à 20°C | O25: V(Thio)20°C = | P25: 0.0040397876 | Q25: N
C26: Volume de réactif utilisé | O26: Vreg = | P26: 2.0367937 | Q26: mL
O27: DOreg = | P27: 0.0017
E29: Choix de la série de flacons : | I29: IRD | O29: IRD
O30: LPO
C31: N° | D31: N° des Flacons | E31: T° prélèv. | F31: Volume de thio. | G31: Salinité | H31: Prof. Théorique | I31: Prof. Effective | J31: V. flacons 20°C | K31: A | L31: B | M31: Densité eau de mer à t° | N31: Vol. à t° prél. des flacons | O31: Densité eau pure à t° | P31: Oxygène dissous | T31: NO2 | V31: NO3 + NO2 | X31: NO3 | Z31: Phosphate | AB31: Silicate | AD31: chlorophyll-c3 | AE31: chlorophyll-c1+c2 | AF31: peridinin | AG31: 19'-butanoyloxyfucoxanthin | AH31: fucoxanthine | AI31: neoxanthin | AJ31: prasinoxanthin | AK31: violaxanthin | AL31: 19'-hexanoyloxyfucoxanthin | AM31: diadinoxanthin | AN31: alloxanthin | AO31: diatoxanthin | AP31: zeaxanthin | AQ31: lutein | AR31: divinyl chlorophyll-b | AS31: chlorophyll-b | AT31: total chlorophyll-b | AU31: alpha-carotene | AV31: beta-carotene | AW31: pheophorbide | AX31: divinyl chlorophyll-a | AY31: chlorophyll-a | AZ31: total chlorophyll-a | BA31: pheophytin_a | BB31: crocoxanthin
C33: BTL | E33: °C | F33: ml | H33: m | I33: dbar | J33: ml | P33: DOX1 | R33: DOXY | S33: DOX2 | T33: NTRI | U33: NTIW | V33: NTRZ | W33: NTZW | X33: NTRA | Y33: NTAW | Z33: PHOS | AA33: PHOW | AB33: SLCA | AC33: SLCW | AD33: CHC3 | AE33: CHCZ | AF33: PERP | AG33: BFUP | AH33: FUCP | AI33: NEXW | AJ33: PXAP | AK33: VIOW | AL33: HFUP | AM33: DXAP | AN33: AXAP | AO33: TXAP | AP33: ZXAP | AQ33: LUTW | AR33: CHBD | AS33: CH2P | AT33: CHLB | AU33: AACP | AV33: BBCP | AW33: PHEP | AX33: CHAD | AY33: CH1P | AZ33: CPHL | BA33: PHEA | BB33: CXAP
N34: mL | P34: ml/l | Q34: ml/kg | R34: µmol/l | S34: µmol/kg | T34: µmol/l | U34: µmol/kg | V34: µmol/l | W34: µmol/kg | X34: µmol/l | Y34: µmol/kg | Z34: µmol/l | AA34: µmol/kg | AB34: µmol/l | AC34: µmol/kg | AD34: µg.l-1 | AE34: µg.l-1 | AF34: µg.l-1 | AG34: µg.l-1 | AH34: µg.l-1 | AI34: µg.l-1 | AJ34: µg.l-1 | AK34: µg.l-1 | AL34: µg.l-1 | AM34: µg.l-1 | AN34: µg.l-1 | AO34: µg.l-1 | AP34: µg.l-1 | AQ34: µg.l-1 | AR34: µg.l-1 | AS34: µg.l-1 | AT34: µg.l-1 | AU34: µg.l-1 | AV34: µg.l-1 | AW34: µg.l-1 | AX34: µg.l-1 | AY34: µg.l-1 | AZ34: µg.l-1 | BA34: µg.l-1 | BB34: µg.l-1
A35: 1 | B35: 1 | C35: 1 | D35: 2029 | E35: 5 | F35: 5.3738 | G35: 34.8948 | H35: 4000 | I35: 4061 | J35: 108.87 | K35: 0.00080585473 | L35: -5.254675e-06 | M35: 1.027592 | N35: 108.88622 | O35: 0.99996675 | P35: 5.6937637 | Q35: 5.5408795 | R35: 254.28349 | S35: 247.45568
A36: 1 | B36: 1 | C36: 2 | D36: 2030 | E36: 5.7 | F36: 5.3455 | G36: 34.8931 | H36: 4000 | I36: 4061 | J36: 110.13 | K36: 0.000803517 | L36: -5.195479e-06 | M36: 1.0275063 | N36: 110.1464 | O36: 0.99995175 | P36: 5.5976749 | Q36: 5.4478252 | R36: 249.99216 | S36: 243.29988
A37: 1 | B37: 1 | C37: 3 | D37: 2031 | E37: 5.9 | F37: 5.2209 | G37: 34.88915 | H37: 4000 | I37: 4061 | J37: 107.83 | K37: 0.00080286056 | L37: -5.1788636e-06 | M37: 1.0274781 | N37: 107.84605 | O37: 0.99994609 | P37: 5.5856782 | Q37: 5.4362993 | R37: 249.45639 | S37: 242.78513
A38: 1 | B38: 1 | C38: 4 | D38: 2032 | E38: 6.2 | F38: 5.4049 | G38: 34.89145 | H38: 4000 | I38: 4061 | J38: 111.3 | K38: 0.00080188532 | L38: -5.1541888e-06 | M38: 1.0274413 | N38: 111.31657 | O38: 0.99993647 | P38: 5.5994455 | Q38: 5.4498932 | R38: 250.07124 | S38: 243.39223
A39: 1 | B39: 1 | C39: 5 | D39: 2033 | E39: 6.5 | F39: 5.3765 | G39: 34.8877 | H39: 4000 | I39: 4061 | J39: 110.79 | K39: 0.0008009213 | L39: -5.1298118e-06 | M39: 1.0273988 | N39: 110.80649 | O39: 0.99992551 | P39: 5.5960612 | Q39: 5.4468248 | R39: 249.92009 | S39: 243.2552
A40: 1 | B40: 1 | C40: 6 | D40: 2034 | E40: 7.1 | F40: 5.2995 | G40: 34.89145 | H40: 4000 | I40: 4061 | J40: 109.25 | K40: 0.00079902648 | L40: -5.0819514e-06 | M40: 1.0273196 | N40: 109.26627 | O40: 0.99989959 | P40: 5.594917 | Q40: 5.446131 | R40: 249.86899 | S40: 243.22421
A41: 1 | B41: 1 | C41: 7 | D41: 2035 | E41: 7.3 | F41: 5.3494 | G41: 34.8912 | H41: 4000 | I41: 4061 | J41: 110.1 | K41: 0.0007984046 | L41: -5.0662626e-06 | M41: 1.0272911 | N41: 110.1164 | O41: 0.99988979 | P41: 5.6033257 | Q41: 5.4544672 | R41: 250.24453 | S41: 243.59651
A42: 1 | B42: 1 | C42: 8 | D42: 2036 | E42: 7.5 | F42: 5.3327 | G42: 34.8911 | H42: 4000 | I42: 4061 | J42: 109.39 | K42: 0.00079778753 | L42: -5.0507063e-06 | M42: 1.0272623 | N42: 109.40629 | O42: 0.9998794 | P42: 5.6227259 | Q42: 5.4735054 | R42: 251.11094 | S42: 244.44675
A43: 1 | B43: 1 | C43: 9 | D43: 2037 | E43: 7.9 | F43: 5.3621 | G43: 34.89025 | H43: 4000 | I43: 4061 | J43: 110.47 | K43: 0.00079656768 | L43: -5.0199906e-06 | M43: 1.0272029 | N43: 110.48645 | O43: 0.9998569 | P43: 5.597501 | Q43: 5.449265 | R43: 249.98439 | S43: 243.36418
A44: 1 | B44: 1 | C44: 10 | D44: 2038 | E44: 8.5 | F44: 5.4078 | G44: 34.888 | H44: 4000 | I44: 4061 | J44: 111.51 | K44: 0.00079477317 | L44: -4.9749099e-06 | M44: 1.0271098 | N44: 111.5266 | O44: 0.9998189 | P44: 5.5917115 | Q44: 5.4441222 | R44: 249.72583 | S44: 243.1345
A45: 1 | B45: 1 | C45: 11 | D45: 2039 | E45: 8.5 | F45: 5.4233 | G45: 34.88947 | H45: 4000 | I45: 4061 | J45: 111.47 | K45: 0.00079477317 | L45: -4.9749099e-06 | M45: 1.027111 | N45: 111.4866 | O45: 0.9998189 | P45: 5.6098332 | Q45: 5.4617595 | R45: 250.53515 | S45: 243.92218
A46: 1 | B46: 1 | C46: 12 | D46: 2040 | E46: 9 | F46: 5.3343 | G46: 34.889 | H46: 4000 | I46: 4061 | J46: 110.01 | K46: 0.00079330954 | L46: -4.9382526e-06 | M46: 1.0270316 | N46: 110.02638 | O46: 0.99978339 | P46: 5.5921216 | Q46: 5.4449362 | R46: 249.74415 | S46: 243.17085
... A54: 1 | B54: 1 | C54: 20 | D54: 2049 | E54: 10.1 | F54: 5.2529 | G54: 34.89185 | H54: 4000 | I54: 4061 | J54: 106.87 | K54: 0.00079018885 | L54: -4.8605187e-06 | M54: 1.0268508 | N54: 106.88591 | O54: 0.99969321 | P54: 5.6714779 | Q54: 5.5231763 | R54: 253.2882 | S54: 246.66505
A55: 1 | B55: 0 | C55: 21 | I55: 4061
A56: 1 | B56: 0 | C56: 22
A57: 1 | B57: 0 | C57: 23
A58: 1 | B58: 0 | C58: 24
D61: Profils des mesures en profondeur
V66: 243.57953 | Y66: 34.890521
V67: 0.99517507 | Y67: 0.0015027092 | AA67: salinité
V69: 5.6084216 | Z69: moyenne - 2 ecartype | AA69: moyenne | AB69: moyenne + 2 ecartype
V70: 0.029937961 | Y70: 0 | Z70: 34.887515 | AA70: 34.890521 | AB70: 34.893526
Y71: 20 | Z71: 34.887515 | AA71: 34.890521 | AB71: 34.893526
AA74: oxygène
Z75: moyenne - 2 ecartype | AA75: moyenne | AB75: moyenne + 2 ecartype
Y76: 0 | Z76: 241.58918 | AA76: 243.57953 | AB76: 245.56988
Y77: 20 | Z77: 241.58918 | AA77: 243.57953 | AB77: 245.56988

Sheet 002_01
C2: Campagne : | F2: PIRATA-FR30
C4: Données de campagne
C6: N° de station : | F6: 2 | H6: N° de palanquée : | P6: 1 | R6: Date d'analyse : | T6: 42419
W7: 4.9458
G8: Position | I8: Degrés | J8: Minutes | P8: Cardinal | Q8: Décimale | W8: 4.9434
G9: Latitude | I9: 09° | J9: 59.99' | K9: N | L9: + | M9: N | N9: E | O9: 9°59,99 | P9: N | Q9: 9.9998333 | W9: 4.9453
G10: Longitude | I10: 021° | J10: 16.94' | K10: W | L10: - | M10: S | N10: W | O10: -21°16,94 | P10: W | Q10: -21.282333 | W10: 4.9485
G11: Prélèvement | I11: Date | J11: 42418 | N11: 9°59,99 | O11: 1 | P11: 2020-02-19T11:47:28z | W11: 4.9513
I12: Heure | J12: 0.4912963 | N12: 21°16,94 | O12: -1 | W12: 4.94686
C13: Données :
C14: Température du laboratoire à la calibration ( t°c ) | Q14: t°c = | R14: 23.5 | S14: °C
C15: Température du laboratoire au début de la série d'analyses | Q15: t°lab = | R15: 23.5 | S15: °C
C16: Volume moyen de thiosulfate pour la titration à t°c | Q16: Vmoy.titr.t°c = | R16: 4.9469 | S16: mL
C17: Volume moyen de thiosulfate pour la détermination du blanc à t°c | Q17: Vmoy.titr.blanc.t°c = | R17: 0.005 | S17: mL
C18: Masse volumique de l'eau pure à la calibration | O18: ρ = | P18: 0.99742152
C19: Normalite de l'iodate (NIO3) à la température de calibration | O19: N(IO3) = | P19: 0.0199967 | Q19: N
C20: Vol. de la prise d'essai d'iodate (VIO3) à 20°C | O20: V(IO3)20°C = | P20: 5.0112146 | Q20: mL
C21: Vol. de la prise d'essai d'iodate (VIO3) à t°c | O21: V(IO3)t°c= | P21: 5.01139 | Q21: mL
C22: Volume moyen de thiosulfate pour la titration à 20° C | O22: Vmoy.titr.20°C = | P22: 4.9467269 | Q22: mL
C23: Volume moyen de thiosulfate pour la détermination du blanc à 20° C | O23: Vmoy.titr.blanc.20°C = | P23: 0.004999825 | Q23: mL
C24: Normalite de l'iodate (NIO3) à 20°C | O24: N(IO3)20°C = | P24: 0.020012434 | Q24: N
C25: Titre du thiosulfate à 20°C | O25: V(Thio)20°C = | P25: 0.0040392421 | Q25: N
C26: Volume de réactif utilisé | O26: Vreg = | P26: 2.0367937 | Q26: mL
O27: DOreg = | P27: 0.0017
E29: Choix de la série de flacons : | I29: IRD | O29: IRD
O30: LPO
C31: N° | D31: N° des Flacons | E31: T° prélèv. | F31: Volume de thio. | G31: Salinité | H31: Prof. Théorique | I31: Prof. Effective | J31: V. flacons 20°C | K31: A | L31: B | M31: Densité eau de mer à t° | N31: Vol. à t° prél. des flacons | O31: Densité eau pure à t° | P31: Oxygène dissous | T31: NO2 | V31: NO3 + NO2 | X31: NO3 | Z31: Phosphate | AB31: Silicate | AD31: chlorophyll-c3 | AE31: chlorophyll-c1+c2 | AF31: peridinin | AG31: 19'-butanoyloxyfucoxanthin | AH31: fucoxanthine | AI31: neoxanthin | AJ31: prasinoxanthin | AK31: violaxanthin | AL31: 19'-hexanoyloxyfucoxanthin | AM31: diadinoxanthin | AN31: alloxanthin | AO31: diatoxanthin | AP31: zeaxanthin | AQ31: lutein | AR31: divinyl chlorophyll-b | AS31: chlorophyll-b | AT31: total chlorophyll-b | AU31: alpha-carotene | AV31: beta-carotene | AW31: pheophorbide | AX31: divinyl chlorophyll-a | AY31: chlorophyll-a | AZ31: total chlorophyll-a | BA31: pheophytin_a | BB31: crocoxanthin
C33: BTL | E33: °C | F33: ml | H33: m | I33: dbar | J33: ml | P33: DOX1 | R33: DOXY | S33: DOX2 | T33: NTRI | U33: NTIW | V33: NTRZ | W33: NTZW | X33: NTRA | Y33: NTAW | Z33: PHOS | AA33: PHOW | AB33: SLCA | AC33: SLCW | AD33: CHC3 | AE33: CHCZ | AF33: PERP | AG33: BFUP | AH33: FUCP | AI33: NEXW | AJ33: PXAP | AK33: VIOW | AL33: HFUP | AM33: DXAP | AN33: AXAP | AO33: TXAP | AP33: ZXAP | AQ33: LUTW | AR33: CHBD | AS33: CH2P | AT33: CHLB | AU33: AACP | AV33: BBCP | AW33: PHEP | AX33: CHAD | AY33: CH1P | AZ33: CPHL | BA33: PHEA | BB33: CXAP
N34: mL | P34: ml/l | Q34: ml/kg | R34: µmol/l | S34: µmol/kg | T34: µmol/l | U34: µmol/kg | V34: µmol/l | W34: µmol/kg | X34: µmol/l | Y34: µmol/kg | Z34: µmol/l | AA34: µmol/kg | AB34: µmol/l | AC34: µmol/kg | AD34: µg.l-1 | AE34: µg.l-1 | AF34: µg.l-1 | AG34: µg.l-1 | AH34: µg.l-1 | AI34: µg.l-1 | AJ34: µg.l-1 | AK34: µg.l-1 | AL34: µg.l-1 | AM34: µg.l-1 | AN34: µg.l-1 | AO34: µg.l-1 | AP34: µg.l-1 | AQ34: µg.l-1 | AR34: µg.l-1 | AS34: µg.l-1 | AT34: µg.l-1 | AU34: µg.l-1 | AV34: µg.l-1 | AW34: µg.l-1 | AX34: µg.l-1 | AY34: µg.l-1 | AZ34: µg.l-1 | BA34: µg.l-1 | BB34: µg.l-1
A35: 1 | B35: 1 | C35: 1 | D35: 2075 | E35: 9.1 | F35: 2.8476 | G35: 34.76895 | H35: 1000 | I35: 1000 | J35: 110.99771 | K35: 0.00079302024 | L35: -4.9310204e-06 | M35: 1.0269215 | N35: 111.0141 | O35: 0.99977587 | P35: 2.9504301 | Q35: 2.8730825 | R35: 131.76621 | S35: 128.31187
A36: 1 | B36: 1 | C36: 2 | D36: 2076 | E36: 9.4 | F36: 2.7254 | G36: 34.7657 | H36: 1000 | I36: 1001 | J36: 106.39863 | K36: 0.00079215911 | L36: -4.9095225e-06 | M36: 1.02687 | N36: 106.41434 | O36: 0.9997525 | P36: 2.9475529 | Q36: 2.8704245 | R36: 131.63771 | S36: 128.19316
A37: 1 | B37: 0 | C37: 3 | H37: 750 | I37: 755
A38: 1 | B38: 1 | C38: 4 | D38: 2077 | E38: 12.6 | F38: 1.0343 | G38: 35.00795 | H38: 500 | I38: 505 | J38: 117.65506 | K38: 0.0007835817 | L38: -4.6987423e-06 | M38: 1.0264793 | N38: 117.67272 | O38: 0.99942888 | P38: 1.0004861 | Q38: 0.97467731 | R38: 44.681709 | S38: 43.529089
A39: 1 | B39: 0 | C39: 5 | H39: 250 | I39: 252 | AD39: -9999.9999 | AE39: -9999.9999 | AF39: -9999.9999 | AG39: -9999.9999 | AH39: -9999.9999 | AI39: -9999.9999 | AJ39: -9999.9999 | AK39: -9999.9999 | AL39: -9999.9999 | AM39: -9999.9999 | AN39: -9999.9999 | AO39: -9999.9999 | AP39: -9999.9999 | AQ39: -9999.9999 | AR39: -9999.9999 | AS39: -9999.9999 | AT39: -9999.9999 | AU39: -9999.9999 | AV39: -9999.9999 | AW39: -9999.9999 | AX39: -9999.9999 | AY39: -9999.9999 | AZ39: -9999.9999 | BA39: -9999.9999 | BB39: ND
A40: 1 | B40: 1 | C40: 6 | D40: 2078 | E40: 16.6 | F40: 2.3077 | G40: 35.4682 | H40: 100 | I40: 101 | J40: 110.09049 | K40: 0.00077430072 | L40: -4.4829196e-06 | M40: 1.0259694 | N40: 110.10752 | O40: 0.99884548 | P40: 2.4080792 | Q40: 2.3471258 | R40: 107.54482 | S40: 104.82264 | AD40: 0.0121 | AE40: 0.0046 | AF40: 0.0017 | AG40: 0.0113 | AH40: 0.0073 | AI40: -9999.9999 | AJ40: -9999.9999 | AK40: -9999.9999 | AL40: 0.0226 | AM40: 0.0016 | AN40: -9999.9999 | AO40: -9999.9999 | AP40: 0.0015 | AQ40: -9999.9999 | AR40: 0.0034 | AS40: 0.008 | AT40: 0.0114 | AU40: 0.0026 | AV40: -9999.9999 | AW40: -9999.9999 | AX40: 0.0023 | AY40: 0.0404 | AZ40: 0.0427 | BA40: 0.0032 | BB40: ND
A41: 1 | B41: 0 | C41: 7 | H41: 90 | I41: 91 | AD41: 0.0153 | AE41: 0.0056 | AF41: 0.0043 | AG41: 0.0111 | AH41: 0.0105 | AI41: 0.001 | AJ41: 0.0011 | AK41: -9999.9999 | AL41: 0.0263 | AM41: 0.002 | AN41: 0.0013 | AO41: -9999.9999 | AP41: 0.0026 | AQ41: -9999.9999 | AR41: 0.0044 | AS41: 0.01 | AT41: 0.0144 | AU41: 0.0042 | AV41: -9999.9999 | AW41: -9999.9999 | AX41: 0.0029 | AY41: 0.0514 | AZ41: 0.0543 | BA41: 0.004 | BB41: ND
A42: 1 | B42: 1 | C42: 8 | D42: 2079 | E42: 17.1 | F42: 2.2299 | G42: 35.5252 | H42: 80 | I42: 81 | J42: 107.71659 | K42: 0.00077324407 | L42: -4.4596646e-06 | M42: 1.0258946 | N42: 107.73331 | O42: 0.99875946 | P42: 2.3786154 | Q42: 2.3185769 | R42: 106.22896 | S42: 103.54764 | AD42: 0.0164 | AE42: 0.0076 | AF42: 0.005 | AG42: 0.0124 | AH42: 0.0118 | AI42: 0.0013 | AJ42: -9999.9999 | AK42: -9999.9999 | AL42: 0.0295 | AM42: 0.0023 | AN42: 0.0012 | AO42: -9999.9999 | AP42: 0.0029 | AQ42: -9999.9999 | AR42: 0.0039 | AS42: 0.0143 | AT42: 0.0182 | AU42: 0.004 | AV42: -9999.9999 | AW42: -9999.9999 | AX42: 0.0034 | AY42: 0.0593 | AZ42: 0.0627 | BA42: 0.0035 | BB42: ND
A43: 1 | B43: 0 | C43: 9 | H43: 70 | I43: 70 | AD43: 0.0245 | AE43: 0.0127 | AF43: 0.01 | AG43: 0.0207 | AH43: 0.0192 | AI43: 0.0022 | AJ43: 0.0014 | AK43: -9999.9999 | AL43: 0.0405 | AM43: 0.0035 | AN43: 0.0023 | AO43: -9999.9999 | AP43: 0.0045 | AQ43: -9999.9999 | AR43: 0.0072 | AS43: 0.0198 | AT43: 0.027 | AU43: 0.0068 | AV43: -9999.9999 | AW43: -9999.9999 | AX43: 0.0059 | AY43: 0.0928 | AZ43: 0.0987 | BA43: 0.0051 | BB43: ND
A44: 1 | B44: 1 | C44: 10 | D44: 2080 | E44: 18 | F44: 2.2364 | G44: 35.6243 | H44: 60 | I44: 60 | J44: 108.72896 | K44: 0.00077139679 | L44: -4.4198904e-06 | M44: 1.0257514 | N44: 108.74594 | O44: 0.99859758 | P44: 2.3629577 | Q44: 2.3036358 | R44: 105.52969 | S44: 102.88038 | AD44: 0.0269 | AE44: 0.0161 | AF44: 0.0118 | AG44: 0.0204 | AH44: 0.0243 | AI44: 0.0024 | AJ44: 0.0018 | AK44: 0.0007 | AL44: 0.0428 | AM44: 0.0039 | AN44: 0.0032 | AO44: -9999.9999 | AP44: 0.0048 | AQ44: -9999.9999 | AR44: 0.0101 | AS44: 0.0225 | AT44: 0.0326 | AU44: 0.007 | AV44: -9999.9999 | AW44: 0.0039 | AX44: 0.0076 | AY44: 0.1103 | AZ44: 0.1179 | BA44: 0.0046 | BB44: ND
A45: 1 | B45: 0 | C45: 11 | H45: 50 | I45: 51 | AD45: 0.0261 | AE45: 0.0208 | AF45: 0.019 | AG45: 0.021 | AH45: 0.0236 | AI45: 0.0062 | AJ45: 0.0028 | AK45: 0.0015 | AL45: 0.0499 | AM45: 0.0051 | AN45: 0.0051 | AO45: -9999.9999 | AP45: 0.0086 | AQ45: -9999.9999 | AR45: 0.0088 | AS45: 0.0427 | AT45: 0.0515 | AU45: 0.0113 | AV45: -9999.9999 | AW45: 0.0043 | AX45: 0.0134 | AY45: 0.1425 | AZ45: 0.1559 | BA45: 0.0057 | BB45: ND
A46: 1 | B46: 1 | C46: 12 | D46: 2081 | E46: 22 | F46: 4.3827 | G46: 35.8238 | H46: 40 | I46: 41 | J46: 119.40087 | K46: 0.00076399216 | L46: -4.2755464e-06 | M46: 1.0248454 | N46: 119.41976 | O46: 0.99777304 | P46: 4.2236765 | Q46: 4.1212815 | R46: 188.62939 | S46: 184.05643 | AD46: 0.0567 | AE46: 0.0686 | AF46: 0.0424 | AG46: 0.0611 | AH46: 0.0384 | AI46: 0.0129 | AJ46: 0.0076 | AK46: 0.0058 | AL46: 0.1809 | AM46: 0.0266 | AN46: 0.0136 | AO46: 0.0046 | AP46: 0.0183 | AQ46: 0.003 | AR46: -9999.9999 | AS46: 0.115 | AT46: 0.115 | AU46: -9999.9999 | AV46: 0.0215 | AW46: -9999.9999 | AX46: 0.0148 | AY46: 0.4565 | AZ46: 0.4713 | BA46: 0.0076 | BB46: ND
A47: 1 | B47: 0 | C47: 13 | H47: 30 | I47: 30 | AD47: 0.0095 | AE47: 0.0177 | AF47: 0.0147 | AG47: 0.0109 | AH47: 0.0076 | AI47: -9999.9999 | AJ47: -9999.9999 | AK47: 0.0019 | AL47: 0.0411 | AM47: 0.0124 | AN47: 0.0024 | AO47: 0.0013 | AP47: 0.0172 | AQ47: -9999.9999 | AR47: -9999.9999 | AS47: 0.0137 | AT47: 0.0137 | AU47: -9999.9999 | AV47: 0.0088 | AW47: -9999.9999 | AX47: 0.0104 | AY47: 0.1206 | AZ47: 0.131 | BA47: 0.0019 | BB47: ND
A48: 1 | B48: 1 | C48: 14 | D48: 2082 | E48: 26.1 | F48: 4.5628 | G48: 35.86535 | H48: 20 | I48: 20 | J48: 111.17907 | K48: 0.00075765471 | L48: -4.1825431e-06 | M48: 1.023657 | N48: 111.19671 | O48: 0.99676036 | P48: 4.7291339 | Q48: 4.6198422 | R48: 211.20312 | S48: 206.32215 | AD48: 0.0048 | AE48: 0.0065 | AF48: 0.0062 | AG48: 0.0029 | AH48: 0.0059 | AI48: -9999.9999 | AJ48: -9999.9999 | AK48: 0.0019 | AL48: 0.021 | AM48: 0.0085 | AN48: 0.0008 | AO48: 0.0015 | AP48: 0.0132 | AQ48: -9999.9999 | AR48: -9999.9999 | AS48: 0.0071 | AT48: 0.0071 | AU48: -9999.9999 | AV48: 0.0058 | AW48: -9999.9999 | AX48: 0.0059 | AY48: 0.0659 | AZ48: 0.0718 | BA48: 0.0014 | BB48: ND
A49: 1 | B49: 1 | C49: 15 | D49: 2083 | E49: 26.3 | F49: 4.4775 | G49: 35.8649 | H49: 10 | I49: 10 | J49: 109.43019 | K49: 0.00075737566 | L49: -4.1794293e-06 | M49: 1.0235938 | N49: 109.44755 | O49: 0.99670685 | P49: 4.7159984 | Q49: 4.6072947 | R49: 210.61649 | S49: 205.76178 | AD49: 0.0036 | AE49: 0.0053 | AF49: 0.0048 | AG49: 0.0025 | AH49: 0.0069 | AI49: -9999.9999 | AJ49: -9999.9999 | AK49: 0.0021 | AL49: 0.0164 | AM49: 0.011 | AN49: 0.0008 | AO49: 0.0029 | AP49: 0.0189 | AQ49: -9999.9999 | AR49: -9999.9999 | AS49: 0.0046 | AT49: 0.0046 | AU49: -9999.9999 | AV49: 0.0084 | AW49: 0.002 | AX49: 0.0062 | AY49: 0.0685 | AZ49: 0.0747 | BA49: 0.0016 | BB49: ND
A50: 1 | B50: 0 | C50: 16 | H50: 5 | I50: 5 | AD50: 0.004 | AE50: 0.0058 | AF50: 0.0056 | AG50: 0.0025 | AH50: 0.0071 | AI50: -9999.9999 | AJ50: -9999.9999 | AK50: 0.0022 | AL50: 0.0163 | AM50: 0.0115 | AN50: 0.0009 | AO50: 0.002 | AP50: 0.0198 | AQ50: -9999.9999 | AR50: -9999.9999 | AS50: 0.0047 | AT50: 0.0047 | AU50: -9999.9999 | AV50: 0.0081 | AW50: 0.0041 | AX50: 0.0081 | AY50: 0.0667 | AZ50: 0.0748 | BA50: 0.0017 | BB50: ND
A51: 1 | B51: 1 | C51: 17 | D51: 2084 | E51: 26.3 | F51: 4.4761 | G51: 35.86205 | H51: 0 | I51: 2 | J51: 109.28312 | K51: 0.00075737566 | L51: -4.1794293e-06 | M51: 1.0235917 | N51: 109.30045 | O51: 0.99670685 | P51: 4.7209842 | Q51: 4.6121753 | R51: 210.83916 | S51: 205.97975 | AD51: 0.0034 | AE51: 0.0051 | AF51: 0.0053 | AG51: 0.0022 | AH51: 0.0057 | AI51: -9999.9999 | AJ51: -9999.9999 | AK51: 0.0021 | AL51: 0.0147 | AM51: 0.0104 | AN51: 0.0007 | AO51: 0.0027 | AP51: 0.0191 | AQ51: -9999.9999 | AR51: -9999.9999 | AS51: 0.0041 | AT51: 0.0041 | AU51: -9999.9999 | AV51: 0.0082 | AW51: -9999.9999 | AX51: 0.0077 | AY51: 0.0614 | AZ51: 0.0691 | BA51: 0.0024 | BB51: ND
A52: 1 | B52: 0 | C52: 18
A53: 1 | B53: 0 | C53: 19
A54: 1 | B54: 0 | C54: 20
A55: 1 | B55: 0 | C55: 21
A56: 1 | B56: 0 | C56: 22

Sheet 003_01
C2: Campagne : | F2: PIRATA-FR30
C4: Données de campagne
C6: N° de station : | F6: 3 | H6: N° de palanquée : | P6: 1 | R6: Date d'analyse : | T6: 42419
G8: Position | I8: Degrés | J8: Minutes | P8: Cardinal | Q8: Décimale
G9: Latitude | I9: 09° | J9: 00.06' | K9: N | L9: + | M9: N | N9: E | O9: 9°0,06 | P9: N | Q9: 9.001
G10: Longitude | I10: 020° | J10: 06.92' | K10: W | L10: - | M10: S | N10: W | O10: -20°6,92 | P10: W | Q10: -20.115333
G11: Prélèvement | I11: Date | J11: 42418 | N11: 9°0,06 | O11: 1 | P11: 2020-02-19T21:45:54z
I12: Heure | J12: 0.906875 | N12: 20°6,92 | O12: -1
C13: Données :
C14: Température du laboratoire à la calibration ( t°c ) | Q14: t°c = | R14: 23.5 | S14: °C
C15: Température du laboratoire au début de la série d'analyses | Q15: t°lab = | R15: 24.1 | S15: °C
C16: Volume moyen de thiosulfate pour la titration à t°c | Q16: Vmoy.titr.t°c = | R16: 4.9469 | S16: mL
C17: Volume moyen de thiosulfate pour la détermination du blanc à t°c | Q17: Vmoy.titr.blanc.t°c = | R17: 0.005 | S17: mL
C18: Masse volumique de l'eau pure à la calibration | O18: ρ = | P18: 0.99742152
C19: Normalite de l'iodate (NIO3) à la température de calibration | O19: N(IO3) = | P19: 0.0199967 | Q19: N
C20: Vol. de la prise d'essai d'iodate (VIO3) à 20°C | O20: V(IO3)20°C = | P20: 5.0112146 | Q20: mL
C21: Vol. de la prise d'essai d'iodate (VIO3) à t°c | O21: V(IO3)t°c= | P21: 5.01139 | Q21: mL
C22: Volume moyen de thiosulfate pour la titration à 20° C | O22: Vmoy.titr.20°C = | P22: 4.9467269 | Q22: mL
C23: Volume moyen de thiosulfate pour la détermination du blanc à 20° C | O23: Vmoy.titr.blanc.20°C = | P23: 0.004999825 | Q23: mL
C24: Normalite de l'iodate (NIO3) à 20°C | O24: N(IO3)20°C = | P24: 0.020012434 | Q24: N
C25: Titre du thiosulfate à 20°C | O25: V(Thio)20°C = | P25: 0.0040392421 | Q25: N
C26: Volume de réactif utilisé | O26: Vreg = | P26: 2.0367937 | Q26: mL
O27: DOreg = | P27: 0.0017
E29: Choix de la série de flacons : | I29: IRD | O29: IRD
O30: LPO
C31: N° | D31: N° des Flacons | E31: T° prélèv. | F31: Volume de thio. | G31: Salinité | H31: Prof. Théorique | I31: Prof. Effective | J31: V. flacons 20°C | K31: A | L31: B | M31: Densité eau de mer à t° | N31: Vol. à t° prél. des flacons | O31: Densité eau pure à t° | P31: Oxygène dissous | T31: NO2 | V31: NO3 + NO2 | X31: NO3 | Z31: Phosphate | AB31: Silicate | AD31: chlorophyll-c3 | AE31: chlorophyll-c1+c2 | AF31: peridinin | AG31: 19'-butanoyloxyfucoxanthin | AH31: fucoxanthine | AI31: neoxanthin | AJ31: prasinoxanthin | AK31: violaxanthin | AL31: 19'-hexanoyloxyfucoxanthin | AM31: diadinoxanthin | AN31: alloxanthin | AO31: diatoxanthin | AP31: zeaxanthin | AQ31: lutein | AR31: divinyl chlorophyll-b | AS31: chlorophyll-b | AT31: total chlorophyll-b | AU31: alpha-carotene | AV31: beta-carotene | AW31: pheophorbide | AX31: divinyl chlorophyll-a | AY31: chlorophyll-a | AZ31: total chlorophyll-a | BA31: pheophytin_a | BB31: crocoxanthin
C33: BTL | E33: °C | F33: ml | H33: m | I33: dbar | J33: ml | P33: DOX1 | R33: DOXY | S33: DOX2 | T33: NTRI | U33: NTIW | V33: NTRZ | W33: NTZW | X33: NTRA | Y33: NTAW | Z33: PHOS | AA33: PHOW | AB33: SLCA | AC33: SLCW | AD33: CHC3 | AE33: CHCZ | AF33: PERP | AG33: BFUP | AH33: FUCP | AI33: NEXW | AJ33: PXAP | AK33: VIOW | AL33: HFUP | AM33: DXAP | AN33: AXAP | AO33: TXAP | AP33: ZXAP | AQ33: LUTW | AR33: CHBD | AS33: CH2P | AT33: CHLB | AU33: AACP | AV33: BBCP | AW33: PHEP | AX33: CHAD | AY33: CH1P | AZ33: CPHL | BA33: PHEA | BB33: CXAP
N34: mL | P34: ml/l | Q34: ml/kg | R34: µmol/l | S34: µmol/kg | T34: µmol/l | U34: µmol/kg | V34: µmol/l | W34: µmol/kg | X34: µmol/l | Y34: µmol/kg | Z34: µmol/l | AA34: µmol/kg | AB34: µmol/l | AC34: µmol/kg | AD34: µg.l-1 | AE34: µg.l-1 | AF34: µg.l-1 | AG34: µg.l-1 | AH34: µg.l-1 | AI34: µg.l-1 | AJ34: µg.l-1 | AK34: µg.l-1 | AL34: µg.l-1 | AM34: µg.l-1 | AN34: µg.l-1 | AO34: µg.l-1 | AP34: µg.l-1 | AQ34: µg.l-1 | AR34: µg.l-1 | AS34: µg.l-1 | AT34: µg.l-1 | AU34: µg.l-1 | AV34: µg.l-1 | AW34: µg.l-1 | AX34: µg.l-1 | AY34: µg.l-1 | AZ34: µg.l-1 | BA34: µg.l-1 | BB34: µg.l-1
A35: 1 | B35: 1 | C35: 1 | D35: 3196 | E35: 8.6 | F35: 2.9299 | G35: 34.76315 | H35: 1000 | I35: 1007 | J35: 117.25 | K35: 0.00079447815 | L35: -4.9675122e-06 | M35: 1.0269963 | N35: 117.26731 | O35: 0.99981208 | P35: 2.8713944 | Q35: 2.795915 | R35: 128.23648 | S35: 124.86556
A36: 1 | B36: 1 | C36: 2 | D36: 3198 | E36: 9.4 | F36: 1.0514 | G36: 34.7342 | H36: 750 | I36: 758 | J36: 117.21 | K36: 0.00079215911 | L36: -4.9095225e-06 | M36: 1.0268454 | N36: 117.22727 | O36: 0.9997525 | P36: 1.0212064 | Q36: 0.99450844 | R36: 45.607078 | S36: 44.414747
A37: 1 | B37: 1 | C37: 3 | D37: 3199 | E37: 9.5 | F37: 2.086 | G37: 34.7331 | H37: 750 | I37: 760 | J37: 119.84 | K37: 0.00079187431 | L37: -4.9024226e-06 | M37: 1.026828 | N37: 119.85766 | O37: 0.99974443 | P37: 1.9952024 | Q37: 1.9430736 | R37: 89.105739 | S37: 86.777667
A38: 1 | B38: 1 | C38: 4 | D38: 3200 | E38: 11.6 | F38: 1.0873 | G38: 34.9702 | H38: 500 | I38: 503 | J38: 118.34 | K38: 0.00078614598 | L38: -4.760971e-06 | M38: 1.0266422 | N38: 118.35772 | O38: 0.99954428 | P38: 1.0463162 | Q38: 1.0191634 | R38: 46.72848 | S38: 45.515836
A39: 1 | B39: 0 | C39: 5 | H39: 250 | I39: 251 | AD39: 0.01 | AE39: 0.0047 | AF39: 0.0027 | AG39: 0.0086 | AH39: 0.0046 | AI39: -9999.9999 | AJ39: 0.0009 | AK39: -9999.9999 | AL39: 0.0234 | AM39: 0.0013 | AN39: -9999.9999 | AO39: -9999.9999 | AP39: 0.0012 | AQ39: -9999.9999 | AR39: 0.0026 | AS39: 0.007 | AT39: =AS39+AR39 -> 0.0096 | AU39: 0.0021 | AV39: -9999.9999 | AW39: -9999.9999 | AX39: -9999.9999 | AY39: 0.0312 | AZ39: =AY39 -> 0.0312 | BA39: -9999.9999 | BB39: ND
A40: 1 | B40: 1 | C40: 6 | D40: 3201 | E40: 16.7 | F40: 1.9186 | G40: 35.5964 | H40: 100 | I40: 101 | J40: 120.41 | K40: 0.00077408763 | L40: -4.4782024e-06 | M40: 1.0260444 | N40: 120.42878 | O40: 0.9988285 | P40: 1.8250725 | Q40: 1.7787462 | R40: 81.507739 | S40: 79.438807 | AD40: 0.0122 | AE40: 0.0054 | AF40: 0.0018 | AG40: 0.0105 | AH40: 0.0054 | AI40: -9999.9999 | AJ40: 0.0009 | AK40: -9999.9999 | AL40: 0.0275 | AM40: 0.0015 | AN40: -9999.9999 | AO40: -9999.9999 | AP40: 0.0009 | AQ40: -9999.9999 | AR40: 0.0029 | AS40: 0.0066 | AT40: =AS40+AR40 -> 0.0095 | AU40: 0.0021 | AV40: -9999.9999 | AW40: -9999.9999 | AX40: -9999.9999 | AY40: 0.036 | AZ40: =AY40 -> 0.036 | BA40: -9999.9999 | BB40: ND
A41: 1 | B41: 0 | C41: 7 | H41: 90 | I41: 91 | AD41: 0.0155 | AE41: 0.0078 | AF41: 0.0022 | AG41: 0.0161 | AH41: 0.0082 | AI41: -9999.9999 | AJ41: 0.0011 | AK41: -9999.9999 | AL41: 0.0325 | AM41: 0.002 | AN41: -9999.9999 | AO41: -9999.9999 | AP41: 0.0013 | AQ41: -9999.9999 | AR41: 0.0055 | AS41: 0.008 | AT41: =AS41+AR41 -> 0.0135 | AU41: 0.0036 | AV41: -9999.9999 | AW41: -9999.9999 | AX41: 0.0043 | AY41: 0.0509 | AZ41: =AX41+AY41 -> 0.0552 | BA41: -9999.9999 | BB41: ND
A42: 1 | B42: 1 | C42: 8 | D42: 3204 | E42: 17.1 | F42: 1.8762 | G42: 35.6266 | H42: 80 | I42: 81 | J42: 118.41 | K42: 0.00077324407 | L42: -4.4596646e-06 | M42: 1.0259724 | N42: 118.4285 | O42: 0.99875946 | P42: 1.8150855 | Q42: 1.7691367 | R42: 81.061717 | S42: 79.009646 | AD42: 0.0233 | AE42: 0.0141 | AF42: 0.0041 | AG42: 0.0251 | AH42: 0.0129 | AI42: 0.0014 | AJ42: 0.0014 | AK42: 0.0009 | AL42: 0.0457 | AM42: 0.0031 | AN42: 0.0008 | AO42: -9999.9999 | AP42: 0.0017 | AQ42: -9999.9999 | AR42: 0.0083 | AS42: 0.0109 | AT42: =AS42+AR42 -> 0.0192 | AU42: 0.006 | AV42: -9999.9999 | AW42: -9999.9999 | AX42: 0.0067 | AY42: 0.0794 | AZ42: =AX42+AY42 -> 0.0861 | BA42: 0.0017 | BB42: ND
A43: 1 | B43: 0 | C43: 9 | H43: 70 | I43: 71 | AD43: 0.0417 | AE43: 0.0283 | AF43: 0.0081 | AG43: 0.0493 | AH43: 0.024 | AI43: 0.0045 | AJ43: 0.0032 | AK43: 0.0015 | AL43: 0.0816 | AM43: 0.0065 | AN43: 0.0032 | AO43: -9999.9999 | AP43: 0.0046 | AQ43: -9999.9999 | AR43: 0.0116 | AS43: 0.0306 | AT43: =AS43+AR43 -> 0.0422 | AU43: 0.0099 | AV43: -9999.9999 | AW43: -9999.9999 | AX43: 0.0164 | AY43: 0.183 | AZ43: =AX43+AY43 -> 0.1994 | BA43: 0.0019 | BB43: ND
A44: 1 | B44: 1 | C44: 10 | D44: 3206 | E44: 18.7 | F44: 2.1415 | G44: 35.7487 | H44: 60 | I44: 61 | J44: 117.45 | K44: 0.00077000759 | L44: -4.3908081e-06 | M44: 1.0256712 | N44: 117.4685 | O44: 0.99846553 | P44: 2.091077 | Q44: 2.03874 | R44: 93.3875 | S44: 91.05013 | AD44: 0.075 | AE44: 0.0641 | AF44: 0.034 | AG44: 0.0822 | AH44: 0.0379 | AI44: 0.0206 | AJ44: 0.005 | AK44: 0.0069 | AL44: 0.1733 | AM44: 0.0178 | AN44: 0.0087 | AO44: -9999.9999 | AP44: 0.0171 | AQ44: -9999.9999 | AR44: -9999.9999 | AS44: 0.1174 | AT44: =AS44 -> 0.1174 | AU44: -9999.9999 | AV44: 0.0189 | AW44: -9999.9999 | AX44: 0.0289 | AY44: 0.4329 | AZ44: =AX44+AY44 -> 0.4618 | BA44: 0.0036 | BB44: ND
A45: 1 | B45: 0 | C45: 11 | H45: 50 | I45: 50 | AD45: 0.0369 | AE45: 0.0429 | AF45: 0.0352 | AG45: 0.029 | AH45: 0.0181 | AI45: 0.0054 | AJ45: 0.002 | AK45: 0.0045 | AL45: 0.1351 | AM45: 0.0201 | AN45: 0.0018 | AO45: -9999.9999 | AP45: 0.0411 | AQ45: -9999.9999 | AR45: 0.0315 | AS45: -9999.9999 | AT45: =AR45 -> 0.0315 | AU45: -9999.9999 | AV45: 0.0228 | AW45: -9999.9999 | AX45: 0.0353 | AY45: 0.2992 | AZ45: =AX45+AY45 -> 0.3345 | BA45: 0.0032 | BB45: ND
A46: 1 | B46: 1 | C46: 12 | D46: 3207 | E46: 24.1 | F46: 4.7223 | G46: 35.906 | H46: 40 | I46: 40 | J46: 116.98 | K46: 0.00076059645 | L46: -4.2209612e-06 | M46: 1.0242994 | N46: 116.99861 | O46: 0.9972747 | P46: 4.6479572 | Q46: 4.5376939 | R46: 207.57777 | S46: 202.65341 | AD46: 0.0128 | AE46: 0.021 | AF46: 0.0216 | AG46: 0.009 | AH46: 0.0075 | AI46: 0.0026 | AJ46: -9999.9999 | AK46: 0.0015 | AL46: 0.0501 | AM46: 0.0142 | AN46: 0.0016 | AO46: 0.0023 | AP46: 0.0365 | AQ46: -9999.9999 | AR46: 0.0159 | AS46: -9999.9999 | AT46: =AR46 -> 0.0159 | AU46: -9999.9999 | AV46: 0.022 | AW46: -9999.9999 | AX46: 0.0206 | AY46: 0.1982 | AZ46: =AX46+AY46 -> 0.2188 | BA46: 0.002 | BB46: ND
A47: 1 | B47: 0 | C47: 13 | H47: 30 | I47: 31 | AD47: -9999.9999 | AE47: -9999.9999 | AF47: -9999.9999 | AG47: 0.002 | AH47: 0.0017 | AI47: -9999.9999 | AJ47: -9999.9999 | AK47: -9999.9999 | AL47: 0.016 | AM47: 0.0057 | AN47: -9999.9999 | AO47: -9999.9999 | AP47: 0.0248 | AQ47: -9999.9999 | AR47: -9999.9999 | AS47: 0.0073 | AT47: =AS47 -> 0.0073 | AU47: -9999.9999 | AV47: 0.0239 | AW47: -9999.9999 | AX47: 0.0133 | AY47: 0.1629 | AZ47: =AX47+AY47 -> 0.1762 | BA47: 0.0024 | BB47: ND
A48: 1 | B48: 1 | C48: 14 | D48: 3212 | E48: 27.7 | F48: 4.8131 | G48: 35.9004 | H48: 20 | I48: 21 | J48: 119.26 | K48: 0.00075549721 | L48: -4.161339e-06 | M48: 1.0231722 | N48: 119.27896 | O48: 0.99632193 | P48: 4.6454685 | Q48: 4.5402609 | R48: 207.46662 | S48: 202.76805 | AD48: 0.0053 | AE48: 0.0082 | AF48: 0.0079 | AG48: 0.0031 | AH48: 0.0038 | AI48: -9999.9999 | AJ48: -9999.9999 | AK48: 0.0018 | AL48: 0.0272 | AM48: 0.0105 | AN48: 0.0335 | AO48: 0.0067 | AP48: 0.0067 | AQ48: -9999.9999 | AR48: -9999.9999 | AS48: 0.0018 | AT48: =AS48 -> 0.0018 | AU48: -9999.9999 | AV48: 0.0161 | AW48: 0.0056 | AX48: 0.0129 | AY48: 0.1226 | AZ48: =AX48+AY48 -> 0.1355 | BA48: -9999.9999 | BB48: ND
A49: 1 | B49: 1 | C49: 15 | D49: 3213 | E49: 27.8 | F49: 4.7053 | G49: 35.909 | H49: 10 | I49: 10 | J49: 117.2 | K49: 0.00075536798 | L49: -4.1602951e-06 | M49: 1.023146 | N49: 117.21865 | O49: 0.99629375 | P49: 4.6223239 | Q49: 4.5177558 | R49: 206.43298 | S49: 201.76297 | AD49: 0.005 | AE49: 0.0065 | AF49: 0.0094 | AG49: 0.0025 | AH49: 0.0036 | AI49: -9999.9999 | AJ49: -9999.9999 | AK49: 0.0014 | AL49: 0.0217 | AM49: 0.0088 | AN49: -9999.9999 | AO49: -9999.9999 | AP49: 0.0277 | AQ49: -9999.9999 | AR49: -9999.9999 | AS49: 0.005 | AT49: =AS49 -> 0.005 | AU49: -9999.9999 | AV49: 0.013 | AW49: 0.0052 | AX49: 0.0104 | AY49: 0.0942 | AZ49: =AX49+AY49 -> 0.1046 | BA49: -9999.9999 | BB49: ND
A50: 1 | B50: 0 | C50: 16 | H50: 5 | I50: 5 | AD50: 0.0052 | AE50: 0.0065 | AF50: 0.0095 | AG50: 0.0026 | AH50: 0.0035 | AI50: -9999.9999 | AJ50: -9999.9999 | AK50: 0.0014 | AL50: 0.0217 | AM50: 0.0087 | AN50: -9999.9999 | AO50: -9999.9999 | AP50: 0.028 | AQ50: -9999.9999 | AR50: -9999.9999 | AS50: 0.0056 | AT50: =AS50 -> 0.0056 | AU50: -9999.9999 | AV50: 0.0128 | AW50: 0.0057 | AX50: 0.0101 | AY50: 0.0942 | AZ50: =AX50+AY50 -> 0.1043 | BA50: -9999.9999 | BB50: ND
A51: 1 | B51: 1 | C51: 17 | D51: 3214 | E51: 27.8 | F51: 4.6518 | G51: 35.91025 | H51: 0 | I51: 4 | J51: 115.99 | K51: 0.00075536798 | L51: -4.1602951e-06 | M51: 1.023147 | N51: 116.00845 | O51: 0.99629375 | P51: 4.6181194 | Q51: 4.5136423 | R51: 206.24521 | S51: 201.57926 | AD51: 0.0057 | AE51: 0.0071 | AF51: 0.0094 | AG51: 0.0028 | AH51: 0.0037 | AI51: -9999.9999 | AJ51: -9999.9999 | AK51: 0.0014 | AL51: 0.0251 | AM51: 0.0094 | AN51: -9999.9999 | AO51: -9999.9999 | AP51: 0.0307 | AQ51: -9999.9999 | AR51: -9999.9999 | AS51: 0.0058 | AT51: =AS51 -> 0.0058 | AU51: -9999.9999 | AV51: 0.014 | AW51: 0.0064 | AX51: 0.0121 | AY51: 0.1112 | AZ51: =AX51+AY51 -> 0.1233 | BA51: -9999.9999 | BB51: ND
A52: 1 | B52: 0 | C52: 18
A53: 1 | B53: 0 | C53: 19
A54: 1 | B54: 0 | C54: 20
A55: 1 | B55: 0 | C55: 21
A56: 1 | B56: 0 | C56: 22
A57: 1 | B57: 0 | C57: 23
A58: 1 | B58: 0 | C58: 24

Sheet 004_01
C2: Campagne : | F2: PIRATA-FR30
C4: Données de campagne
C6: N° de station : | F6: 4 | H6: N° de palanquée : | P6: 1 | R6: Date d'analyse : | T6: 42419
G8: Position | I8: Degrés | J8: Minutes | P8: Cardinal | Q8: Décimale
G9: Latitude | I9: 07° | J9: 59.92' | K9: N | L9: + | M9: N | N9: E | O9: 7°59,92 | P9: N | Q9: 7.9986667
G10: Longitude | I10: 018° | J10: 57.90' | K10: W | L10: - | M10: S | N10: W | O10: -18°57,9 | P10: W | Q10: -18.965
G11: Prélèvement | I11: Date | J11: 42419 | N11: 7°59,92 | O11: 1 | P11: 2020-02-20T07:21:36z
I12: Heure | J12: 0.30666667 | N12: 18°57,9 | O12: -1
C13: Données :
C14: Température du laboratoire à la calibration ( t°c ) | Q14: t°c = | R14: 23.5 | S14: °C
C15: Température du laboratoire au début de la série d'analyses | Q15: t°lab = | R15: 24.7 | S15: °C
C16: Volume moyen de thiosulfate pour la titration à t°c | Q16: Vmoy.titr.t°c = | R16: 4.9469 | S16: mL
C17: Volume moyen de thiosulfate pour la détermination du blanc à t°c | Q17: Vmoy.titr.blanc.t°c = | R17: 0.005 | S17: mL
C18: Masse volumique de l'eau pure à la calibration | O18: ρ = | P18: 0.99742152
C19: Normalite de l'iodate (NIO3) à la température de calibration | O19: N(IO3) = | P19: 0.0199967 | Q19: N
C20: Vol. de la prise d'essai d'iodate (VIO3) à 20°C | O20: V(IO3)20°C = | P20: 5.0112146 | Q20: mL
C21: Vol. de la prise d'essai d'iodate (VIO3) à t°c | O21: V(IO3)t°c= | P21: 5.01139 | Q21: mL
C22: Volume moyen de thiosulfate pour la titration à 20° C | O22: Vmoy.titr.20°C = | P22: 4.9467269 | Q22: mL
C23: Volume moyen de thiosulfate pour la détermination du blanc à 20° C | O23: Vmoy.titr.blanc.20°C = | P23: 0.004999825 | Q23: mL
C24: Normalite de l'iodate (NIO3) à 20°C | O24: N(IO3)20°C = | P24: 0.020012434 | Q24: N
C25: Titre du thiosulfate à 20°C | O25: V(Thio)20°C = | P25: 0.0040392421 | Q25: N
C26: Volume de réactif utilisé | O26: Vreg = | P26: 2.0367937 | Q26: mL
O27: DOreg = | P27: 0.0017
E29: Choix de la série de flacons : | I29: IRD | O29: IRD
O30: LPO
C31: N° | D31: N° des Flacons | E31: T° prélèv. | F31: Volume de thio. | G31: Salinité | H31: Prof. Théorique | I31: Prof. Effective | J31: V. flacons 20°C | K31: A | L31: B | M31: Densité eau de mer à t° | N31: Vol. à t° prél. des flacons | O31: Densité eau pure à t° | P31: Oxygène dissous | T31: NO2 | V31: NO3 + NO2 | X31: NO3 | Z31: Phosphate | AB31: Silicate | AD31: chlorophyll-c3 | AE31: chlorophyll-c1+c2 | AF31: peridinin | AG31: 19'-butanoyloxyfucoxanthin | AH31: fucoxanthine | AI31: neoxanthin | AJ31: prasinoxanthin | AK31: violaxanthin | AL31: 19'-hexanoyloxyfucoxanthin | AM31: diadinoxanthin | AN31: alloxanthin | AO31: diatoxanthin | AP31: zeaxanthin | AQ31: lutein | AR31: divinyl chlorophyll-b | AS31: chlorophyll-b | AT31: total chlorophyll-b | AU31: alpha-carotene | AV31: beta-carotene | AW31: pheophorbide | AX31: divinyl chlorophyll-a | AY31: chlorophyll-a | AZ31: total chlorophyll-a | BA31: pheophytin_a | BB31: crocoxanthin
C33: BTL | E33: °C | F33: ml | H33: m | I33: dbar | J33: ml | P33: DOX1 | R33: DOXY | S33: DOX2 | T33: NTRI | U33: NTIW | V33: NTRZ | W33: NTZW | X33: NTRA | Y33: NTAW | Z33: PHOS | AA33: PHOW | AB33: SLCA | AC33: SLCW | AD33: CHC3 | AE33: CHCZ | AF33: PERP | AG33: BFUP | AH33: FUCP | AI33: NEXW | AJ33: PXAP | AK33: VIOW | AL33: HFUP | AM33: DXAP | AN33: AXAP | AO33: TXAP | AP33: ZXAP | AQ33: LUTW | AR33: CHBD | AS33: CH2P | AT33: CHLB | AU33: AACP | AV33: BBCP | AW33: PHEP | AX33: CHAD | AY33: CH1P | AZ33: CPHL | BA33: PHEA | BB33: CXAP
N34: mL | P34: ml/l | Q34: ml/kg | R34: µmol/l | S34: µmol/kg | T34: µmol/l | U34: µmol/kg | V34: µmol/l | W34: µmol/kg | X34: µmol/l | Y34: µmol/kg | Z34: µmol/l | AA34: µmol/kg | AB34: µmol/l | AC34: µmol/kg | AD34: µg.l-1 | AE34: µg.l-1 | AF34: µg.l-1 | AG34: µg.l-1 | AH34: µg.l-1 | AI34: µg.l-1 | AJ34: µg.l-1 | AK34: µg.l-1 | AL34: µg.l-1 | AM34: µg.l-1 | AN34: µg.l-1 | AO34: µg.l-1 | AP34: µg.l-1 | AQ34: µg.l-1 | AR34: µg.l-1 | AS34: µg.l-1 | AT34: µg.l-1 | AU34: µg.l-1 | AV34: µg.l-1 | AW34: µg.l-1 | AX34: µg.l-1 | AY34: µg.l-1 | AZ34: µg.l-1 | BA34: µg.l-1 | BB34: µg.l-1
A35: 1 | B35: 1 | C35: 1 | D35: 3229 | E35: 8.8 | F35: 3.1872 | G35: 34.76695 | H35: 1000 | I35: 1007 | J35: 120.3 | K35: 0.00079389156 | L35: -4.9528162e-06 | M35: 1.0269679 | N35: 120.31776 | O35: 0.99979801 | P35: 3.0442752 | Q35: 2.9643334 | R35: 135.95733 | S35: 132.38713
A36: 1 | B36: 1 | C36: 2 | D36: 3230 | E36: 10.5 | F36: 1.8042 | G36: 34.7899 | H36: 750 | I36: 755 | J36: 115.77 | K36: 0.00078908717 | L36: -4.8332446e-06 | M36: 1.0267016 | N36: 115.78712 | O36: 0.99965638 | P36: 1.7853819 | Q36: 1.7389491 | R36: 79.735156 | S36: 77.661469
A37: 1 | B37: 1 | C37: 3 | D37: 3231 | E37: 12.4 | F37: 0.9581 | G37: 35.069 | H37: 500 | I37: 504 | J37: 114.15 | K37: 0.00078408638 | L37: -4.7109233e-06 | M37: 1.0265659 | N37: 114.1672 | O37: 0.99945297 | P37: 0.95462284 | Q37: 0.92991868 | R37: 42.633456 | S37: 41.530168
A38: 1 | B38: 1 | C38: 4 | D38: 3232 | E38: 13.1 | F38: 0.9536 | G38: 35.0692 | H38: 500 | I38: 503 | J38: 115.71 | K38: 0.00078233756 | L38: -4.6688689e-06 | M38: 1.026427 | N38: 115.72744 | O38: 0.99936648 | P38: 0.93702898 | Q38: 0.91290367 | R38: 41.847714 | S38: 40.770278
A39: 1 | B39: 0 | C39: 5 | H39: 250 | I39: 252 | AD39: -9999.9999 | AE39: -9999.9999 | AF39: -9999.9999 | AG39: -9999.9999 | AH39: -9999.9999 | AI39: -9999.9999 | AJ39: -9999.9999 | AK39: -9999.9999 | AL39: -9999.9999 | AM39: -9999.9999 | AN39: -9999.9999 | AO39: -9999.9999 | AP39: -9999.9999 | AQ39: -9999.9999 | AR39: -9999.9999 | AS39: -9999.9999 | AT39: =AS39 -> -9999.9999 | AU39: -9999.9999 | AV39: -9999.9999 | AW39: -9999.9999 | AX39: -9999.9999 | AY39: -9999.9999 | AZ39: =AY39 -> -9999.9999 | BA39: -9999.9999 | BB39: ND
A40: 1 | B40: 1 | C40: 6 | D40: 3233 | E40: 17.4 | F40: 1.7746 | G40: 35.5972 | H40: 100 | I40: 100 | J40: 117.93 | K40: 0.00077262057 | L40: -4.4461087e-06 | M40: 1.0258776 | N40: 117.94839 | O40: 0.9987065 | P40: 1.7231038 | Q40: 1.6796388 | R40: 76.953815 | S40: 75.012671 | AD40: 0.0089 | AE40: 0.0046 | AF40: -9999.9999 | AG40: 0.011 | AH40: 0.0079 | AI40: -9999.9999 | AJ40: -9999.9999 | AK40: -9999.9999 | AL40: 0.0228 | AM40: 0.0014 | AN40: -9999.9999 | AO40: -9999.9999 | AP40: 0.0019 | AQ40: -9999.9999 | AR40: 0.0032 | AS40: 0.0092 | AT40: =AS40+AR40 -> 0.0124 | AU40: 0.002 | AV40: -9999.9999 | AW40: -9999.9999 | AX40: -9999.9999 | AY40: 0.0365 | AZ40: =AY40 -> 0.0365 | BA40: -9999.9999 | BB40: ND
A41: 1 | B41: 0 | C41: 7 | H41: 90 | I41: 91 | AD41: 0.0121 | AE41: 0.0055 | AF41: 0.0026 | AG41: 0.0121 | AH41: 0.0089 | AI41: 0.0024 | AJ41: 0.0011 | AK41: -9999.9999 | AL41: 0.0265 | AM41: 0.0015 | AN41: -9999.9999 | AO41: -9999.9999 | AP41: 0.0023 | AQ41: -9999.9999 | AR41: 0.0042 | AS41: 0.0114 | AT41: =AS41+AR41 -> 0.0156 | AU41: 0.0032 | AV41: -9999.9999 | AW41: -9999.9999 | AX41: 0.0064 | AY41: 0.0459 | AZ41: =AX41+AY41 -> 0.0523 | BA41: 0.0015 | BB41: ND
A42: 1 | B42: 1 | C42: 8 | D42: 3237 | E42: 18.2 | F42: 1.9888 | G42: 35.6684 | H42: 80 | I42: 81 | J42: 118.47 | K42: 0.00077099568 | L42: -4.4114157e-06 | M42: 1.0257355 | N42: 118.48856 | O42: 0.9985604 | P42: 1.9239103 | Q42: 1.8756397 | R42: 85.921833 | S42: 83.76607 | AD42: 0.0184 | AE42: 0.0098 | AF42: 0.005 | AG42: 0.0166 | AH42: 0.0147 | AI42: 0.0029 | AJ42: 0.0019 | AK42: -9999.9999 | AL42: 0.039 | AM42: 0.0025 | AN42: 0.0011 | AO42: -9999.9999 | AP42: 0.0033 | AQ42: -9999.9999 | AR42: 0.0065 | AS42: 0.0156 | AT42: =AS42+AR42 -> 0.0221 | AU42: 0.0054 | AV42: -9999.9999 | AW42: -9999.9999 | AX42: 0.0096 | AY42: 0.0797 | AZ42: =AX42+AY42 -> 0.0893 | BA42: 0.0019 | BB42: ND
A43: 1 | B43: 0 | C43: 9 | H43: 70 | I43: 71 | AD43: 0.0355 | AE43: 0.0244 | AF43: 0.0113 | AG43: 0.031 | AH43: 0.0253 | AI43: 0.0079 | AJ43: 0.0064 | AK43: 0.0023 | AL43: 0.0782 | AM43: 0.0062 | AN43: 0.003 | AO43: -9999.9999 | AP43: 0.0065 | AQ43: -9999.9999 | AR43: 0.0091 | AS43: 0.0462 | AT43: =AS43+AR43 -> 0.0553 | AU43: 0.0082 | AV43: -9999.9999 | AW43: -9999.9999 | AX43: 0.015 | AY43: 0.1874 | AZ43: =AX43+AY43 -> 0.2024 | BA43: 0.0027 | BB43: ND
A44: 1 | B44: 1 | C44: 10 | D44: 3238 | E44: 20.8 | F44: 2.5715 | G44: 35.83445 | H44: 60 | I44: 60 | J44: 117.73 | K44: 0.0007660805 | L44: -4.3132901e-06 | M44: 1.0251852 | N44: 117.74864 | O44: 0.99803795 | P44: 2.5078528 | Q44: 2.4462437 | R44: 112.00071 | S44: 109.24924 | AD44: 0.0338 | AE44: 0.0233 | AF44: 0.0107 | AG44: 0.0295 | AH44: 0.0241 | AI44: 0.0075 | AJ44: 0.0061 | AK44: 0.0022 | AL44: 0.0745 | AM44: 0.006 | AN44: 0.0028 | AO44: -9999.9999 | AP44: 0.0062 | AQ44: -9999.9999 | AR44: 0.0087 | AS44: 0.044 | AT44: =AS44+AR44 -> 0.0527 | AU44: 0.0078 | AV44: -9999.9999 | AW44: -9999.9999 | AX44: 0.0143 | AY44: 0.1786 | AZ44: =AX44+AY44 -> 0.1929 | BA44: 0.0026 | BB44: ND
A45: 1 | B45: 0 | C45: 11 | H45: 50 | I45: 51 | AD45: 0.088 | AE45: 0.0707 | AF45: 0.0523 | AG45: 0.0709 | AH45: 0.0498 | AI45: 0.0241 | AJ45: 0.0081 | AK45: 0.0078 | AL45: 0.2098 | AM45: 0.0209 | AN45: 0.0064 | AO45: -9999.9999 | AP45: 0.017 | AQ45: -9999.9999 | AR45: -9999.9999 | AS45: 0.1563 | AT45: =AS45 -> 0.1563 | AU45: -9999.9999 | AV45: 0.0232 | AW45: -9999.9999 | AX45: 0.0283 | AY45: 0.5219 | AZ45: =AX45+AY45 -> 0.5502 | BA45: 0.0058 | BB45: ND
A46: 1 | B46: 1 | C46: 12 | D46: 3239 | E46: 27.3 | F46: 4.5427 | G46: 35.837 | H46: 40 | I46: 40 | J46: 113.98 | K46: 0.00075602065 | L46: -4.1658458e-06 | M46: 1.023254 | N46: 113.99805 | O46: 0.99643374 | P46: 4.5904289 | Q46: 4.4861088 | R46: 205.00855 | S46: 200.34962 | AD46: 0.0437 | AE46: 0.0446 | AF46: 0.0461 | AG46: 0.0259 | AH46: 0.0171 | AI46: 0.005 | AJ46: 0.0009 | AK46: 0.005 | AL46: 0.1507 | AM46: 0.0188 | AN46: 0.0016 | AO46: -9999.9999 | AP46: 0.0299 | AQ46: -9999.9999 | AR46: -9999.9999 | AS46: 0.054 | AT46: =AS46 -> 0.054 | AU46: -9999.9999 | AV46: 0.02 | AW46: -9999.9999 | AX46: 0.0328 | AY46: 0.3121 | AZ46: =AX46+AY46 -> 0.3449 | BA46: 0.0045 | BB46: ND
A47: 1 | B47: 0 | C47: 13 | H47: 30 | I47: 30 | AD47: 0.0162 | AE47: 0.0228 | AF47: 0.0232 | AG47: 0.0118 | AH47: 0.009 | AI47: 0.0034 | AJ47: -9999.9999 | AK47: 0.0038 | AL47: 0.0601 | AM47: 0.0124 | AN47: 0.001 | AO47: -9999.9999 | AP47: 0.0357 | AQ47: -9999.9999 | AR47: -9999.9999 | AS47: 0.0264 | AT47: =AS47 -> 0.0264 | AU47: -9999.9999 | AV47: 0.0166 | AW47: -9999.9999 | AX47: 0.0264 | AY47: 0.183 | AZ47: =AX47+AY47 -> 0.2094 | BA47: 0.0021 | BB47: ND
A48: 1 | B48: 1 | C48: 14 | D48: 3240 | E48: 27.7 | F48: 4.7516 | G48: 35.9202 | H48: 20 | I48: 20 | J48: 117.01 | K48: 0.00075549721 | L48: -4.161339e-06 | M48: 1.0231871 | N48: 117.02863 | O48: 0.99632193 | P48: 4.6756676 | Q48: 4.5697095 | R48: 208.81531 | S48: 204.08322 | AD48: 0.0065 | AE48: 0.0102 | AF48: 0.0076 | AG48: 0.0046 | AH48: 0.0042 | AI48: 0.001 | AJ48: -9999.9999 | AK48: 0.0019 | AL48: 0.0287 | AM48: 0.0087 | AN48: -9999.9999 | AO48: -9999.9999 | AP48: 0.0352 | AQ48: -9999.9999 | AR48: -9999.9999 | AS48: 0.0108 | AT48: =AS48 -> 0.0108 | AU48: -9999.9999 | AV48: 0.0156 | AW48: -9999.9999 | AX48: 0.013 | AY48: 0.1276 | AZ48: =AX48+AY48 -> 0.1406 | BA48: 0.0027 | BB48: ND
A49: 1 | B49: 1 | C49: 15 | D49: 3243 | E49: 27.8 | F49: 4.6592 | G49: 35.94535 | H49: 10 | I49: 10 | J49: 116.66 | K49: 0.00075536798 | L49: -4.1602951e-06 | M49: 1.0231734 | N49: 116.6786 | O49: 0.99629375 | P49: 4.5984511 | Q49: 4.4943029 | R49: 205.36683 | S49: 200.71557 | AD49: 0.0068 | AE49: 0.0094 | AF49: 0.0061 | AG49: 0.0041 | AH49: 0.0037 | AI49: 0.0022 | AJ49: -9999.9999 | AK49: -9999.9999 | AL49: 0.0297 | AM49: 0.0076 | AN49: -9999.9999 | AO49: -9999.9999 | AP49: 0.0312 | AQ49: -9999.9999 | AR49: -9999.9999 | AS49: 0.0102 | AT49: =AS49 -> 0.0102 | AU49: -9999.9999 | AV49: 0.0128 | AW49: -9999.9999 | AX49: 0.0163 | AY49: 0.1106 | AZ49: =AX49+AY49 -> 0.1269 | BA49: 0.0031 | BB49: ND
A50: 1 | B50: 0 | C50: 16 | H50: 5 | I50: 5 | AD50: 0.0066 | AE50: 0.0102 | AF50: 0.0063 | AG50: 0.0044 | AH50: 0.0048 | AI50: -9999.9999 | AJ50: -9999.9999 | AK50: 0.0022 | AL50: 0.0306 | AM50: 0.0081 | AN50: -9999.9999 | AO50: -9999.9999 | AP50: 0.0297 | AQ50: -9999.9999 | AR50: -9999.9999 | AS50: 0.0102 | AT50: =AS50 -> 0.0102 | AU50: -9999.9999 | AV50: 0.0139 | AW50: -9999.9999 | AX50: 0.0145 | AY50: 0.1131 | AZ50: =AX50+AY50 -> 0.1276 | BA50: 0.0033 | BB50: ND
A51: 1 | B51: 1 | C51: 17 | D51: 3245 | E51: 27.7 | F51: 4.7795 | G51: 35.94455 | H51: 0 | I51: 3 | J51: 119.39 | K51: 0.00075549721 | L51: -4.161339e-06 | M51: 1.0232054 | N51: 119.40904 | O51: 0.99632193 | P51: 4.6078243 | Q51: 4.503323 | R51: 205.78544 | S51: 201.1184 | AD51: 0.0073 | AE51: 0.0102 | AF51: 0.0083 | AG51: 0.0048 | AH51: 0.0046 | AI51: -9999.9999 | AJ51: -9999.9999 | AK51: 0.0024 | AL51: 0.0331 | AM51: 0.009 | AN51: -9999.9999 | AO51: -9999.9999 | AP51: 0.0353 | AQ51: -9999.9999 | AR51: -9999.9999 | AS51: 0.0109 | AT51: =AS51 -> 0.0109 | AU51: -9999.9999 | AV51: 0.016 | AW51: -9999.9999 | AX51: 0.0132 | AY51: 0.1332 | AZ51: =AX51+AY51 -> 0.1464 | BA51: 0.0037 | BB51: ND
A52: 1 | B52: 0 | C52: 18
A53: 1 | B53: 0 | C53: 19
A54: 1 | B54: 0 | C54: 20
A55: 1 | B55: 0 | C55: 21
A56: 1 | B56: 0 | C56: 22
A57: 1 | B57: 0 | C57: 23
A58: 1 | B58: 0 | C58: 24

Sheet 006_01
C2: Campagne : | F2: PIRATA-FR30
C4: Données de campagne
C6: N° de station : | F6: 6 | H6: N° de palanquée : | P6: 1 | R6: Date d'analyse : | T6: 42423
G8: Position | I8: Degrés | J8: Minutes | P8: Cardinal | Q8: Décimale | V8: 4.9436
G9: Latitude | I9: 00° | J9: 02.03' | K9: N | L9: + | M9: N | N9: E | O9: 0°2,03 | P9: N | Q9: 0.033833333 | V9: 4.9539
G10: Longitude | I10: 009° | J10: 53.21' | K10: W | L10: - | M10: S | N10: W | O10: -9°53,21 | P10: W | Q10: -9.8868333 | V10: 4.954
G11: Prélèvement | I11: Date | J11: 42422 | N11: 0°2,03 | O11: 1 | P11: 2020-02-23T21:29:31z | V11: 4.9575
I12: Heure | J12: 0.89549769 | N12: 9°53,21 | O12: -1 | V12: 4.9497
C13: Données : | V13: 4.95174
C14: Température du laboratoire à la calibration ( t°c ) | Q14: t°c = | R14: 22.2 | S14: °C
C15: Température du laboratoire au début de la série d'analyses | Q15: t°lab = | R15: 22.3 | S15: °C
C16: Volume moyen de thiosulfate pour la titration à t°c | Q16: Vmoy.titr.t°c = | R16: 4.95174 | S16: mL
C17: Volume moyen de thiosulfate pour la détermination du blanc à t°c | Q17: Vmoy.titr.blanc.t°c = | R17: 0.005 | S17: mL
C18: Masse volumique de l'eau pure à la calibration | O18: ρ = | P18: 0.99772746
C19: Normalite de l'iodate (NIO3) à la température de calibration | O19: N(IO3) = | P19: 0.020002833 | Q19: N
C20: Vol. de la prise d'essai d'iodate (VIO3) à 20°C | O20: V(IO3)20°C = | P20: 5.0112146 | Q20: mL
C21: Vol. de la prise d'essai d'iodate (VIO3) à t°c | O21: V(IO3)t°c= | P21: 5.0113248 | Q21: mL
C22: Volume moyen de thiosulfate pour la titration à 20° C | O22: Vmoy.titr.20°C = | P22: 4.9516311 | Q22: mL
C23: Volume moyen de thiosulfate pour la détermination du blanc à 20° C | O23: Vmoy.titr.blanc.20°C = | P23: 0.00499989 | Q23: mL
C24: Normalite de l'iodate (NIO3) à 20°C | O24: N(IO3)20°C = | P24: 0.020012434 | Q24: N
C25: Titre du thiosulfate à 20°C | O25: V(Thio)20°C = | P25: 0.0040364753 | Q25: N
C26: Volume de réactif utilisé | O26: Vreg = | P26: 2.0367937 | Q26: mL
O27: DOreg = | P27: 0.0017
E29: Choix de la série de flacons : | I29: IRD | O29: IRD
O30: LPO
C31: N° | D31: N° des Flacons | E31: T° prélèv. | F31: Volume de thio. | G31: Salinité | H31: Prof. Théorique | I31: Prof. Effective | J31: V. flacons 20°C | K31: A | L31: B | M31: Densité eau de mer à t° | N31: Vol. à t° prél. des flacons | O31: Densité eau pure à t° | P31: Oxygène dissous | T31: NO2 | V31: NO3 + NO2 | X31: NO3 | Z31: Phosphate | AB31: Silicate | AD31: chlorophyll-c3 | AE31: chlorophyll-c1+c2 | AF31: peridinin | AG31: 19'-butanoyloxyfucoxanthin | AH31: fucoxanthine | AI31: neoxanthin | AJ31: prasinoxanthin | AK31: violaxanthin | AL31: 19'-hexanoyloxyfucoxanthin | AM31: diadinoxanthin | AN31: alloxanthin | AO31: diatoxanthin | AP31: zeaxanthin | AQ31: lutein | AR31: divinyl chlorophyll-b | AS31: chlorophyll-b | AT31: total chlorophyll-b | AU31: alpha-carotene | AV31: beta-carotene | AW31: pheophorbide | AX31: divinyl chlorophyll-a | AY31: chlorophyll-a | AZ31: total chlorophyll-a | BA31: pheophytin_a | BB31: crocoxanthin
C33: BTL | E33: °C | F33: ml | H33: m | I33: dbar | J33: ml | P33: DOX1 | R33: DOXY | S33: DOX2 | T33: NTRI | U33: NTIW | V33: NTRZ | W33: NTZW | X33: NTRA | Y33: NTAW | Z33: PHOS | AA33: PHOW | AB33: SLCA | AC33: SLCW | AD33: CHC3 | AE33: CHCZ | AF33: PERP | AG33: BFUP | AH33: FUCP | AI33: NEXW | AJ33: PXAP | AK33: VIOW | AL33: HFUP | AM33: DXAP | AN33: AXAP | AO33: TXAP | AP33: ZXAP | AQ33: LUTW | AR33: CHBD | AS33: CH2P | AT33: CHLB | AU33: AACP | AV33: BBCP | AW33: PHEP | AX33: CHAD | AY33: CH1P | AZ33: CPHL | BA33: PHEA | BB33: CXAP
N34: mL | P34: ml/l | Q34: ml/kg | R34: µmol/l | S34: µmol/kg | T34: µmol/l | U34: µmol/kg | V34: µmol/l | W34: µmol/kg | X34: µmol/l | Y34: µmol/kg | Z34: µmol/l | AA34: µmol/kg | AB34: µmol/l | AC34: µmol/kg | AD34: µg.l-1 | AE34: µg.l-1 | AF34: µg.l-1 | AG34: µg.l-1 | AH34: µg.l-1 | AI34: µg.l-1 | AJ34: µg.l-1 | AK34: µg.l-1 | AL34: µg.l-1 | AM34: µg.l-1 | AN34: µg.l-1 | AO34: µg.l-1 | AP34: µg.l-1 | AQ34: µg.l-1 | AR34: µg.l-1 | AS34: µg.l-1 | AT34: µg.l-1 | AU34: µg.l-1 | AV34: µg.l-1 | AW34: µg.l-1 | AX34: µg.l-1 | AY34: µg.l-1 | AZ34: µg.l-1 | BA34: µg.l-1 | BB34: µg.l-1
A35: 1 | B35: 1 | C35: 1 | D35: 3229 | E35: 9.1 | F35: 3.239 | G35: 34.58535 | H35: 500 | I35: 505 | J35: 120.3 | K35: 0.00079302024 | L35: -4.9310204e-06 | M35: 1.0267777 | N35: 120.31755 | O35: 0.99977587 | P35: 3.0918648 | Q35: 3.0112309 | R35: 138.08268 | S35: 134.48157
A36: 1 | B36: 0 | C36: 2 | H36: 400 | I36: 404
A37: 1 | B37: 1 | C37: 3 | D37: 3230 | E37: 12.4 | F37: 2.4075 | G37: 35.01425 | H37: 300 | I37: 302 | J37: 115.77 | K37: 0.00078408638 | L37: -4.7109233e-06 | M37: 1.0265234 | N37: 115.78738 | O37: 0.99945297 | P37: 2.3857858 | Q37: 2.3241416 | R37: 106.5492 | S37: 103.79616
A38: 1 | B38: 0 | C38: 4 | H38: 200 | I38: 202
A39: 1 | B39: 1 | C39: 5 | D39: 3231 | E39: 16.7 | F39: 3.6297 | G39: 35.6163 | H39: 100 | I39: 100 | J39: 114.15 | K39: 0.00077408763 | L39: -4.4782024e-06 | M39: 1.0260596 | N39: 114.16783 | O39: 0.9988285 | P39: 3.6566884 | Q39: 3.5638166 | R39: 163.30771 | S39: 159.16005
A40: 1 | B40: 1 | C40: 6 | D40: 3232 | E40: 17.1 | F40: 3.6707 | G40: 35.61975 | H40: 100 | I40: 100 | J40: 115.71 | K40: 0.00077324407 | L40: -4.4596646e-06 | M40: 1.0259671 | N40: 115.72807 | O40: 0.99875946 | P40: 3.6474143 | Q40: 3.5550985 | R40: 162.89352 | S40: 158.7707 | AD40: 0.0287 | AE40: 0.0185 | AF40: -9999.9999 | AG40: 0.0471 | AH40: 0.0101 | AI40: 0.0011 | AJ40: -9999.9999 | AK40: -9999.9999 | AL40: 0.0519 | AM40: 0.0041 | AN40: 0.0013 | AO40: -9999.9999 | AP40: 0.0151 | AQ40: -9999.9999 | AR40: 0.0531 | AS40: 0.0127 | AT40: =AS40+AR40 -> 0.0658 | AU40: 0.0152 | AV40: -9999.9999 | AW40: -9999.9999 | AX40: 0.0405 | AY40: 0.1028 | AZ40: =AX40+AY40 -> 0.1433 | BA40: 0.0028 | BB40: ND
A41: 1 | B41: 1 | C41: 7 | D41: 3233 | E41: 17.7 | F41: 3.7591 | G41: 35.72245 | H41: 80 | I41: 81 | J41: 117.93 | K41: 0.00077200483 | L41: -4.4328506e-06 | M41: 1.0259005 | N41: 117.94854 | O41: 0.99865254 | P41: 3.6640557 | Q41: 3.5715507 | R41: 163.63673 | S41: 159.50545 | AD41: 0.0411 | AE41: 0.0272 | AF41: 0.0026 | AG41: 0.0655 | AH41: 0.0141 | AI41: 0.0025 | AJ41: 0.0017 | AK41: 0.0007 | AL41: 0.075 | AM41: 0.006 | AN41: 0.0023 | AO41: -9999.9999 | AP41: 0.0237 | AQ41: -9999.9999 | AR41: 0.0672 | AS41: 0.0201 | AT41: =AS41+AR41 -> 0.0873 | AU41: 0.0193 | AV41: -9999.9999 | AW41: -9999.9999 | AX41: 0.0557 | AY41: 0.1568 | AZ41: =AX41+AY41 -> 0.2125 | BA41: 0.0032 | BB41: ND
A42: 1 | B42: 1 | C42: 8 | D42: 3237 | E42: 20.7 | F42: 4.1966 | G42: 36.13805 | H42: 60 | I42: 60 | J42: 118.47 | K42: 0.00076625954 | L42: -4.3166506e-06 | M42: 1.0254437 | N42: 118.48912 | O42: 0.99805936 | P42: 4.0732218 | Q42: 3.9721555 | R42: 181.91009 | S42: 177.39647 | AD42: 0.0576 | AE42: 0.0402 | AF42: 0.0042 | AG42: 0.0836 | AH42: 0.0158 | AI42: 0.0087 | AJ42: 0.0079 | AK42: 0.0022 | AL42: 0.1163 | AM42: 0.0088 | AN42: 0.002 | AO42: -9999.9999 | AP42: 0.0423 | AQ42: -9999.9999 | AR42: 0.0553 | AS42: 0.0797 | AT42: =AS42+AR42 -> 0.135 | AU42: 0.024 | AV42: -9999.9999 | AW42: -9999.9999 | AX42: 0.0815 | AY42: 0.2477 | AZ42: =AX42+AY42 -> 0.3292 | BA42: 0.0057 | BB42: ND
A43: 1 | B43: 1 | C43: 9 | D43: 3238 | E43: 24.4 | F43: 4.4476 | G43: 36.47075 | H43: 40 | I43: 40 | J43: 117.73 | K43: 0.00076013738 | L43: -4.2143547e-06 | M43: 1.0246372 | N43: 117.74939 | O43: 0.99719999 | P43: 4.3453267 | Q43: 4.2408443 | R43: 194.06229 | S43: 189.39611 | AD43: 0.0629 | AE43: 0.0509 | AF43: 0.0079 | AG43: 0.0789 | AH43: 0.0146 | AI43: 0.0026 | AJ43: 0.0034 | AK43: 0.0016 | AL43: 0.1866 | AM43: 0.015 | AN43: -9999.9999 | AO43: -9999.9999 | AP43: 0.0343 | AQ43: -9999.9999 | AR43: 0.0177 | AS43: 0.0445 | AT43: =AS43+AR43 -> 0.0622 | AU43: 0.0171 | AV43: -9999.9999 | AW43: -9999.9999 | AX43: 0.0528 | AY43: 0.2689 | AZ43: =AX43+AY43 -> 0.3217 | BA43: -9999.9999 | BB43: ND
A44: 1 | B44: 1 | C44: 10 | D44: 3239 | E44: 27.7 | F44: 4.5037 | G44: 35.73905 | H44: 20 | I44: 20 | J44: 113.98 | K44: 0.00075549721 | L44: -4.161339e-06 | M44: 1.0230507 | N44: 113.99794 | O44: 0.99632193 | P44: 4.5477643 | Q44: 4.4452972 | R44: 203.10316 | S44: 198.52697 | AD44: 0.0035 | AE44: 0.0069 | AF44: 0.0026 | AG44: 0.0063 | AH44: 0.0048 | AI44: -9999.9999 | AJ44: -9999.9999 | AK44: -9999.9999 | AL44: 0.0208 | AM44: 0.0068 | AN44: -9999.9999 | AO44: -9999.9999 | AP44: 0.0887 | AQ44: -9999.9999 | AR44: 0.0046 | AS44: 0.0049 | AT44: =AS44+AR44 -> 0.0095 | AU44: -9999.9999 | AV44: 0.016 | AW44: -9999.9999 | AX44: 0.054 | AY44: 0.0759 | AZ44: =AX44+AY44 -> 0.1299 | BA44: 0.0025 | BB44: ND
A45: 1 | B45: 0 | C45: 11 | H45: 20 | I45: 20
A46: 1 | B46: 1 | C46: 12 | D46: 3240 | E46: 28.4 | F46: 4.6037 | G46: 35.5369 | H46: 0 | I46: 4 | J46: 117.01 | K46: 0.00075460631 | L46: -4.1547262e-06 | M46: 1.0226691 | N46: 117.02818 | O46: 0.99612277 | P46: 4.5265711 | Q46: 4.4262323 | R46: 202.15667 | S46: 197.67554 | AD46: 0.0029 | AE46: 0.0068 | AF46: 0.0035 | AG46: 0.0049 | AH46: 0.0048 | AI46: -9999.9999 | AJ46: -9999.9999 | AK46: 0.0008 | AL46: 0.0196 | AM46: 0.0092 | AN46: -9999.9999 | AO46: -9999.9999 | AP46: 0.123 | AQ46: -9999.9999 | AR46: 0.0043 | AS46: 0.0033 | AT46: =AS46+AR46 -> 0.0076 | AU46: -9999.9999 | AV46: 0.0234 | AW46: -9999.9999 | AX46: 0.0559 | AY46: 0.092 | AZ46: =AX46+AY46 -> 0.1479 | BA46: 0.0027 | BB46: ND
A47: 1 | B47: 0 | C47: 13
A48: 1 | B48: 0 | C48: 14
A49: 1 | B49: 0 | C49: 15
A50: 1 | B50: 0 | C50: 16
A51: 1 | B51: 0 | C51: 17
A52: 1 | B52: 0 | C52: 18
A53: 1 | B53: 0 | C53: 19
A54: 1 | B54: 0 | C54: 20
A55: 1 | B55: 0 | C55: 21
A56: 1 | B56: 0 | C56: 22
A57: 1 | B57: 0 | C57: 23
A58: 1 | B58: 0 | C58: 24

Sheet 007_01
C2: Campagne : | F2: PIRATA-FR30
C4: Données de campagne
C6: N° de station : | F6: 7 | H6: N° de palanquée : | P6: 1 | R6: Date d'analyse : | T6: 42425
G8: Position | I8: Degrés | J8: Minutes | P8: Cardinal | Q8: Décimale
G9: Latitude | I9: 00° | J9: 00.83' | K9: N | L9: + | M9: N | N9: E | O9: 0°0,83 | P9: N | Q9: 0.013833333 | V9: 4.9549
G10: Longitude | I10: 000° | J10: 00.47' | K10: W | L10: - | M10: S | N10: W | O10: -0°0,47 | P10: W | Q10: -0.0078333333 | V10: 4.9541
G11: Prélèvement | I11: Date | J11: 42425 | N11: 0°0,83 | O11: 1 | P11: 2020-02-26T06:13:22z | V11: 4.9524
I12: Heure | J12: 0.25928241 | N12: 0°0,47 | O12: -1 | V12: 4.9468
C13: Données : | V13: 4.9514
C14: Température du laboratoire à la calibration ( t°c ) | Q14: t°c = | R14: 22.9 | S14: °C | V14: 4.95192
C15: Température du laboratoire au début de la série d'analyses | Q15: t°lab = | R15: 23.1 | S15: °C
C16: Volume moyen de thiosulfate pour la titration à t°c | Q16: Vmoy.titr.t°c = | R16: 4.95192 | S16: mL
C17: Volume moyen de thiosulfate pour la détermination du blanc à t°c | Q17: Vmoy.titr.blanc.t°c = | R17: 0.0047 | S17: mL
C18: Masse volumique de l'eau pure à la calibration | O18: ρ = | P18: 0.9975648
C19: Normalite de l'iodate (NIO3) à la température de calibration | O19: N(IO3) = | P19: 0.019999572 | Q19: N
C20: Vol. de la prise d'essai d'iodate (VIO3) à 20°C | O20: V(IO3)20°C = | P20: 5.0112146 | Q20: mL
C21: Vol. de la prise d'essai d'iodate (VIO3) à t°c | O21: V(IO3)t°c= | P21: 5.0113599 | Q21: mL
C22: Volume moyen de thiosulfate pour la titration à 20° C | O22: Vmoy.titr.20°C = | P22: 4.9517764 | Q22: mL
C23: Volume moyen de thiosulfate pour la détermination du blanc à 20° C | O23: Vmoy.titr.blanc.20°C = | P23: 0.0046998637 | Q23: mL
C24: Normalite de l'iodate (NIO3) à 20°C | O24: N(IO3)20°C = | P24: 0.020012434 | Q24: N
C25: Titre du thiosulfate à 20°C | O25: V(Thio)20°C = | P25: 0.0040354539 | Q25: N
C26: Volume de réactif utilisé | O26: Vreg = | P26: 2.0367937 | Q26: mL
O27: DOreg = | P27: 0.0017
E29: Choix de la série de flacons : | I29: IRD | O29: IRD
O30: LPO
C31: N° | D31: N° des Flacons | E31: T° prélèv. | F31: Volume de thio. | G31: Salinité | H31: Prof. Théorique | I31: Prof. Effective | J31: V. flacons 20°C | K31: A | L31: B | M31: Densité eau de mer à t° | N31: Vol. à t° prél. des flacons | O31: Densité eau pure à t° | P31: Oxygène dissous | T31: NO2 | V31: NO3 + NO2 | X31: NO3 | Z31: Phosphate | AB31: Silicate | AD31: chlorophyll-c3 | AE31: chlorophyll-c1+c2 | AF31: peridinin | AG31: 19'-butanoyloxyfucoxanthin | AH31: fucoxanthine | AI31: neoxanthin | AJ31: prasinoxanthin | AK31: violaxanthin | AL31: 19'-hexanoyloxyfucoxanthin | AM31: diadinoxanthin | AN31: alloxanthin | AO31: diatoxanthin | AP31: zeaxanthin | AQ31: lutein | AR31: divinyl chlorophyll-b | AS31: chlorophyll-b | AT31: total chlorophyll-b | AU31: alpha-carotene | AV31: beta-carotene | AW31: pheophorbide | AX31: divinyl chlorophyll-a | AY31: chlorophyll-a | AZ31: total chlorophyll-a | BA31: pheophytin_a | BB31: crocoxanthin
C33: BTL | E33: °C | F33: ml | H33: m | I33: dbar | J33: ml | P33: DOX1 | R33: DOXY | S33: DOX2 | T33: NTRI | U33: NTIW | V33: NTRZ | W33: NTZW | X33: NTRA | Y33: NTAW | Z33: PHOS | AA33: PHOW | AB33: SLCA | AC33: SLCW | AD33: CHC3 | AE33: CHCZ | AF33: PERP | AG33: BFUP | AH33: FUCP | AI33: NEXW | AJ33: PXAP | AK33: VIOW | AL33: HFUP | AM33: DXAP | AN33: AXAP | AO33: TXAP | AP33: ZXAP | AQ33: LUTW | AR33: CHBD | AS33: CH2P | AT33: CHLB | AU33: AACP | AV33: BBCP | AW33: PHEP | AX33: CHAD | AY33: CH1P | AZ33: CPHL | BA33: PHEA | BB33: CXAP
N34: mL | P34: ml/l | Q34: ml/kg | R34: µmol/l | S34: µmol/kg | T34: µmol/l | U34: µmol/kg | V34: µmol/l | W34: µmol/kg | X34: µmol/l | Y34: µmol/kg | Z34: µmol/l | AA34: µmol/kg | AB34: µmol/l | AC34: µmol/kg | AD34: µg.l-1 | AE34: µg.l-1 | AF34: µg.l-1 | AG34: µg.l-1 | AH34: µg.l-1 | AI34: µg.l-1 | AJ34: µg.l-1 | AK34: µg.l-1 | AL34: µg.l-1 | AM34: µg.l-1 | AN34: µg.l-1 | AO34: µg.l-1 | AP34: µg.l-1 | AQ34: µg.l-1 | AR34: µg.l-1 | AS34: µg.l-1 | AT34: µg.l-1 | AU34: µg.l-1 | AV34: µg.l-1 | AW34: µg.l-1 | AX34: µg.l-1 | AY34: µg.l-1 | AZ34: µg.l-1 | BA34: µg.l-1 | BB34: µg.l-1
A35: 1 | B35: 1 | C35: 1 | D35: 3229 | E35: 6.6 | F35: 5.8953 | G35: 34.9585 | H35: 2000 | I35: 2022 | J35: 120.3 | K35: 0.00080060243 | L35: -5.1217524e-06 | M35: 1.0274412 | N35: 120.318 | O35: 0.99992156 | P35: 5.6379522 | Q35: 5.487372 | R35: 251.79095 | S35: 245.06603
A36: 1 | B36: 0 | C36: 2 | G36: 34.97105 | H36: 1750 | I36: 1768
A37: 1 | B37: 1 | C37: 3 | D37: 3230 | E37: 7.7 | F37: 5.1109 | G37: 34.951 | H37: 1500 | I37: 1514 | J37: 115.77 | K37: 0.00079717523 | L37: -5.0352822e-06 | M37: 1.0272803 | N37: 115.78731 | O37: 0.99986844 | P37: 5.0804662 | Q37: 4.9455503 | R37: 226.89362 | S37: 220.86828
A38: 1 | B38: 0 | C38: 4 | G38: 34.65625 | H38: 1250 | I38: 1007
A39: 1 | B39: 1 | C39: 5 | D39: 3231 | E39: 8.2 | F39: 3.6199 | G39: 34.65335 | H39: 1000 | I39: 1007 | J39: 114.15 | K39: 0.00079566517 | L39: -4.9973013e-06 | M39: 1.0269718 | N39: 114.16673 | O39: 0.99983854 | P39: 3.6458833 | Q39: 3.5501301 | R39: 162.82515 | S39: 158.54881
A40: 1 | B40: 1 | C40: 6 | D40: 3232 | E40: 8.9 | F40: 3.4053 | G40: 34.50175 | H40: 750 | I40: 756 | J40: 115.71 | K40: 0.00079359998 | L40: -4.9455179e-06 | M40: 1.0267442 | N40: 115.72678 | O40: 0.99979077 | P40: 3.3817847 | Q40: 3.2936973 | R40: 151.03051 | S40: 147.09652
A41: 1 | B41: 1 | C41: 7 | D41: 3233 | E41: 9.6 | F41: 3.4623 | G41: 34.5033 | H41: 750 | I41: 756 | J41: 117.93 | K41: 0.00079159063 | L41: -4.8953559e-06 | M41: 1.0266317 | N41: 117.9471 | O41: 0.99973623 | P41: 3.3727749 | Q41: 3.2852821 | R41: 150.62812 | S41: 146.7207
A42: 1 | B42: 1 | C42: 8 | D42: 3237 | E42: 11.4 | F42: 2.7709 | G42: 34.6313 | H42: 500 | I42: 504 | J42: 118.47 | K42: 0.00078667123 | L42: -4.7738138e-06 | M42: 1.0264158 | N42: 118.48733 | O42: 0.99956583 | P42: 2.6837859 | Q42: 2.614716 | R42: 119.85788 | S42: 116.77322
A43: 1 | B43: 1 | C43: 9 | D43: 3238 | E43: 13.2 | F43: 1.6477 | G43: 35.0198 | H43: 300 | I43: 303 | J43: 117.73 | K43: 0.00078209172 | L43: -4.6629935e-06 | M43: 1.0263685 | N43: 117.74768 | O43: 0.99935363 | P43: 1.6000844 | Q43: 1.5589766 | R43: 71.459771 | S43: 69.623894
A44: 1 | B44: 0 | C44: 10 | G44: 35.4479 | H44: 200 | I44: 201
A45: 1 | B45: 1 | C45: 11 | D45: 3239 | E45: 18.6 | F45: 3.6255 | G45: 35.7138 | H45: 100 | I45: 100 | J45: 113.98 | K45: 0.00077020354 | L45: -4.3948634e-06 | M45: 1.0256699 | N45: 113.99791 | O45: 0.99848472 | P45: 3.6570531 | Q45: 3.5655265 | R45: 163.32399 | S45: 159.23641 | AD45: 0.0295 | AE45: 0.0185 | AF45: 0.0031 | AG45: 0.0466 | AH45: 0.0107 | AI45: 0.0023 | AJ45: 0.0021 | AK45: 0.0012 | AL45: 0.0496 | AM45: 0.0042 | AN45: 0.0008 | AO45: -9999.9999 | AP45: 0.0157 | AQ45: -9999.9999 | AR45: -9999.9999 | AS45: 0.1071 | AT45: =AS45 -> 0.1071 | AU45: -9999.9999 | AV45: 0.0199 | AW45: -9999.9999 | AX45: 0.0585 | AY45: 0.1068 | AZ45: =AX45+AY45 -> 0.1653 | BA45: 0.0027 | BB45: ND
A46: 1 | B46: 0 | C46: 12 | G46: 35.8029 | H46: 80 | I46: 81 | AD46: 0.033 | AE46: 0.0257 | AF46: 0.0096 | AG46: 0.0387 | AH46: 0.0156 | AI46: 0.0052 | AJ46: 0.0028 | AK46: 0.0016 | AL46: 0.0924 | AM46: 0.0063 | AN46: 0.0052 | AO46: -9999.9999 | AP46: 0.0051 | AQ46: -9999.9999 | AR46: 0.0056 | AS46: 0.0247 | AT46: =AR46+AS46 -> 0.0303 | AU46: 0.0082 | AV46: -9999.9999 | AW46: -9999.9999 | AX46: 0.0153 | AY46: 0.1713 | AZ46: =AX46+AY46 -> 0.1866 | BA46: 0.0029 | BB46: ND
A47: 1 | B47: 1 | C47: 13 | D47: 3240 | E47: 21.1 | F47: 3.9283 | G47: 36.1197 | H47: 60 | I47: 61 | J47: 117.01 | K47: 0.00076554805 | L47: -4.3034075e-06 | M47: 1.0253206 | N47: 117.02886 | O47: 0.9979731 | P47: 3.8592925 | Q47: 3.7639861 | R47: 172.356 | S47: 168.09962 | AD47: 0.0509 | AE47: 0.0455 | AF47: 0.0275 | AG47: 0.0449 | AH47: 0.0255 | AI47: 0.0072 | AJ47: 0.0077 | AK47: 0.0036 | AL47: 0.1719 | AM47: 0.0157 | AN47: 0.0045 | AO47: -9999.9999 | AP47: 0.0064 | AQ47: -9999.9999 | AR47: -9999.9999 | AS47: 0.0498 | AT47: =AS47 -> 0.0498 | AU47: 0.0125 | AV47: -9999.9999 | AW47: -9999.9999 | AX47: -9999.9999 | AY47: 0.3256 | AZ47: =AY47 -> 0.3256 | BA47: 0.0042 | BB47: ND
A48: 1 | B48: 0 | C48: 14 | G48: 36.9744 | H48: 40 | I48: 41 | AD48: 0.0055 | AE48: 0.0066 | AF48: 0.0064 | AG48: 0.0045 | AH48: 0.0034 | AI48: -9999.9999 | AJ48: -9999.9999 | AK48: 0.0015 | AL48: 0.0212 | AM48: 0.0038 | AN48: -9999.9999 | AO48: -9999.9999 | AP48: 0.0129 | AQ48: -9999.9999 | AR48: -9999.9999 | AS48: 0.0041 | AT48: =AS48 -> 0.0041 | AU48: 0.004 | AV48: -9999.9999 | AW48: -9999.9999 | AX48: 0.0076 | AY48: 0.0494 | AZ48: =AX48+AY48 -> 0.057 | BA48: -9999.9999 | BB48: ND
A49: 1 | B49: 1 | C49: 15 | D49: 3243 | E49: 28.6 | F49: 4.5893 | G49: 34.85925 | H49: 20 | I49: 20 | J49: 116.66 | K49: 0.00075435759 | L49: -4.1531346e-06 | M49: 1.0220937 | N49: 116.67733 | O49: 0.99606506 | P49: 4.5250262 | Q49: 4.4272126 | R49: 202.08767 | S49: 197.71932 | AD49: 0.0048 | AE49: 0.007 | AF49: 0.0063 | AG49: 0.0035 | AH49: 0.0038 | AI49: -9999.9999 | AJ49: -9999.9999 | AK49: 0.0018 | AL49: 0.0214 | AM49: 0.0053 | AN49: -9999.9999 | AO49: -9999.9999 | AP49: 0.0159 | AQ49: -9999.9999 | AR49: -9999.9999 | AS49: 0.0034 | AT49: =AS49 -> 0.0034 | AU49: -9999.9999 | AV49: 0.0051 | AW49: -9999.9999 | AX49: 0.0082 | AY49: 0.0503 | AZ49: =AX49+AY49 -> 0.0585 | BA49: -9999.9999 | BB49: ND
A50: 1 | B50: 0 | C50: 16 | G50: 34.6165 | H50: 10 | I50: 10 | AD50: 0.0032 | AE50: 0.0058 | AF50: 0.0043 | AG50: 0.0033 | AH50: 0.0033 | AI50: -9999.9999 | AJ50: -9999.9999 | AK50: 0.0017 | AL50: 0.0172 | AM50: 0.004 | AN50: -9999.9999 | AO50: -9999.9999 | AP50: 0.0131 | AQ50: -9999.9999 | AR50: -9999.9999 | AS50: 0.0027 | AT50: =AS50 -> 0.0027 | AU50: -9999.9999 | AV50: 0.0039 | AW50: -9999.9999 | AX50: 0.0079 | AY50: 0.0417 | AZ50: =AX50+AY50 -> 0.0496 | BA50: -9999.9999 | BB50: ND
A51: 1 | B51: 1 | C51: 17 | D51: 3245 | E51: 29.1 | F51: 4.6037 | G51: 34.6167 | H51: 0 | I51: 4 | J51: 119.39 | K51: 0.00075374702 | L51: -4.1497348e-06 | M51: 1.0217452 | N51: 119.40745 | O51: 0.99591922 | P51: 4.4336852 | Q51: 4.3393256 | R51: 198.00838 | S51: 193.79428 | AD51: -9999.9999 | AE51: -9999.9999 | AF51: -9999.9999 | AG51: -9999.9999 | AH51: -9999.9999 | AI51: -9999.9999 | AJ51: -9999.9999 | AK51: -9999.9999 | AL51: -9999.9999 | AM51: -9999.9999 | AN51: -9999.9999 | AO51: -9999.9999 | AP51: 0 | AQ51: -9999.9999 | AR51: -9999.9999 | AS51: -9999.9999 | AT51: =AS51 -> -9999.9999 | AU51: -9999.9999 | AV51: -9999.9999 | AW51: -9999.9999 | AX51: -9999.9999 | AY51: -9999.9999 | AZ51: =AY51 -> -9999.9999 | BA51: -9999.9999 | BB51: ND
A52: 1 | B52: 0 | C52: 18
A53: 1 | B53: 0 | C53: 19
A54: 1 | B54: 0 | C54: 20
A55: 1 | B55: 0 | C55: 21
A56: 1 | B56: 0 | C56: 22
A57: 1 | B57: 0 | C57: 23
A58: 1 | B58: 0 | C58: 24

Sheet 008_01
C2: Campagne : | F2: PIRATA-FR30
C4: Données de campagne
C6: N° de station : | F6: 8 | H6: N° de palanquée : | P6: 1 | R6: Date d'analyse : | T6: 42426
G8: Position | I8: Degrés | J8: Minutes | P8: Cardinal | Q8: Décimale
G9: Latitude | I9: 00° | J9: 39.70' | K9: N | L9: + | M9: N | N9: E | O9: 0°39,7 | P9: N | Q9: 0.66166667 | V9: 4.9567
G10: Longitude | I10: 000° | J10: 00.16' | K10: E | L10: + | M10: S | N10: W | O10: 0°0,16 | P10: E | Q10: 0.0026666667 | V10: 4.9632
G11: Prélèvement | I11: Date | J11: 42425 | N11: 0°39,7 | O11: 1 | P11: 2020-02-26T20:45:44z | V11: 4.9702
I12: Heure | J12: 0.86509259 | N12: 0°0,16 | O12: 1 | V12: 4.9497
C13: Données : | V13: 4.956
C14: Température du laboratoire à la calibration ( t°c ) | Q14: t°c = | R14: 23 | S14: °C | V14: 4.9487
C15: Température du laboratoire au début de la série d'analyses | Q15: t°lab = | R15: 23.5 | S15: °C | V15: 4.9574167
C16: Volume moyen de thiosulfate pour la titration à t°c | Q16: Vmoy.titr.t°c = | R16: 4.9574167 | S16: mL
C17: Volume moyen de thiosulfate pour la détermination du blanc à t°c | Q17: Vmoy.titr.blanc.t°c = | R17: 0.0047 | S17: mL
C18: Masse volumique de l'eau pure à la calibration | O18: ρ = | P18: 0.99754117
C19: Normalite de l'iodate (NIO3) à la température de calibration | O19: N(IO3) = | P19: 0.019999099 | Q19: N
C20: Vol. de la prise d'essai d'iodate (VIO3) à 20°C | O20: V(IO3)20°C = | P20: 5.0112146 | Q20: mL
C21: Vol. de la prise d'essai d'iodate (VIO3) à t°c | O21: V(IO3)t°c= | P21: 5.0113649 | Q21: mL
C22: Volume moyen de thiosulfate pour la titration à 20° C | O22: Vmoy.titr.20°C = | P22: 4.9572679 | Q22: mL
C23: Volume moyen de thiosulfate pour la détermination du blanc à 20° C | O23: Vmoy.titr.blanc.20°C = | P23: 0.004699859 | Q23: mL
C24: Normalite de l'iodate (NIO3) à 20°C | O24: N(IO3)20°C = | P24: 0.020012434 | Q24: N
C25: Titre du thiosulfate à 20°C | O25: V(Thio)20°C = | P25: 0.0040308838 | Q25: N
C26: Volume de réactif utilisé | O26: Vreg = | P26: 2.0367937 | Q26: mL
O27: DOreg = | P27: 0.0017
E29: Choix de la série de flacons : | I29: IRD | O29: IRD
O30: LPO
C31: N° | D31: N° des Flacons | E31: T° prélèv. | F31: Volume de thio. | G31: Salinité | H31: Prof. Théorique | I31: Prof. Effective | J31: V. flacons 20°C | K31: A | L31: B | M31: Densité eau de mer à t° | N31: Vol. à t° prél. des flacons | O31: Densité eau pure à t° | P31: Oxygène dissous | T31: NO2 | V31: NO3 + NO2 | X31: NO3 | Z31: Phosphate | AB31: Silicate | AD31: chlorophyll-c3 | AE31: chlorophyll-c1+c2 | AF31: peridinin | AG31: 19'-butanoyloxyfucoxanthin | AH31: fucoxanthine | AI31: neoxanthin | AJ31: prasinoxanthin | AK31: violaxanthin | AL31: 19'-hexanoyloxyfucoxanthin | AM31: diadinoxanthin | AN31: alloxanthin | AO31: diatoxanthin | AP31: zeaxanthin | AQ31: lutein | AR31: divinyl chlorophyll-b | AS31: chlorophyll-b | AT31: total chlorophyll-b | AU31: alpha-carotene | AV31: beta-carotene | AW31: pheophorbide | AX31: divinyl chlorophyll-a | AY31: chlorophyll-a | AZ31: total chlorophyll-a | BA31: pheophytin_a | BB31: crocoxanthin
C33: BTL | E33: °C | F33: ml | H33: m | I33: dbar | J33: ml | P33: DOX1 | R33: DOXY | S33: DOX2 | T33: NTRI | U33: NTIW | V33: NTRZ | W33: NTZW | X33: NTRA | Y33: NTAW | Z33: PHOS | AA33: PHOW | AB33: SLCA | AC33: SLCW | AD33: CHC3 | AE33: CHCZ | AF33: PERP | AG33: BFUP | AH33: FUCP | AI33: NEXW | AJ33: PXAP | AK33: VIOW | AL33: HFUP | AM33: DXAP | AN33: AXAP | AO33: TXAP | AP33: ZXAP | AQ33: LUTW | AR33: CHBD | AS33: CH2P | AT33: CHLB | AU33: AACP | AV33: BBCP | AW33: PHEP | AX33: CHAD | AY33: CH1P | AZ33: CPHL | BA33: PHEA | BB33: CXAP
N34: mL | P34: ml/l | Q34: ml/kg | R34: µmol/l | S34: µmol/kg | T34: µmol/l | U34: µmol/kg | V34: µmol/l | W34: µmol/kg | X34: µmol/l | Y34: µmol/kg | Z34: µmol/l | AA34: µmol/kg | AB34: µmol/l | AC34: µmol/kg | AD34: µg.l-1 | AE34: µg.l-1 | AF34: µg.l-1 | AG34: µg.l-1 | AH34: µg.l-1 | AI34: µg.l-1 | AJ34: µg.l-1 | AK34: µg.l-1 | AL34: µg.l-1 | AM34: µg.l-1 | AN34: µg.l-1 | AO34: µg.l-1 | AP34: µg.l-1 | AQ34: µg.l-1 | AR34: µg.l-1 | AS34: µg.l-1 | AT34: µg.l-1 | AU34: µg.l-1 | AV34: µg.l-1 | AW34: µg.l-1 | AX34: µg.l-1 | AY34: µg.l-1 | AZ34: µg.l-1 | BA34: µg.l-1 | BB34: µg.l-1
A35: 1 | B35: 1 | C35: 1 | D35: 2075 | E35: 9.7 | F35: 2.5437 | G35: 34.64585 | H35: 500 | I35: 504 | J35: 110.99771 | K35: 0.00079130806 | L35: -4.8883223e-06 | M35: 1.0267265 | N35: 111.01396 | O35: 0.9997279 | P35: 2.6283953 | Q35: 2.5599761 | R35: 117.38413 | S35: 114.32853
A36: 1 | B36: 1 | C36: 2 | D36: 2076 | E36: 11.4 | F36: 1.5648 | G36: 34.85875 | H36: 400 | I36: 403 | J36: 106.39863 | K36: 0.00078667123 | L36: -4.7738138e-06 | M36: 1.0265928 | N36: 106.41444 | O36: 0.99956583 | P36: 1.681822 | Q36: 1.6382563 | R36: 75.110172 | S36: 73.164524
A37: 1 | B37: 1 | C37: 3 | D37: 2077 | E37: 12.8 | F37: 1.5715 | G37: 35.0477 | H37: 300 | I37: 302 | J37: 117.65506 | K37: 0.00078308104 | L37: -4.6866937e-06 | M37: 1.0264705 | N37: 117.67276 | O37: 0.99940429 | P37: 1.5246432 | Q37: 1.4853259 | R37: 68.090567 | S37: 66.334654
A38: 1 | B38: 1 | C38: 4 | D38: 2078 | E38: 15.9 | F38: 2.3825 | G38: 35.43995 | H38: 200 | I38: 202 | J38: 110.09049 | K38: 0.0007758173 | L38: -4.5168664e-06 | M38: 1.0261099 | N38: 110.10749 | O38: 0.99896115 | P38: 2.4814704 | Q38: 2.418328 | R38: 110.82247 | S38: 108.00253
A39: 1 | B39: 1 | C39: 5 | D39: 2079 | E39: 17.4 | F39: 3.1287 | G39: 35.6775 | H39: 100 | I39: 101 | J39: 107.71659 | K39: 0.00077262057 | L39: -4.4461087e-06 | M39: 1.0259392 | N39: 107.73347 | O39: 0.9987065 | P39: 3.3369476 | Q39: 3.2525784 | R39: 149.02808 | S39: 145.26015 | AD39: 0.01 | AE39: 0.0059 | AF39: -9999.9999 | AG39: 0.0159 | AH39: 0.0071 | AI39: -9999.9999 | AJ39: -9999.9999 | AK39: -9999.9999 | AL39: 0.0257 | AM39: 0.0014 | AN39: -9999.9999 | AO39: -9999.9999 | AP39: 0.0028 | AQ39: -9999.9999 | AR39: 0.0062 | AS39: 0.006 | AT39: =AR39+AS39 -> 0.0122 | AU39: 0.0035 | AV39: -9999.9999 | AW39: -9999.9999 | AX39: 0.0061 | AY39: 0.0378 | AZ39: =AX39+AY39 -> 0.0439 | BA39: 0.0013 | BB39: ND
A40: 1 | B40: 1 | C40: 6 | D40: 2080 | E40: 18.4 | F40: 3.1988 | G40: 35.7892 | H40: 80 | I40: 81 | J40: 108.72896 | K40: 0.00077059793 | L40: -4.4030734e-06 | M40: 1.025778 | N40: 108.74612 | O40: 0.99852278 | P40: 3.3796975 | Q40: 3.2947651 | R40: 150.93729 | S40: 147.14421 | AD40: 0.0251 | AE40: 0.0128 | AF40: 0.0027 | AG40: 0.031 | AH40: 0.0129 | AI40: 0.004 | AJ40: 0.0025 | AK40: 0.0016 | AL40: 0.0478 | AM40: 0.0034 | AN40: -9999.9999 | AO40: -9999.9999 | AP40: 0.0067 | AQ40: -9999.9999 | AR40: 0.0215 | AS40: 0.0193 | AT40: =AR40+AS40 -> 0.0408 | AU40: 0.0079 | AV40: -9999.9999 | AW40: -9999.9999 | AX40: 0.0189 | AY40: 0.0851 | AZ40: =AX40+AY40 -> 0.104 | BA40: 0.0016 | BB40: ND
A41: 1 | B41: 1 | C41: 7 | D41: 2081 | E41: 20.6 | F41: 3.5104 | G41: 35.91525 | H41: 60 | I41: 61 | J41: 119.40087 | K41: 0.00076643936 | L41: -4.3200441e-06 | M41: 1.0253009 | N41: 119.41987 | O41: 0.99808067 | P41: 3.3730885 | Q41: 3.2898523 | R41: 150.64213 | S41: 146.9248
A42: 1 | B42: 1 | C42: 8 | D42: 2082 | E42: 20.7 | F42: 3.2646 | G42: 35.9152 | H42: 60 | I42: 61 | J42: 111.17907 | K42: 0.00076625954 | L42: -4.3166506e-06 | M42: 1.0252738 | N42: 111.19676 | O42: 0.99805936 | P42: 3.3721072 | Q42: 3.2889821 | R42: 150.59831 | S42: 146.88594 | AD42: 0.0501 | AE42: 0.0349 | AF42: 0.0098 | AG42: 0.0592 | AH42: 0.0267 | AI42: 0.0094 | AJ42: 0.009 | AK42: 0.0035 | AL42: 0.1126 | AM42: 0.0101 | AN42: 0.0046 | AO42: -9999.9999 | AP42: 0.0152 | AQ42: -9999.9999 | AR42: 0.0136 | AS42: 0.0605 | AT42: =AR42+AS42 -> 0.0741 | AU42: 0.0128 | AV42: -9999.9999 | AW42: -9999.9999 | AX42: 0.0286 | AY42: 0.2419 | AZ42: =AX42+AY42 -> 0.2705 | BA42: 0.003 | BB42: ND
A43: 1 | B43: 1 | C43: 9 | D43: 2083 | E43: 24.4 | F43: 4.4964 | G43: 35.9405 | H43: 40 | I43: 41 | J43: 109.43019 | K43: 0.00076013738 | L43: -4.2143547e-06 | M43: 1.0242357 | N43: 109.44764 | O43: 0.99719999 | P43: 4.7261362 | Q43: 4.6143051 | R43: 211.06924 | S43: 206.07487 | AD43: 0.0073 | AE43: 0.0114 | AF43: 0.0098 | AG43: 0.008 | AH43: 0.0079 | AI43: -9999.9999 | AJ43: -9999.9999 | AK43: -9999.9999 | AL43: 0.0345 | AM43: 0.005 | AN43: 0.0009 | AO43: -9999.9999 | AP43: 0.035 | AQ43: -9999.9999 | AR43: 0.0045 | AS43: 0.0135 | AT43: =AR43+AS43 -> 0.018 | AU43: 0.0088 | AV43: -9999.9999 | AW43: -9999.9999 | AX43: 0.0219 | AY43: 0.0858 | AZ43: =AX43+AY43 -> 0.1077 | BA43: 0.0016 | BB43: ND
A44: 1 | B44: 1 | C44: 10 | D44: 2084 | E44: 29.5 | F44: 4.2143 | G44: 34.6406 | H44: 20 | I44: 20 | J44: 109.28312 | K44: 0.00075327002 | L44: -4.1476107e-06 | M44: 1.0216288 | N44: 109.29912 | O44: 0.99580095 | P44: 4.4347518 | Q44: 4.3408641 | R44: 198.05601 | S44: 193.86299 | AD44: 0.0025 | AE44: 0.0044 | AF44: 0.003 | AG44: 0.0035 | AH44: 0.0053 | AI44: -9999.9999 | AJ44: -9999.9999 | AK44: -9999.9999 | AL44: 0.0187 | AM44: 0.0039 | AN44: -9999.9999 | AO44: -9999.9999 | AP44: 0.0237 | AQ44: -9999.9999 | AR44: -9999.9999 | AS44: 0.0055 | AT44: =AS44 -> 0.0055 | AU44: -9999.9999 | AV44: 0.0052 | AW44: -9999.9999 | AX44: 0.0077 | AY44: 0.0396 | AZ44: =AX44+AY44 -> 0.0473 | BA44: -9999.9999 | BB44: ND
A45: 1 | B45: 0 | C45: 11 | H45: 10 | I45: 11 | AD45: 0.003 | AE45: 0.0045 | AF45: 0.0038 | AG45: 0.0033 | AH45: 0.0058 | AI45: -9999.9999 | AJ45: -9999.9999 | AK45: -9999.9999 | AL45: 0.0173 | AM45: 0.0041 | AN45: -9999.9999 | AO45: -9999.9999 | AP45: 0.0224 | AQ45: -9999.9999 | AR45: -9999.9999 | AS45: 0.0058 | AT45: =AS45 -> 0.0058 | AU45: -9999.9999 | AV45: 0.0047 | AW45: -9999.9999 | AX45: 0.007 | AY45: 0.0395 | AZ45: =AX45+AY45 -> 0.0465 | BA45: -9999.9999 | BB45: ND
A46: 1 | B46: 1 | C46: 12 | D46: 2086 | E46: 29.5 | F46: 4.1744 | G46: 34.64005 | H46: 0 | I46: 3 | J46: 108.40476 | K46: 0.00075327002 | L46: -4.1476107e-06 | M46: 1.0216284 | N46: 108.42063 | O46: 0.99580095 | P46: 4.4288861 | Q46: 4.3351243 | R46: 197.79405 | S46: 193.60665 | AD46: 0.004 | AE46: 0.0045 | AF46: 0.0034 | AG46: 0.0034 | AH46: 0.0052 | AI46: -9999.9999 | AJ46: -9999.9999 | AK46: -9999.9999 | AL46: 0.0193 | AM46: 0.0046 | AN46: -9999.9999 | AO46: -9999.9999 | AP46: 0.0318 | AQ46: -9999.9999 | AR46: -9999.9999 | AS46: 0.006 | AT46: =AS46 -> 0.006 | AU46: -9999.9999 | AV46: 0.0066 | AW46: -9999.9999 | AX46: 0.0098 | AY46: 0.0447 | AZ46: =AX46+AY46 -> 0.0545 | BA46: -9999.9999 | BB46: ND
A47: 1 | B47: 0 | C47: 13
A48: 1 | B48: 0 | C48: 14
A49: 1 | B49: 0 | C49: 15
A50: 1 | B50: 0 | C50: 16
A51: 1 | B51: 0 | C51: 17
A52: 1 | B52: 0 | C52: 18
A53: 1 | B53: 0 | C53: 19
A54: 1 | B54: 0 | C54: 20
A55: 1 | B55: 0 | C55: 21
A56: 1 | B56: 0 | C56: 22
A57: 1 | B57: 0 | C57: 23
A58: 1 | B58: 0 | C58: 24

Sheet 009_01
C2: Campagne : | F2: PIRATA-FR30
C4: Données de campagne
C6: N° de station : | F6: 9 | H6: N° de palanquée : | P6: 1 | R6: Date d'analyse : | T6: 42426
G8: Position | I8: Degrés | J8: Minutes | P8: Cardinal | Q8: Décimale
G9: Latitude | I9: 00° | J9: 19.82' | K9: N | L9: + | M9: N | N9: E | O9: 0°19,82 | P9: N | Q9: 0.33033333
G10: Longitude | I10: 000° | J10: 00.04' | K10: E | L10: + | M10: S | N10: W | O10: 0°0,04 | P10: E | Q10: 0.00066666667
G11: Prélèvement | I11: Date | J11: 42426 | N11: 0°19,82 | O11: 1 | P11: 2020-02-27T03:06:01z
I12: Heure | J12: 0.12917824 | N12: 0°0,04 | O12: 1
C13: Données :
C14: Température du laboratoire à la calibration ( t°c ) | Q14: t°c = | R14: 23 | S14: °C
C15: Température du laboratoire au début de la série d'analyses | Q15: t°lab = | R15: 23.5 | S15: °C
C16: Volume moyen de thiosulfate pour la titration à t°c | Q16: Vmoy.titr.t°c = | R16: 4.9574167 | S16: mL
C17: Volume moyen de thiosulfate pour la détermination du blanc à t°c | Q17: Vmoy.titr.blanc.t°c = | R17: 0.0047 | S17: mL
C18: Masse volumique de l'eau pure à la calibration | O18: ρ = | P18: 0.99754117
C19: Normalite de l'iodate (NIO3) à la température de calibration | O19: N(IO3) = | P19: 0.019999099 | Q19: N
C20: Vol. de la prise d'essai d'iodate (VIO3) à 20°C | O20: V(IO3)20°C = | P20: 5.0112146 | Q20: mL
C21: Vol. de la prise d'essai d'iodate (VIO3) à t°c | O21: V(IO3)t°c= | P21: 5.0113649 | Q21: mL
C22: Volume moyen de thiosulfate pour la titration à 20° C | O22: Vmoy.titr.20°C = | P22: 4.9572679 | Q22: mL
C23: Volume moyen de thiosulfate pour la détermination du blanc à 20° C | O23: Vmoy.titr.blanc.20°C = | P23: 0.004699859 | Q23: mL
C24: Normalite de l'iodate (NIO3) à 20°C | O24: N(IO3)20°C = | P24: 0.020012434 | Q24: N
C25: Titre du thiosulfate à 20°C | O25: V(Thio)20°C = | P25: 0.0040308838 | Q25: N
C26: Volume de réactif utilisé | O26: Vreg = | P26: 2.0367937 | Q26: mL
O27: DOreg = | P27: 0.0017
E29: Choix de la série de flacons : | I29: IRD | O29: IRD
O30: LPO
C31: N° | D31: N° des Flacons | E31: T° prélèv. | F31: Volume de thio. | G31: Salinité | H31: Prof. Théorique | I31: Prof. Effective | J31: V. flacons 20°C | K31: A | L31: B | M31: Densité eau de mer à t° | N31: Vol. à t° prél. des flacons | O31: Densité eau pure à t° | P31: Oxygène dissous | T31: NO2 | V31: NO3 + NO2 | X31: NO3 | Z31: Phosphate | AB31: Silicate | AD31: chlorophyll-c3 | AE31: chlorophyll-c1+c2 | AF31: peridinin | AG31: 19'-butanoyloxyfucoxanthin | AH31: fucoxanthine | AI31: neoxanthin | AJ31: prasinoxanthin | AK31: violaxanthin | AL31: 19'-hexanoyloxyfucoxanthin | AM31: diadinoxanthin | AN31: alloxanthin | AO31: diatoxanthin | AP31: zeaxanthin | AQ31: lutein | AR31: divinyl chlorophyll-b | AS31: chlorophyll-b | AT31: total chlorophyll-b | AU31: alpha-carotene | AV31: beta-carotene | AW31: pheophorbide | AX31: divinyl chlorophyll-a | AY31: chlorophyll-a | AZ31: total chlorophyll-a | BA31: pheophytin_a | BB31: crocoxanthin
C33: BTL | E33: °C | F33: ml | H33: m | I33: dbar | J33: ml | P33: DOX1 | R33: DOXY | S33: DOX2 | T33: NTRI | U33: NTIW | V33: NTRZ | W33: NTZW | X33: NTRA | Y33: NTAW | Z33: PHOS | AA33: PHOW | AB33: SLCA | AC33: SLCW | AD33: CHC3 | AE33: CHCZ | AF33: PERP | AG33: BFUP | AH33: FUCP | AI33: NEXW | AJ33: PXAP | AK33: VIOW | AL33: HFUP | AM33: DXAP | AN33: AXAP | AO33: TXAP | AP33: ZXAP | AQ33: LUTW | AR33: CHBD | AS33: CH2P | AT33: CHLB | AU33: AACP | AV33: BBCP | AW33: PHEP | AX33: CHAD | AY33: CH1P | AZ33: CPHL | BA33: PHEA | BB33: CXAP
N34: mL | P34: ml/l | Q34: ml/kg | R34: µmol/l | S34: µmol/kg | T34: µmol/l | U34: µmol/kg | V34: µmol/l | W34: µmol/kg | X34: µmol/l | Y34: µmol/kg | Z34: µmol/l | AA34: µmol/kg | AB34: µmol/l | AC34: µmol/kg | AD34: µg.l-1 | AE34: µg.l-1 | AF34: µg.l-1 | AG34: µg.l-1 | AH34: µg.l-1 | AI34: µg.l-1 | AJ34: µg.l-1 | AK34: µg.l-1 | AL34: µg.l-1 | AM34: µg.l-1 | AN34: µg.l-1 | AO34: µg.l-1 | AP34: µg.l-1 | AQ34: µg.l-1 | AR34: µg.l-1 | AS34: µg.l-1 | AT34: µg.l-1 | AU34: µg.l-1 | AV34: µg.l-1 | AW34: µg.l-1 | AX34: µg.l-1 | AY34: µg.l-1 | AZ34: µg.l-1 | BA34: µg.l-1 | BB34: µg.l-1
A35: 1 | B35: 1 | C35: 1 | D35: 2087 | E35: 10.5 | F35: 2.606 | G35: 34.6371 | H35: 500 | I35: 505 | J35: 111.38551 | K35: 0.00078908717 | L35: -4.8332446e-06 | M35: 1.0265824 | N35: 111.40181 | O35: 0.99965638 | P35: 2.6836046 | Q35: 2.614115 | R35: 119.84978 | S35: 116.74638
A36: 1 | B36: 1 | C36: 2 | D36: 2088 | E36: 12.5 | F36: 1.5637 | G36: 34.8458 | H36: 400 | I36: 400 | J36: 109.24468 | K36: 0.00078383353 | L36: -4.7048162e-06 | M36: 1.0263732 | N36: 109.2609 | O36: 0.99944099 | P36: 1.6360129 | Q36: 1.5939747 | R36: 73.064334 | S36: 71.186909
A37: 1 | B37: 1 | C37: 3 | D37: 2089 | E37: 13.8 | F37: 1.4826 | G37: 35.0259 | H37: 300 | I37: 302 | J37: 110.1533 | K37: 0.00078063733 | L37: -4.628436e-06 | M37: 1.0262498 | N37: 110.16985 | O37: 0.99927395 | P37: 1.5373 | Q37: 1.4979785 | R37: 68.655819 | S37: 66.899718
A38: 1 | B38: 1 | C38: 4 | D38: 2090 | E38: 17.6 | F38: 2.5207 | G38: 35.47775 | H38: 200 | I38: 202 | J38: 112.008 | K38: 0.00077220922 | L38: -4.4372369e-06 | M38: 1.0257373 | N38: 112.02534 | O38: 0.99867063 | P38: 2.580538 | Q38: 2.5157884 | R38: 115.24683 | S38: 112.35511
A39: 1 | B39: 1 | C39: 5 | D39: 2091 | E39: 18.8 | F39: 3.328 | G39: 35.7017 | H39: 100 | I39: 100 | J39: 108.77058 | K39: 0.00076981247 | L39: -4.3867858e-06 | M39: 1.0256099 | N39: 108.78766 | O39: 0.99844623 | P39: 3.5154855 | Q39: 3.4277025 | R39: 157.00158 | S39: 153.08119
A40: 1 | B40: 1 | C40: 6 | D40: 2092 | E40: 19.8 | F40: 3.3645 | G40: 35.8075 | H40: 80 | I40: 82 | J40: 107.21414 | K40: 0.00076790636 | L40: -4.3483834e-06 | M40: 1.0254319 | N40: 107.23109 | O40: 0.99824737 | P40: 3.6068104 | Q40: 3.5173572 | R40: 161.08015 | S40: 157.08517
A41: 1 | B41: 1 | C41: 7 | D41: 2093 | E41: 21.5 | F41: 3.7392 | G41: 36.10215 | H41: 60 | I41: 60 | J41: 109.12116 | K41: 0.00076484891 | L41: -4.2906938e-06 | M41: 1.0251969 | N41: 109.13873 | O41: 0.9978852 | P41: 3.9388842 | Q41: 3.8420759 | R41: 175.91057 | S41: 171.58711
A42: 1 | B42: 1 | C42: 8 | D42: 2094 | E42: 23.9 | F42: 4.2315 | G42: 35.91145 | H42: 40 | I42: 42 | J42: 110.23405 | K42: 0.00076090605 | L42: -4.2255311e-06 | M42: 1.024363 | N42: 110.25159 | O42: 0.99732403 | P42: 4.4137237 | Q42: 4.3087497 | R42: 197.1169 | S42: 192.42876
A43: 1 | B43: 1 | C43: 9 | D43: 2095 | E43: 24.2 | F43: 4.3331 | G43: 35.9101 | H43: 40 | I43: 42 | J43: 112.36443 | K43: 0.00076044272 | L43: -4.2187259e-06 | M43: 1.0242727 | N43: 112.38231 | O43: 0.99724989 | P43: 4.4327994 | Q43: 4.3277533 | R43: 197.96882 | S43: 193.27746
A44: 1 | B44: 1 | C44: 10 | D44: 2096 | E44: 29.3 | F44: 4.1423 | G44: 34.6286 | H44: 20 | I44: 22 | J44: 107.28989 | K44: 0.00075350725 | L44: -4.1486066e-06 | M44: 1.0216871 | N44: 107.30558 | O44: 0.99586026 | P44: 4.4412554 | Q44: 4.3469818 | R44: 198.34646 | S44: 194.13621
A45: 1 | B45: 0 | C45: 11 | I45: 13
A46: 1 | B46: 1 | C46: 12 | D46: 2097 | E46: 29.7 | F46: 4.2425 | G46: 34.56905 | H46: 0 | I46: 2 | J46: 110.36298 | K46: 0.00075303532 | L46: -4.1467471e-06 | M46: 1.0215075 | N46: 110.37906 | O46: 0.99574129 | P46: 4.4200322 | Q46: 4.3269697 | R46: 197.39864 | S46: 193.24247
A47: 1 | B47: 0 | C47: 13
A48: 1 | B48: 0 | C48: 14
A49: 1 | B49: 0 | C49: 15
A50: 1 | B50: 0 | C50: 16
A51: 1 | B51: 0 | C51: 17
A52: 1 | B52: 0 | C52: 18
A53: 1 | B53: 0 | C53: 19
A54: 1 | B54: 0 | C54: 20
A55: 1 | B55: 0 | C55: 21
A56: 1 | B56: 0 | C56: 22
A57: 1 | B57: 0 | C57: 23
A58: 1 | B58: 0 | C58: 24

Sheet 010_01
C2: Campagne : | F2: PIRATA-FR30
C4: Données de campagne
C6: N° de station : | F6: 10 | H6: N° de palanquée : | P6: 1 | R6: Date d'analyse : | T6: 42428
G8: Position | I8: Degrés | J8: Minutes | P8: Cardinal | Q8: Décimale | V8: 4.9544
G9: Latitude | I9: 00° | J9: 29.99' | K9: S | L9: - | M9: N | N9: E | O9: -0°29,99 | P9: S | Q9: -0.49983333 | V9: 4.9518
G10: Longitude | I10: 000° | J10: 00.06' | K10: W | L10: - | M10: S | N10: W | O10: -0°0,06 | P10: W | Q10: -0.001 | V10: 4.9532
G11: Prélèvement | I11: Date | J11: 27:02:2020 | N11: 0°29,99 | O11: -1 | P11: 2020-02-27T20:15:53z | V11: 4.9536
I12: Heure | J12: 0.84436343 | N12: 0°0,06 | O12: -1 | V12: 4.9536
C13: Données : | V13: 4.95332
C14: Température du laboratoire à la calibration ( t°c ) | Q14: t°c = | R14: 22.3 | S14: °C
C15: Température du laboratoire au début de la série d'analyses | Q15: t°lab = | R15: 22.3 | S15: °C
C16: Volume moyen de thiosulfate pour la titration à t°c | Q16: Vmoy.titr.t°c = | R16: 4.95332 | S16: mL
C17: Volume moyen de thiosulfate pour la détermination du blanc à t°c | Q17: Vmoy.titr.blanc.t°c = | R17: 0.0047 | S17: mL
C18: Masse volumique de l'eau pure à la calibration | O18: ρ = | P18: 0.99770453
C19: Normalite de l'iodate (NIO3) à la température de calibration | O19: N(IO3) = | P19: 0.020002374 | Q19: N
C20: Vol. de la prise d'essai d'iodate (VIO3) à 20°C | O20: V(IO3)20°C = | P20: 5.0112146 | Q20: mL
C21: Vol. de la prise d'essai d'iodate (VIO3) à t°c | O21: V(IO3)t°c= | P21: 5.0113298 | Q21: mL
C22: Volume moyen de thiosulfate pour la titration à 20° C | O22: Vmoy.titr.20°C = | P22: 4.9532061 | Q22: mL
C23: Volume moyen de thiosulfate pour la détermination du blanc à 20° C | O23: Vmoy.titr.blanc.20°C = | P23: 0.0046998919 | Q23: mL
C24: Normalite de l'iodate (NIO3) à 20°C | O24: N(IO3)20°C = | P24: 0.020012434 | Q24: N
C25: Titre du thiosulfate à 20°C | O25: V(Thio)20°C = | P25: 0.0040348531 | Q25: N
C26: Volume de réactif utilisé | O26: Vreg = | P26: 2.0367937 | Q26: mL
O27: DOreg = | P27: 0.0017
E29: Choix de la série de flacons : | I29: IRD | O29: IRD
O30: LPO
C31: N° | D31: N° des Flacons | E31: T° prélèv. | F31: Volume de thio. | G31: Salinité | H31: Prof. Théorique | I31: Prof. Effective | J31: V. flacons 20°C | K31: A | L31: B | M31: Densité eau de mer à t° | N31: Vol. à t° prél. des flacons | O31: Densité eau pure à t° | P31: Oxygène dissous | T31: NO2 | V31: NO3 + NO2 | X31: NO3 | Z31: Phosphate | AB31: Silicate | AD31: chlorophyll-c3 | AE31: chlorophyll-c1+c2 | AF31: peridinin | AG31: 19'-butanoyloxyfucoxanthin | AH31: fucoxanthine | AI31: neoxanthin | AJ31: prasinoxanthin | AK31: violaxanthin | AL31: 19'-hexanoyloxyfucoxanthin | AM31: diadinoxanthin | AN31: alloxanthin | AO31: diatoxanthin | AP31: zeaxanthin | AQ31: lutein | AR31: divinyl chlorophyll-b | AS31: chlorophyll-b | AT31: total chlorophyll-b | AU31: alpha-carotene | AV31: beta-carotene | AW31: pheophorbide | AX31: divinyl chlorophyll-a | AY31: chlorophyll-a | AZ31: total chlorophyll-a | BA31: pheophytin_a | BB31: crocoxanthin
C33: BTL | E33: °C | F33: ml | H33: m | I33: dbar | J33: ml | P33: DOX1 | R33: DOXY | S33: DOX2 | T33: NTRI | U33: NTIW | V33: NTRZ | W33: NTZW | X33: NTRA | Y33: NTAW | Z33: PHOS | AA33: PHOW | AB33: SLCA | AC33: SLCW | AD33: CHC3 | AE33: CHCZ | AF33: PERP | AG33: BFUP | AH33: FUCP | AI33: NEXW | AJ33: PXAP | AK33: VIOW | AL33: HFUP | AM33: DXAP | AN33: AXAP | AO33: TXAP | AP33: ZXAP | AQ33: LUTW | AR33: CHBD | AS33: CH2P | AT33: CHLB | AU33: AACP | AV33: BBCP | AW33: PHEP | AX33: CHAD | AY33: CH1P | AZ33: CPHL | BA33: PHEA | BB33: CXAP
N34: mL | P34: ml/l | Q34: ml/kg | R34: µmol/l | S34: µmol/kg | T34: µmol/l | U34: µmol/kg | V34: µmol/l | W34: µmol/kg | X34: µmol/l | Y34: µmol/kg | Z34: µmol/l | AA34: µmol/kg | AB34: µmol/l | AC34: µmol/kg | AD34: µg.l-1 | AE34: µg.l-1 | AF34: µg.l-1 | AG34: µg.l-1 | AH34: µg.l-1 | AI34: µg.l-1 | AJ34: µg.l-1 | AK34: µg.l-1 | AL34: µg.l-1 | AM34: µg.l-1 | AN34: µg.l-1 | AO34: µg.l-1 | AP34: µg.l-1 | AQ34: µg.l-1 | AR34: µg.l-1 | AS34: µg.l-1 | AT34: µg.l-1 | AU34: µg.l-1 | AV34: µg.l-1 | AW34: µg.l-1 | AX34: µg.l-1 | AY34: µg.l-1 | AZ34: µg.l-1 | BA34: µg.l-1 | BB34: µg.l-1
A35: 1 | B35: 1 | C35: 1 | D35: 2029 | E35: 10.3 | F35: 2.4135 | G35: 34.6571 | H35: 500 | I35: 503 | J35: 108.87 | K35: 0.00078963584 | L35: -4.8468155e-06 | M35: 1.026633 | N35: 108.88596 | O35: 0.99967506 | P35: 2.5452249 | Q35: 2.4791965 | R35: 113.66974 | S35: 110.72092
A36: 1 | B36: 1 | C36: 2 | D36: 2030 | E36: 12 | F36: 1.5525 | G36: 34.88415 | H36: 400 | I36: 403 | J36: 110.13 | K36: 0.00078510796 | L36: -4.7356824e-06 | M36: 1.0264997 | N36: 110.14639 | O36: 0.99949964 | P36: 1.6124788 | Q36: 1.5708517 | R36: 72.013303 | S36: 70.154238
A37: 1 | B37: 1 | C37: 3 | D37: 2031 | E37: 13.1 | F37: 1.478 | G37: 35.0324 | H37: 300 | I37: 302 | J37: 107.83 | K37: 0.00078233756 | L37: -4.6688689e-06 | M37: 1.0263985 | N37: 107.84621 | O37: 0.99936648 | P37: 1.5676933 | Q37: 1.527373 | R37: 70.013183 | S37: 68.212476
A38: 1 | B38: 1 | C38: 4 | D38: 2032 | E38: 15.8 | F38: 2.329 | G38: 35.42515 | H38: 200 | I38: 202 | J38: 111.3 | K38: 0.00077603756 | L38: -4.5218483e-06 | M38: 1.0261214 | N38: 111.31717 | O38: 0.99897722 | P38: 2.4009206 | Q38: 2.3398018 | R38: 107.22511 | S38: 104.49555
A39: 1 | B39: 0 | C39: 5 | I39: 101
A40: 1 | B40: 1 | C40: 6 | D40: 2033 | E40: 18.2 | F40: 3.4934 | G40: 35.7893 | H40: 80 | I40: 81 | J40: 110.79 | K40: 0.00077099568 | L40: -4.4114157e-06 | M40: 1.0258281 | N40: 110.80749 | O40: 0.9985604 | P40: 3.6260447 | Q40: 3.5347488 | R40: 161.93916 | S40: 157.86188
A41: 1 | B41: 1 | C41: 7 | D41: 2034 | E41: 19.4 | F41: 3.5261 | G41: 35.92905 | H41: 60 | I41: 60 | J41: 109.25 | K41: 0.00076865904 | L41: -4.3633473e-06 | M41: 1.0256294 | N41: 109.2674 | O41: 0.99832819 | P41: 3.7127025 | Q41: 3.6199261 | R41: 165.80929 | S41: 161.6659
A42: 1 | B42: 1 | C42: 8 | D42: 2035 | E42: 23.8 | F42: 4.1879 | G42: 36.4481 | H42: 40 | I42: 40 | J42: 110.1 | K42: 0.00076106192 | L42: -4.2278656e-06 | M42: 1.0247993 | N42: 110.11811 | O42: 0.99734855 | P42: 4.3777995 | Q42: 4.2718602 | R42: 195.51252 | S42: 190.78128
A43: 1 | B43: 1 | C43: 9 | D43: 2036 | E43: 27.5 | F43: 4.4483 | G43: 35.39805 | H43: 20 | I43: 20 | J43: 109.39 | K43: 0.00075575762 | L43: -4.1635263e-06 | M43: 1.0228589 | N43: 109.40684 | O43: 0.99637802 | P43: 4.6818052 | Q43: 4.5771761 | R43: 209.08942 | S43: 204.41668
A44: 1 | B44: 1 | C44: 10 | D44: 2037 | E44: 27.5 | F44: 4.4956 | G44: 35.3902 | H44: 20 | I44: 20 | J44: 110.47 | K44: 0.00075575762 | L44: -4.1635263e-06 | M44: 1.022853 | N44: 110.487 | O44: 0.99637802 | P44: 4.6846302 | Q44: 4.5799643 | R44: 209.21558 | S44: 204.54121
A45: 1 | B45: 1 | C45: 11 | D45: 2038 | E45: 28.9 | F45: 4.4061 | G45: 34.8876 | H45: 15 | I45: 16 | J45: 111.51 | K45: 0.00075398933 | L45: -4.1509955e-06 | M45: 1.0220154 | N45: 111.5266 | O45: 0.99597782 | P45: 4.5474599 | Q45: 4.4495025 | R45: 203.08956 | S45: 198.71478
A46: 1 | B46: 1 | C46: 12 | D46: 2039 | E46: 29.5 | F46: 4.3387 | G46: 34.68525 | H46: 0 | I46: 4 | J46: 111.47 | K46: 0.00075327002 | L46: -4.1476107e-06 | M46: 1.0216623 | N46: 111.48637 | O46: 0.99580095 | P46: 4.4793036 | Q46: 4.3843289 | R46: 200.0457 | S46: 195.80413
A47: 1 | B47: 0 | C47: 13
A48: 1 | B48: 0 | C48: 14
A49: 1 | B49: 0 | C49: 15
A50: 1 | B50: 0 | C50: 16
A51: 1 | B51: 0 | C51: 17
A52: 1 | B52: 0 | C52: 18
A53: 1 | B53: 0 | C53: 19
A54: 1 | B54: 0 | C54: 20
A55: 1 | B55: 0 | C55: 21
A56: 1 | B56: 0 | C56: 22
A57: 1 | B57: 0 | C57: 23
A58: 1 | B58: 0 | C58: 24

Sheet 011_01
C2: Campagne : | F2: PIRATA-FR30
C4: Données de campagne
C6: N° de station : | F6: 11 | H6: N° de palanquée : | P6: 1 | R6: Date d'analyse : | T6: 42427
G8: Position | I8: Degrés | J8: Minutes | P8: Cardinal | Q8: Décimale
G9: Latitude | I9: 01° | J9: 00.12' | K9: S | L9: - | M9: N | N9: E | O9: -1°0,12 | P9: S | Q9: -1.002
G10: Longitude | I10: 000° | J10: 00.02' | K10: W | L10: - | M10: S | N10: W | O10: -0°0,02 | P10: W | Q10: -0.00033333333 | Y10: s
G11: Prélèvement | I11: Date | J11: 42427 | N11: 1°0,12 | O11: -1 | P11: 2020-02-28T00:13:33z
I12: Heure | J12: 0.0094097222 | N12: 0°0,02 | O12: -1
C13: Données :
C14: Température du laboratoire à la calibration ( t°c ) | Q14: t°c = | R14: 22.3 | S14: °C
C15: Température du laboratoire au début de la série d'analyses | Q15: t°lab = | R15: 22.4 | S15: °C
C16: Volume moyen de thiosulfate pour la titration à t°c | Q16: Vmoy.titr.t°c = | R16: 4.95332 | S16: mL
C17: Volume moyen de thiosulfate pour la détermination du blanc à t°c | Q17: Vmoy.titr.blanc.t°c = | R17: 0.0047 | S17: mL
C18: Masse volumique de l'eau pure à la calibration | O18: ρ = | P18: 0.99770453
C19: Normalite de l'iodate (NIO3) à la température de calibration | O19: N(IO3) = | P19: 0.020002374 | Q19: N
C20: Vol. de la prise d'essai d'iodate (VIO3) à 20°C | O20: V(IO3)20°C = | P20: 5.0112146 | Q20: mL
C21: Vol. de la prise d'essai d'iodate (VIO3) à t°c | O21: V(IO3)t°c= | P21: 5.0113298 | Q21: mL
C22: Volume moyen de thiosulfate pour la titration à 20° C | O22: Vmoy.titr.20°C = | P22: 4.9532061 | Q22: mL
C23: Volume moyen de thiosulfate pour la détermination du blanc à 20° C | O23: Vmoy.titr.blanc.20°C = | P23: 0.0046998919 | Q23: mL
C24: Normalite de l'iodate (NIO3) à 20°C | O24: N(IO3)20°C = | P24: 0.020012434 | Q24: N
C25: Titre du thiosulfate à 20°C | O25: V(Thio)20°C = | P25: 0.0040348531 | Q25: N
C26: Volume de réactif utilisé | O26: Vreg = | P26: 2.0367937 | Q26: mL
O27: DOreg = | P27: 0.0017
E29: Choix de la série de flacons : | I29: IRD | O29: IRD | S29: -0.00075 | T29: 39.285698
O30: LPO
C31: N° | D31: N° des Flacons | E31: T° prélèv. | F31: Volume de thio. | G31: Salinité | H31: Prof. Théorique | I31: Prof. Effective | J31: V. flacons 20°C | K31: A | L31: B | M31: Densité eau de mer à t° | N31: Vol. à t° prél. des flacons | O31: Densité eau pure à t° | P31: Oxygène dissous | T31: NO2 | V31: NO3 + NO2 | X31: NO3 | Z31: Phosphate | AB31: Silicate | AD31: chlorophyll-c3 | AE31: chlorophyll-c1+c2 | AF31: peridinin | AG31: 19'-butanoyloxyfucoxanthin | AH31: fucoxanthine | AI31: neoxanthin | AJ31: prasinoxanthin | AK31: violaxanthin | AL31: 19'-hexanoyloxyfucoxanthin | AM31: diadinoxanthin | AN31: alloxanthin | AO31: diatoxanthin | AP31: zeaxanthin | AQ31: lutein | AR31: divinyl chlorophyll-b | AS31: chlorophyll-b | AT31: total chlorophyll-b | AU31: alpha-carotene | AV31: beta-carotene | AW31: pheophorbide | AX31: divinyl chlorophyll-a | AY31: chlorophyll-a | AZ31: total chlorophyll-a | BA31: pheophytin_a | BB31: crocoxanthin
C33: BTL | E33: °C | F33: ml | H33: m | I33: dbar | J33: ml | P33: DOX1 | R33: DOXY | S33: DOX2 | T33: NTRI | U33: NTIW | V33: NTRZ | W33: NTZW | X33: NTRA | Y33: NTAW | Z33: PHOS | AA33: PHOW | AB33: SLCA | AC33: SLCW | AD33: CHC3 | AE33: CHCZ | AF33: PERP | AG33: BFUP | AH33: FUCP | AI33: NEXW | AJ33: PXAP | AK33: VIOW | AL33: HFUP | AM33: DXAP | AN33: AXAP | AO33: TXAP | AP33: ZXAP | AQ33: LUTW | AR33: CHBD | AS33: CH2P | AT33: CHLB | AU33: AACP | AV33: BBCP | AW33: PHEP | AX33: CHAD | AY33: CH1P | AZ33: CPHL | BA33: PHEA | BB33: CXAP
N34: mL | P34: ml/l | Q34: ml/kg | R34: µmol/l | S34: µmol/kg | T34: µmol/l | U34: µmol/kg | V34: µmol/l | W34: µmol/kg | X34: µmol/l | Y34: µmol/kg | Z34: µmol/l | AA34: µmol/kg | AB34: µmol/l | AC34: µmol/kg | AD34: µg.l-1 | AE34: µg.l-1 | AF34: µg.l-1 | AG34: µg.l-1 | AH34: µg.l-1 | AI34: µg.l-1 | AJ34: µg.l-1 | AK34: µg.l-1 | AL34: µg.l-1 | AM34: µg.l-1 | AN34: µg.l-1 | AO34: µg.l-1 | AP34: µg.l-1 | AQ34: µg.l-1 | AR34: µg.l-1 | AS34: µg.l-1 | AT34: µg.l-1 | AU34: µg.l-1 | AV34: µg.l-1 | AW34: µg.l-1 | AX34: µg.l-1 | AY34: µg.l-1 | AZ34: µg.l-1 | BA34: µg.l-1 | BB34: µg.l-1
A35: 1 | B35: 1 | C35: 1 | D35: 2040 | E35: 10.3 | F35: 2.3658 | G35: 34.67135 | H35: 500 | I35: 505 | J35: 110.01 | K35: 0.00078963584 | L35: -4.8468155e-06 | M35: 1.0266441 | N35: 110.02614 | O35: 0.99967506 | P35: 2.4682651 | Q35: 2.4042072 | R35: 110.23272 | S35: 107.37189
A36: 1 | B36: 1 | C36: 2 | D36: 2041 | E36: 12 | F36: 1.6854 | G36: 34.86445 | H36: 400 | I36: 403 | J36: 111.07 | K36: 0.00078510796 | L36: -4.7356824e-06 | M36: 1.0264844 | N36: 111.08651 | O36: 0.99949964 | P36: 1.7367699 | Q36: 1.6919594 | R36: 77.564142 | S36: 75.562906
A37: 1 | B37: 0 | C37: 3 | I37: 302
A38: 1 | B38: 1 | C38: 4 | D38: 2042 | E38: 15.5 | F38: 2.1079 | G38: 35.3614 | H38: 200 | I38: 202 | J38: 110.84 | K38: 0.00077670378 | L38: -4.5369927e-06 | M38: 1.0261402 | N38: 110.85703 | O38: 0.99902472 | P38: 2.1806834 | Q38: 2.1251322 | R38: 97.389323 | S38: 94.908402
A39: 1 | B39: 1 | C39: 5 | D39: 2043 | E39: 18 | F39: 3.1242 | G39: 35.7155 | H39: 100 | I39: 100 | J39: 109.68 | K39: 0.00077139679 | L39: -4.4198904e-06 | M39: 1.0258213 | N39: 109.69724 | O39: 0.99859758 | P39: 3.2745825 | Q39: 3.1921569 | R39: 146.24286 | S39: 142.56173 | AD39: 0.0196 | AE39: 0.0101 | AF39: 0.0026 | AG39: 0.0185 | AH39: 0.0095 | AI39: 0.001 | AJ39: 0.0018 | AK39: 0.0014 | AL39: 0.0405 | AM39: 0.0027 | AN39: 0.0006 | AO39: -9999.9999 | AP39: 0.0022 | AQ39: -9999.9999 | AR39: 0.0052 | AS39: 0.0139 | AT39: =AR39+AS39 -> 0.0191 | AU39: 0.0035 | AV39: -9999.9999 | AW39: -9999.9999 | AX39: 0.0067 | AY39: 0.063 | AZ39: =AX39+AY39 -> 0.0697 | BA39: 0.0023 | BB39: ND
A40: 1 | B40: 1 | C40: 6 | D40: 2044 | E40: 18.5 | F40: 3.1566 | G40: 35.78245 | H40: 80 | I40: 82 | J40: 109.47 | K40: 0.00077040032 | L40: -4.3989519e-06 | M40: 1.0257476 | N40: 109.48728 | O40: 0.9985038 | P40: 3.3151728 | Q40: 3.2319575 | R40: 148.05562 | S40: 144.33922 | AD40: 0.0248 | AE40: 0.0134 | AF40: 0.0042 | AG40: 0.0216 | AH40: 0.0137 | AI40: 0.0019 | AJ40: 0.0025 | AK40: 0.0013 | AL40: 0.0546 | AM40: 0.0039 | AN40: 0.0013 | AO40: -9999.9999 | AP40: 0.0038 | AQ40: -9999.9999 | AR40: 0.0056 | AS40: 0.0208 | AT40: =AR40+AS40 -> 0.0264 | AU40: 0.0049 | AV40: -9999.9999 | AW40: -9999.9999 | AX40: 0.0086 | AY40: 0.093 | AZ40: =AX40+AY40 -> 0.1016 | BA40: 0.0032 | BB40: ND
A41: 1 | B41: 1 | C41: 7 | D41: 2045 | E41: 20.9 | F41: 3.5635 | G41: 36.08435 | H41: 60 | I41: 61 | J41: 110.08 | K41: 0.00076590224 | L41: -4.3099628e-06 | M41: 1.0253484 | N41: 110.09771 | O41: 0.99801644 | P41: 3.7234205 | Q41: 3.6313711 | R41: 166.28796 | S41: 162.17703 | AD41: 0.0414 | AE41: 0.0245 | AF41: 0.0062 | AG41: 0.0453 | AH41: 0.0172 | AI41: 0.0043 | AJ41: 0.0038 | AK41: 0.0028 | AL41: 0.1066 | AM41: 0.0075 | AN41: 0.0022 | AO41: -9999.9999 | AP41: 0.0061 | AQ41: -9999.9999 | AR41: 0.0067 | AS41: 0.0421 | AT41: =AR41+AS41 -> 0.0488 | AU41: 0.0074 | AV41: -9999.9999 | AW41: -9999.9999 | AX41: 0.0166 | AY41: 0.1794 | AZ41: =AX41+AY41 -> 0.196 | BA41: -9999.9999 | BB41: ND
A42: 1 | B42: 1 | C42: 8 | D42: 2046 | E42: 24 | F42: 4.2188 | G42: 36.1457 | H42: 40 | I42: 42 | J42: 108.28 | K42: 0.00076075089 | L42: -4.2232296e-06 | M42: 1.0245108 | N42: 108.29748 | O42: 0.99729941 | P42: 4.4857807 | Q42: 4.3784613 | R42: 200.33497 | S42: 195.54208 | AD42: 0.0228 | AE42: 0.0195 | AF42: 0.0121 | AG42: 0.0144 | AH42: 0.0094 | AI42: -9999.9999 | AJ42: -9999.9999 | AK42: 0.002 | AL42: 0.0766 | AM42: 0.0095 | AN42: -9999.9999 | AO42: -9999.9999 | AP42: 0.0206 | AQ42: -9999.9999 | AR42: 0.0035 | AS42: 0.025 | AT42: =AR42+AS42 -> 0.0285 | AU42: 0.009 | AV42: -9999.9999 | AW42: -9999.9999 | AX42: 0.019 | AY42: 0.1315 | AZ42: =AX42+AY42 -> 0.1505 | BA42: -9999.9999 | BB42: ND
A43: 1 | B43: 1 | C43: 9 | D43: 2048 | E43: 27.9 | F43: 4.242 | G43: 35.6094 | H43: 20 | I43: 23 | J43: 107.72 | K43: 0.00075523941 | L43: -4.1592842e-06 | M43: 1.0228879 | N43: 107.73681 | O43: 0.99626548 | P43: 4.5344631 | Q43: 4.433001 | R43: 202.50912 | S43: 197.97782 | AD43: 0.0047 | AE43: 0.0051 | AF43: 0.0055 | AG43: 0.0035 | AH43: 0.0046 | AI43: -9999.9999 | AJ43: -9999.9999 | AK43: 0.0014 | AL43: 0.0164 | AM43: 0.0048 | AN43: -9999.9999 | AO43: -9999.9999 | AP43: 0.0115 | AQ43: -9999.9999 | AR43: -9999.9999 | AS43: 0.0052 | AT43: =AS43 -> 0.0052 | AU43: -9999.9999 | AV43: 0.0041 | AW43: -9999.9999 | AX43: 0.0071 | AY43: 0.0432 | AZ43: =AX43+AY43 -> 0.0503 | BA43: -9999.9999 | BB43: ND
A44: 1 | B44: 1 | C44: 10 | D44: 2049 | E44: 28.8 | F44: 4.1862 | G44: 35.2714 | H44: 10 | I44: 12 | J44: 106.87 | K44: 0.00075411145 | L44: -4.1516754e-06 | M44: 1.0223369 | N44: 106.88632 | O44: 0.99600699 | P44: 4.5108984 | Q44: 4.4123402 | R44: 201.45672 | S44: 197.05511 | BB44: ND
A45: 1 | B45: 1 | C45: 11 | D45: 2050 | E45: 28.9 | F45: 5.2161 | G45: 35.27065 | H45: 10 | I45: 12 | J45: 111.03 | K45: 0.00075398933 | L45: -4.1509955e-06 | M45: 1.022303 | N45: 111.04696 | O45: 0.99597782 | P45: 5.4100298 | Q45: 5.292002 | R45: 241.61193 | S45: 236.34081 | AD45: 0.0041 | AE45: 0.0056 | AF45: 0.0071 | AG45: 0.0031 | AH45: 0.0049 | AI45: -9999.9999 | AJ45: -9999.9999 | AK45: 0.0018 | AL45: 0.0161 | AM45: 0.0064 | AN45: -9999.9999 | AO45: -9999.9999 | AP45: 0.021 | AQ45: -9999.9999 | AR45: -9999.9999 | AS45: 0.0042 | AT45: =AS45 -> 0.0042 | AU45: -9999.9999 | AV45: 0.0052 | AW45: -9999.9999 | AX45: 0.0101 | AY45: 0.0491 | AZ45: =AX45+AY45 -> 0.0592 | BA45: -9999.9999 | BB45: ND
A46: 1 | B46: 0 | C46: 12 | I46: 2
A47: 1 | B47: 0 | C47: 13
A48: 1 | B48: 0 | C48: 14
A49: 1 | B49: 0 | C49: 15
A50: 1 | B50: 0 | C50: 16
A51: 1 | B51: 0 | C51: 17
A52: 1 | B52: 0 | C52: 18
A53: 1 | B53: 0 | C53: 19
A54: 1 | B54: 0 | C54: 20
A55: 1 | B55: 0 | C55: 21
A56: 1 | B56: 0 | C56: 22
A57: 1 | B57: 0 | C57: 23
A58: 1 | B58: 0 | C58: 24

Sheet 012_01
C2: Campagne : | F2: PIRATA-FR30
C4: Données de campagne
C6: N° de station : | F6: 12 | H6: N° de palanquée : | P6: 1 | R6: Date d'analyse : | T6: 42427
G8: Position | I8: Degrés | J8: Minutes | P8: Cardinal | Q8: Décimale
G9: Latitude | I9: 01° | J9: 30.03' | K9: S | L9: - | M9: N | N9: E | O9: -1°30,03 | P9: S | Q9: -1.5005
G10: Longitude | I10: 000° | J10: 00.08' | K10: E | L10: + | M10: S | N10: W | O10: 0°0,08 | P10: E | Q10: 0.0013333333
G11: Prélèvement | I11: Date | J11: 42427 | N11: 1°30,03 | O11: -1 | P11: 2020-02-28T04:13:37z
I12: Heure | J12: 0.17612269 | N12: 0°0,08 | O12: 1
C13: Données :
C14: Température du laboratoire à la calibration ( t°c ) | Q14: t°c = | R14: 22.3 | S14: °C
C15: Température du laboratoire au début de la série d'analyses | Q15: t°lab = | R15: 23 | S15: °C
C16: Volume moyen de thiosulfate pour la titration à t°c | Q16: Vmoy.titr.t°c = | R16: 4.95332 | S16: mL
C17: Volume moyen de thiosulfate pour la détermination du blanc à t°c | Q17: Vmoy.titr.blanc.t°c = | R17: 0.0047 | S17: mL
C18: Masse volumique de l'eau pure à la calibration | O18: ρ = | P18: 0.99770453
C19: Normalite de l'iodate (NIO3) à la température de calibration | O19: N(IO3) = | P19: 0.020002374 | Q19: N
C20: Vol. de la prise d'essai d'iodate (VIO3) à 20°C | O20: V(IO3)20°C = | P20: 5.0112146 | Q20: mL
C21: Vol. de la prise d'essai d'iodate (VIO3) à t°c | O21: V(IO3)t°c= | P21: 5.0113298 | Q21: mL
C22: Volume moyen de thiosulfate pour la titration à 20° C | O22: Vmoy.titr.20°C = | P22: 4.9532061 | Q22: mL
C23: Volume moyen de thiosulfate pour la détermination du blanc à 20° C | O23: Vmoy.titr.blanc.20°C = | P23: 0.0046998919 | Q23: mL
C24: Normalite de l'iodate (NIO3) à 20°C | O24: N(IO3)20°C = | P24: 0.020012434 | Q24: N
C25: Titre du thiosulfate à 20°C | O25: V(Thio)20°C = | P25: 0.0040348531 | Q25: N
C26: Volume de réactif utilisé | O26: Vreg = | P26: 2.0367937 | Q26: mL
O27: DOreg = | P27: 0.0017
E29: Choix de la série de flacons : | I29: IRD | O29: IRD
O30: LPO
C31: N° | D31: N° des Flacons | E31: T° prélèv. | F31: Volume de thio. | G31: Salinité | H31: Prof. Théorique | I31: Prof. Effective | J31: V. flacons 20°C | K31: A | L31: B | M31: Densité eau de mer à t° | N31: Vol. à t° prél. des flacons | O31: Densité eau pure à t° | P31: Oxygène dissous | T31: NO2 | V31: NO3 + NO2 | X31: NO3 | Z31: Phosphate | AB31: Silicate | AD31: chlorophyll-c3 | AE31: chlorophyll-c1+c2 | AF31: peridinin | AG31: 19'-butanoyloxyfucoxanthin | AH31: fucoxanthine | AI31: neoxanthin | AJ31: prasinoxanthin | AK31: violaxanthin | AL31: 19'-hexanoyloxyfucoxanthin | AM31: diadinoxanthin | AN31: alloxanthin | AO31: diatoxanthin | AP31: zeaxanthin | AQ31: lutein | AR31: divinyl chlorophyll-b | AS31: chlorophyll-b | AT31: total chlorophyll-b | AU31: alpha-carotene | AV31: beta-carotene | AW31: pheophorbide | AX31: divinyl chlorophyll-a | AY31: chlorophyll-a | AZ31: total chlorophyll-a | BA31: pheophytin_a | BB31: crocoxanthin
C33: BTL | E33: °C | F33: ml | H33: m | I33: dbar | J33: ml | P33: DOX1 | R33: DOXY | S33: DOX2 | T33: NTRI | U33: NTIW | V33: NTRZ | W33: NTZW | X33: NTRA | Y33: NTAW | Z33: PHOS | AA33: PHOW | AB33: SLCA | AC33: SLCW | AD33: CHC3 | AE33: CHCZ | AF33: PERP | AG33: BFUP | AH33: FUCP | AI33: NEXW | AJ33: PXAP | AK33: VIOW | AL33: HFUP | AM33: DXAP | AN33: AXAP | AO33: TXAP | AP33: ZXAP | AQ33: LUTW | AR33: CHBD | AS33: CH2P | AT33: CHLB | AU33: AACP | AV33: BBCP | AW33: PHEP | AX33: CHAD | AY33: CH1P | AZ33: CPHL | BA33: PHEA | BB33: CXAP
N34: mL | P34: ml/l | Q34: ml/kg | R34: µmol/l | S34: µmol/kg | T34: µmol/l | U34: µmol/kg | V34: µmol/l | W34: µmol/kg | X34: µmol/l | Y34: µmol/kg | Z34: µmol/l | AA34: µmol/kg | AB34: µmol/l | AC34: µmol/kg | AD34: µg.l-1 | AE34: µg.l-1 | AF34: µg.l-1 | AG34: µg.l-1 | AH34: µg.l-1 | AI34: µg.l-1 | AJ34: µg.l-1 | AK34: µg.l-1 | AL34: µg.l-1 | AM34: µg.l-1 | AN34: µg.l-1 | AO34: µg.l-1 | AP34: µg.l-1 | AQ34: µg.l-1 | AR34: µg.l-1 | AS34: µg.l-1 | AT34: µg.l-1 | AU34: µg.l-1 | AV34: µg.l-1 | AW34: µg.l-1 | AX34: µg.l-1 | AY34: µg.l-1 | AZ34: µg.l-1 | BA34: µg.l-1 | BB34: µg.l-1
A35: 1 | B35: 1 | C35: 1 | D35: 3196 | E35: 9.6 | F35: 2.5748 | G35: 34.6634 | H35: 500 | I35: 504 | J35: 117.25 | K35: 0.00079159063 | L35: -4.8953559e-06 | M35: 1.0267569 | N35: 117.26719 | O35: 0.99973623 | P35: 2.5188259 | Q35: 2.4531862 | R35: 112.49076 | S35: 109.5593
A36: 1 | B36: 1 | C36: 2 | D36: 3198 | E36: 11.4 | F36: 1.8797 | G36: 34.8322 | H36: 400 | I36: 402 | J36: 117.21 | K36: 0.00078667123 | L36: -4.7738138e-06 | M36: 1.0265721 | N36: 117.22738 | O36: 0.99956583 | P36: 1.8354483 | Q36: 1.787939 | R36: 81.97112 | S36: 79.849354
A37: 1 | B37: 0 | C37: 3 | I37: 303
A38: 1 | B38: 1 | C38: 4 | D38: 3199 | E38: 15.3 | F38: 2.2137 | G38: 35.3795 | H38: 200 | I38: 202 | J38: 119.84 | K38: 0.00077715251 | L38: -4.5472543e-06 | M38: 1.0261989 | N38: 119.85843 | O38: 0.99905582 | P38: 2.1159049 | Q38: 2.0618857 | R38: 94.496313 | S38: 92.083817
A39: 1 | B39: 0 | C39: 5 | I39: 100
A40: 1 | B40: 1 | C40: 6 | D40: 3200 | E40: 17.7 | F40: 3.2213 | G40: 35.727 | H40: 80 | I40: 80 | J40: 118.34 | K40: 0.00077200483 | L40: -4.4328506e-06 | M40: 1.025904 | N40: 118.35861 | O40: 0.99865254 | P40: 3.1254102 | Q40: 3.0464938 | R40: 139.58082 | S40: 136.05641
A41: 1 | B41: 1 | C41: 7 | D41: 3201 | E41: 19.6 | F41: 3.3906 | G41: 35.9144 | H41: 60 | I41: 61 | J41: 120.41 | K41: 0.00076828108 | L41: -4.3557991e-06 | M41: 1.025566 | N41: 120.42916 | O41: 0.99828799 | P41: 3.2329001 | Q41: 3.1523081 | R41: 144.38132 | S41: 140.78208
A42: 1 | B42: 1 | C42: 8 | D42: 3204 | E42: 22.9 | F42: 4.4002 | G42: 35.9796 | H42: 40 | I42: 40 | J42: 118.41 | K42: 0.00076249728 | L42: -4.2503658e-06 | M42: 1.0247073 | N42: 118.42892 | O42: 0.9975648 | P42: 4.2720372 | Q42: 4.1690317 | R42: 190.78918 | S42: 186.18896
A43: 1 | B43: 1 | C43: 9 | D43: 3206 | E43: 27.1 | F43: 4.6703 | G43: 35.9198 | H43: 20 | I43: 20 | J43: 117.45 | K43: 0.00075628633 | L43: -4.1682978e-06 | M43: 1.0233808 | N43: 117.4687 | O43: 0.9964891 | P43: 4.5729016 | Q43: 4.4684263 | R43: 204.22579 | S43: 199.55992
A44: 1 | B44: 0 | C44: 10 | I44: 10
A45: 1 | B45: 1 | C45: 11 | D45: 3207 | E45: 28.9 | F45: 4.5591 | G45: 35.31345 | H45: 0 | I45: 3 | J45: 116.98 | K45: 0.00075398933 | L45: -4.1509955e-06 | M45: 1.0223352 | N45: 116.99791 | O45: 0.99597782 | P45: 4.4819459 | Q45: 4.3840278 | R45: 200.16371 | S45: 195.79068
A46: 1 | B46: 0 | C46: 12 | I46: 3
A47: 1 | B47: 0 | C47: 13
A48: 1 | B48: 0 | C48: 14
A49: 1 | B49: 0 | C49: 15
A50: 1 | B50: 0 | C50: 16
A51: 1 | B51: 0 | C51: 17
A52: 1 | B52: 0 | C52: 18
A53: 1 | B53: 0 | C53: 19
A54: 1 | B54: 0 | C54: 20
A55: 1 | B55: 0 | C55: 21
A56: 1 | B56: 0 | C56: 22
A57: 1 | B57: 0 | C57: 23
A58: 1 | B58: 0 | C58: 24

Sheet 013_01
C2: Campagne : | F2: PIRATA-FR30
C4: Données de campagne
C6: N° de station : | F6: 13 | H6: N° de palanquée : | P6: 1 | R6: Date d'analyse : | T6: 42427
G8: Position | I8: Degrés | J8: Minutes | P8: Cardinal | Q8: Décimale
G9: Latitude | I9: 01° | J9: 59.95' | K9: S | L9: - | M9: N | N9: E | O9: -1°59,95 | P9: S | Q9: -1.9991667
G10: Longitude | I10: 000° | J10: 00.00' | K10: E | L10: + | M10: S | N10: W | O10: 0°0 | P10: E | Q10: 0 | Y10: s
G11: Prélèvement | I11: Date | J11: 42427 | N11: 1°59,95 | O11: -1 | P11: 2020-02-28T08:22:30z
I12: Heure | J12: 0.34895833 | N12: 0°0 | O12: 1
C13: Données :
C14: Température du laboratoire à la calibration ( t°c ) | Q14: t°c = | R14: 22.3 | S14: °C
C15: Température du laboratoire au début de la série d'analyses | Q15: t°lab = | R15: 23 | S15: °C
C16: Volume moyen de thiosulfate pour la titration à t°c | Q16: Vmoy.titr.t°c = | R16: 4.95332 | S16: mL
C17: Volume moyen de thiosulfate pour la détermination du blanc à t°c | Q17: Vmoy.titr.blanc.t°c = | R17: 0.0047 | S17: mL
C18: Masse volumique de l'eau pure à la calibration | O18: ρ = | P18: 0.99770453
C19: Normalite de l'iodate (NIO3) à la température de calibration | O19: N(IO3) = | P19: 0.020002374 | Q19: N
C20: Vol. de la prise d'essai d'iodate (VIO3) à 20°C | O20: V(IO3)20°C = | P20: 5.0112146 | Q20: mL
C21: Vol. de la prise d'essai d'iodate (VIO3) à t°c | O21: V(IO3)t°c= | P21: 5.0113298 | Q21: mL
C22: Volume moyen de thiosulfate pour la titration à 20° C | O22: Vmoy.titr.20°C = | P22: 4.9532061 | Q22: mL
C23: Volume moyen de thiosulfate pour la détermination du blanc à 20° C | O23: Vmoy.titr.blanc.20°C = | P23: 0.0046998919 | Q23: mL
C24: Normalite de l'iodate (NIO3) à 20°C | O24: N(IO3)20°C = | P24: 0.020012434 | Q24: N
C25: Titre du thiosulfate à 20°C | O25: V(Thio)20°C = | P25: 0.0040348531 | Q25: N
C26: Volume de réactif utilisé | O26: Vreg = | P26: 2.0367937 | Q26: mL
O27: DOreg = | P27: 0.0017
E29: Choix de la série de flacons : | I29: IRD | O29: IRD
O30: LPO
C31: N° | D31: N° des Flacons | E31: T° prélèv. | F31: Volume de thio. | G31: Salinité | H31: Prof. Théorique | I31: Prof. Effective | J31: V. flacons 20°C | K31: A | L31: B | M31: Densité eau de mer à t° | N31: Vol. à t° prél. des flacons | O31: Densité eau pure à t° | P31: Oxygène dissous | T31: NO2 | V31: NO3 + NO2 | X31: NO3 | Z31: Phosphate | AB31: Silicate | AD31: chlorophyll-c3 | AE31: chlorophyll-c1+c2 | AF31: peridinin | AG31: 19'-butanoyloxyfucoxanthin | AH31: fucoxanthine | AI31: neoxanthin | AJ31: prasinoxanthin | AK31: violaxanthin | AL31: 19'-hexanoyloxyfucoxanthin | AM31: diadinoxanthin | AN31: alloxanthin | AO31: diatoxanthin | AP31: zeaxanthin | AQ31: lutein | AR31: divinyl chlorophyll-b | AS31: chlorophyll-b | AT31: total chlorophyll-b | AU31: alpha-carotene | AV31: beta-carotene | AW31: pheophorbide | AX31: divinyl chlorophyll-a | AY31: chlorophyll-a | AZ31: total chlorophyll-a | BA31: pheophytin_a | BB31: crocoxanthin
C33: BTL | E33: °C | F33: ml | H33: m | I33: dbar | J33: ml | P33: DOX1 | R33: DOXY | S33: DOX2 | T33: NTRI | U33: NTIW | V33: NTRZ | W33: NTZW | X33: NTRA | Y33: NTAW | Z33: PHOS | AA33: PHOW | AB33: SLCA | AC33: SLCW | AD33: CHC3 | AE33: CHCZ | AF33: PERP | AG33: BFUP | AH33: FUCP | AI33: NEXW | AJ33: PXAP | AK33: VIOW | AL33: HFUP | AM33: DXAP | AN33: AXAP | AO33: TXAP | AP33: ZXAP | AQ33: LUTW | AR33: CHBD | AS33: CH2P | AT33: CHLB | AU33: AACP | AV33: BBCP | AW33: PHEP | AX33: CHAD | AY33: CH1P | AZ33: CPHL | BA33: PHEA | BB33: CXAP
N34: mL | P34: ml/l | Q34: ml/kg | R34: µmol/l | S34: µmol/kg | T34: µmol/l | U34: µmol/kg | V34: µmol/l | W34: µmol/kg | X34: µmol/l | Y34: µmol/kg | Z34: µmol/l | AA34: µmol/kg | AB34: µmol/l | AC34: µmol/kg | AD34: µg.l-1 | AE34: µg.l-1 | AF34: µg.l-1 | AG34: µg.l-1 | AH34: µg.l-1 | AI34: µg.l-1 | AJ34: µg.l-1 | AK34: µg.l-1 | AL34: µg.l-1 | AM34: µg.l-1 | AN34: µg.l-1 | AO34: µg.l-1 | AP34: µg.l-1 | AQ34: µg.l-1 | AR34: µg.l-1 | AS34: µg.l-1 | AT34: µg.l-1 | AU34: µg.l-1 | AV34: µg.l-1 | AW34: µg.l-1 | AX34: µg.l-1 | AY34: µg.l-1 | AZ34: µg.l-1 | BA34: µg.l-1 | BB34: µg.l-1
A35: 1 | B35: 1 | C35: 1 | D35: 3229 | E35: 9 | F35: 2.8099 | G35: 34.62025 | H35: 500 | I35: 504 | J35: 120.3 | K35: 0.00079330954 | L35: -4.9382526e-06 | M35: 1.0268211 | N35: 120.31759 | O35: 0.99978339 | P35: 2.6792501 | Q35: 2.6092667 | R35: 119.65531 | S35: 116.52985
A36: 1 | B36: 1 | C36: 2 | D36: 3230 | E36: 9.4 | F36: 2.6845 | G36: 34.62035 | H36: 500 | I36: 504 | J36: 115.77 | K36: 0.00079215911 | L36: -4.9095225e-06 | M36: 1.0267563 | N36: 115.78693 | O36: 0.9997525 | P36: 2.660959 | Q36: 2.5916169 | R36: 118.83843 | S36: 115.74161
A37: 1 | B37: 0 | C37: 3 | I37: 402
A38: 1 | B38: 1 | C38: 4 | D38: 3231 | E38: 10.9 | F38: 1.8272 | G38: 34.81145 | H38: 400 | I38: 402 | J38: 114.15 | K38: 0.00078800277 | L38: -4.8065e-06 | M38: 1.0266472 | N38: 114.16691 | O38: 0.99961744 | P38: 1.832454 | Q38: 1.7848916 | R38: 81.837398 | S38: 79.71326
A39: 1 | B39: 0 | C39: 5 | I39: 301
A40: 1 | B40: 1 | C40: 6 | D40: 3232 | E40: 12 | F40: 2.0477 | G40: 34.98 | H40: 300 | I40: 301 | J40: 115.71 | K40: 0.00078510796 | L40: -4.7356824e-06 | M40: 1.0265741 | N40: 115.72733 | O40: 0.99949964 | P40: 2.0272247 | Q40: 1.9747475 | R40: 90.535854 | S40: 88.192222
A41: 1 | B41: 1 | C41: 7 | D41: 3233 | E41: 15.7 | F41: 2.129 | G41: 35.4331 | H41: 200 | I41: 202 | J41: 117.93 | K41: 0.00077625872 | L41: -4.5268634e-06 | M41: 1.0261502 | N41: 117.9482 | O41: 0.99899317 | P41: 2.067916 | Q41: 2.0152177 | R41: 92.35313 | S41: 89.999621
A42: 1 | B42: 1 | C42: 8 | D42: 3237 | E42: 17.5 | F42: 3.2564 | G42: 35.7147 | H42: 100 | I42: 101 | J42: 118.47 | K42: 0.00077241446 | L42: -4.4416562e-06 | M42: 1.0259434 | N42: 118.48862 | O42: 0.99868862 | P42: 3.1560988 | Q42: 3.0762893 | R42: 140.95137 | S42: 137.38708 | AD42: 0.0069 | AE42: 0.0052 | AF42: 0.0012 | AG42: 0.0098 | AH42: 0.0066 | AI42: -9999.9999 | AJ42: -9999.9999 | AK42: -9999.9999 | AL42: 0.0144 | AM42: 0.0016 | AN42: -9999.9999 | AO42: -9999.9999 | AP42: 0.0033 | AQ42: -9999.9999 | AR42: 0.0061 | AS42: 0.0054 | AT42: =AS42+AR42 -> 0.0115 | AU42: 0.0029 | AV42: -9999.9999 | AW42: -9999.9999 | AX42: 0.0046 | AY42: 0.0255 | AZ42: =AX42+AY42 -> 0.0301 | BA42: 0.002 | BB42: ND
A43: 1 | B43: 1 | C43: 9 | D43: 3238 | E43: 18.2 | F43: 3.3688 | G43: 35.7946 | H43: 80 | I43: 80 | J43: 117.73 | K43: 0.00077099568 | L43: -4.4114157e-06 | M43: 1.0258322 | N43: 117.74859 | O43: 0.9985604 | P43: 3.2864301 | Q43: 3.2036723 | R43: 146.77197 | S43: 143.076 | AD43: 0.0244 | AE43: 0.0135 | AF43: 0.0022 | AG43: 0.0275 | AH43: 0.0167 | AI43: -9999.9999 | AJ43: -9999.9999 | AK43: -9999.9999 | AL43: 0.0544 | AM43: 0.0039 | AN43: -9999.9999 | AO43: -9999.9999 | AP43: 0.0067 | AQ43: -9999.9999 | AR43: 0.0252 | AS43: 0.0144 | AT43: =AS43+AR43 -> 0.0396 | AU43: 0.0089 | AV43: -9999.9999 | AW43: -9999.9999 | AX43: 0.0176 | AY43: 0.0867 | AZ43: =AX43+AY43 -> 0.1043 | BA43: 0.0026 | BB43: ND
A44: 1 | B44: 1 | C44: 10 | D44: 3239 | E44: 18.7 | F44: 2.9834 | G44: 35.833 | H44: 60 | I44: 61 | J44: 113.98 | K44: 0.00077000759 | L44: -4.3908081e-06 | M44: 1.0257357 | N44: 113.99805 | O44: 0.99846553 | P44: 3.0061952 | Q44: 2.9307697 | R44: 134.25668 | S44: 130.88817 | AD44: 0.026 | AE44: 0.018 | AF44: 0.0034 | AG44: 0.035 | AH44: 0.0251 | AI44: -9999.9999 | AJ44: 0.0058 | AK44: -9999.9999 | AL44: 0.0623 | AM44: 0.0051 | AN44: 0.0008 | AO44: -9999.9999 | AP44: 0.0094 | AQ44: -9999.9999 | AR44: 0.0187 | AS44: 0.0132 | AT44: =AS44+AR44 -> 0.0319 | AU44: 0.0095 | AV44: -9999.9999 | AW44: -9999.9999 | AX44: 0.0211 | AY44: 0.1138 | AZ44: =AX44+AY44 -> 0.1349 | BA44: 0.0028 | BB44: ND
A45: 1 | B45: 1 | C45: 11 | D45: 3240 | E45: 20.7 | F45: 3.3856 | G45: 36.02325 | H45: 40 | I45: 40 | J45: 117.01 | K45: 0.00076625954 | L45: -4.3166506e-06 | M45: 1.0253562 | N45: 117.02875 | O45: 0.99805936 | P45: 3.3235693 | Q45: 3.2413803 | R45: 148.43061 | S45: 144.76005 | AD45: 0.0468 | AE45: 0.0403 | AF45: 0.016 | AG45: 0.0567 | AH45: 0.033 | AI45: 0.0098 | AJ45: 0.0088 | AK45: 0.0041 | AL45: 0.1172 | AM45: 0.0126 | AN45: 0.0048 | AO45: -9999.9999 | AP45: 0.0177 | AQ45: -9999.9999 | AR45: 0.0137 | AS45: 0.0621 | AT45: =AS45+AR45 -> 0.0758 | AU45: -9999.9999 | AV45: 0.0182 | AW45: -9999.9999 | AX45: 0.0311 | AY45: 0.2709 | AZ45: =AX45+AY45 -> 0.302 | BA45: 0.0045 | BB45: ND
A46: 1 | B46: 0 | C46: 12 | I46: 20
A47: 1 | B47: 1 | C47: 13 | D47: 3243 | E47: 28.2 | F47: 4.6114 | G47: 35.5113 | H47: 20 | I47: 20 | J47: 116.66 | K47: 0.00075485761 | L47: -4.1564501e-06 | M47: 1.0227158 | N47: 116.6781 | O47: 0.99618013 | P47: 4.5461795 | Q47: 4.4452032 | R47: 203.03238 | S47: 198.52277 | AD47: 0.0062 | AE47: 0.0109 | AF47: 0.0075 | AG47: 0.0052 | AH47: 0.0117 | AI47: 0.001 | AJ47: 0.0025 | AK47: 0.0268 | AL47: 0.008 | AM47: -9999.9999 | AN47: -9999.9999 | AO47: -9999.9999 | AP47: 0.029 | AQ47: -9999.9999 | AR47: 0.0023 | AS47: 0.0107 | AT47: =AS47+AR47 -> 0.013 | AU47: -9999.9999 | AV47: 0.0098 | AW47: -9999.9999 | AX47: 0.0209 | AY47: 0.0829 | AZ47: =AX47+AY47 -> 0.1038 | BA47: 0.0022 | BB47: ND
A48: 1 | B48: 0 | C48: 14 | I48: 10 | AD48: 0.0052 | AE48: 0.0101 | AF48: 0.0061 | AG48: 0.0043 | AH48: 0.0138 | AI48: -9999.9999 | AJ48: -9999.9999 | AK48: 0.0028 | AL48: 0.0239 | AM48: 0.0098 | AN48: -9999.9999 | AO48: -9999.9999 | AP48: 0.027 | AQ48: -9999.9999 | AR48: 0.0025 | AS48: 0.0084 | AT48: =AS48+AR48 -> 0.0109 | AU48: -9999.9999 | AV48: 0.0111 | AW48: -9999.9999 | AX48: 0.0182 | AY48: 0.0845 | AZ48: =AX48+AY48 -> 0.1027 | BA48: 0.002 | BB48: ND
A49: 1 | B49: 1 | C49: 15 | D49: 3245 | E49: 29 | F49: 4.6617 | G49: 35.1022 | H49: 0 | I49: 4 | J49: 119.39 | K49: 0.00075386786 | L49: -4.1503486e-06 | M49: 1.0221431 | N49: 119.40803 | O49: 0.99594856 | P49: 4.4890348 | Q49: 4.3917868 | R49: 200.48029 | S49: 196.1372 | AD49: 0.0046 | AE49: 0.0073 | AF49: 0.006 | AG49: 0.0038 | AH49: 0.0123 | AI49: -9999.9999 | AJ49: -9999.9999 | AK49: 0.0023 | AL49: 0.0194 | AM49: 0.0112 | AN49: -9999.9999 | AO49: 0.0012 | AP49: 0.0335 | AQ49: -9999.9999 | AR49: -9999.9999 | AS49: 0.0076 | AT49: =AS49 -> 0.0076 | AU49: -9999.9999 | AV49: 0.0115 | AW49: -9999.9999 | AX49: 0.0214 | AY49: 0.0856 | AZ49: =AX49+AY49 -> 0.107 | BA49: 0.0021 | BB49: ND
A50: 1 | B50: 0 | C50: 16
A51: 1 | B51: 0 | C51: 17
A52: 1 | B52: 0 | C52: 18
A53: 1 | B53: 0 | C53: 19
A54: 1 | B54: 0 | C54: 20
A55: 1 | B55: 0 | C55: 21
A56: 1 | B56: 0 | C56: 22
A57: 1 | B57: 0 | C57: 23
A58: 1 | B58: 0 | C58: 24

Sheet 014_01
C2: Campagne : | F2: PIRATA-FR30
C4: Données de campagne
C6: N° de station : | F6: 14 | H6: N° de palanquée : | P6: 1 | R6: Date d'analyse : | T6: 42427
G8: Position | I8: Degrés | J8: Minutes | P8: Cardinal | Q8: Décimale | V8: 4.9565
G9: Latitude | I9: 02° | J9: 29.88' | K9: S | L9: - | M9: N | N9: E | O9: -2°29,88 | P9: S | Q9: -2.498 | V9: 4.9498
G10: Longitude | I10: 000° | J10: 00.09' | K10: W | L10: - | M10: S | N10: W | O10: -0°0,09 | P10: W | Q10: -0.0015 | V10: 4.949 | Y10: s
G11: Prélèvement | I11: Date | J11: 42427 | N11: 2°29,88 | O11: -1 | P11: 2020-02-28T12:22:06z | V11: 4.9429
I12: Heure | J12: 0.51534722 | N12: 0°0,09 | O12: -1 | V12: 4.9564
C13: Données :
C14: Température du laboratoire à la calibration ( t°c ) | Q14: t°c = | R14: 23.6 | S14: °C | V14: 4.95092
C15: Température du laboratoire au début de la série d'analyses | Q15: t°lab = | R15: 23.8 | S15: °C
C16: Volume moyen de thiosulfate pour la titration à t°c | Q16: Vmoy.titr.t°c = | R16: 4.95092 | S16: mL
C17: Volume moyen de thiosulfate pour la détermination du blanc à t°c | Q17: Vmoy.titr.blanc.t°c = | R17: 0.0047 | S17: mL
C18: Masse volumique de l'eau pure à la calibration | O18: ρ = | P18: 0.99739729
C19: Normalite de l'iodate (NIO3) à la température de calibration | O19: N(IO3) = | P19: 0.019996214 | Q19: N
C20: Vol. de la prise d'essai d'iodate (VIO3) à 20°C | O20: V(IO3)20°C = | P20: 5.0112146 | Q20: mL
C21: Vol. de la prise d'essai d'iodate (VIO3) à t°c | O21: V(IO3)t°c= | P21: 5.011395 | Q21: mL
C22: Volume moyen de thiosulfate pour la titration à 20° C | O22: Vmoy.titr.20°C = | P22: 4.9507418 | Q22: mL
C23: Volume moyen de thiosulfate pour la détermination du blanc à 20° C | O23: Vmoy.titr.blanc.20°C = | P23: 0.0046998308 | Q23: mL
C24: Normalite de l'iodate (NIO3) à 20°C | O24: N(IO3)20°C = | P24: 0.020012434 | Q24: N
C25: Titre du thiosulfate à 20°C | O25: V(Thio)20°C = | P25: 0.0040356203 | Q25: N
C26: Volume de réactif utilisé | O26: Vreg = | P26: 2.0367937 | Q26: mL
O27: DOreg = | P27: 0.0017
E29: Choix de la série de flacons : | I29: IRD | O29: IRD
O30: LPO
C31: N° | D31: N° des Flacons | E31: T° prélèv. | F31: Volume de thio. | G31: Salinité | H31: Prof. Théorique | I31: Prof. Effective | J31: V. flacons 20°C | K31: A | L31: B | M31: Densité eau de mer à t° | N31: Vol. à t° prél. des flacons | O31: Densité eau pure à t° | P31: Oxygène dissous | T31: NO2 | V31: NO3 + NO2 | X31: NO3 | Z31: Phosphate | AB31: Silicate | AD31: chlorophyll-c3 | AE31: chlorophyll-c1+c2 | AF31: peridinin | AG31: 19'-butanoyloxyfucoxanthin | AH31: fucoxanthine | AI31: neoxanthin | AJ31: prasinoxanthin | AK31: violaxanthin | AL31: 19'-hexanoyloxyfucoxanthin | AM31: diadinoxanthin | AN31: alloxanthin | AO31: diatoxanthin | AP31: zeaxanthin | AQ31: lutein | AR31: divinyl chlorophyll-b | AS31: chlorophyll-b | AT31: total chlorophyll-b | AU31: alpha-carotene | AV31: beta-carotene | AW31: pheophorbide | AX31: divinyl chlorophyll-a | AY31: chlorophyll-a | AZ31: total chlorophyll-a | BA31: pheophytin_a | BB31: crocoxanthin
C33: BTL | E33: °C | F33: ml | H33: m | I33: dbar | J33: ml | P33: DOX1 | R33: DOXY | S33: DOX2 | T33: NTRI | U33: NTIW | V33: NTRZ | W33: NTZW | X33: NTRA | Y33: NTAW | Z33: PHOS | AA33: PHOW | AB33: SLCA | AC33: SLCW | AD33: CHC3 | AE33: CHCZ | AF33: PERP | AG33: BFUP | AH33: FUCP | AI33: NEXW | AJ33: PXAP | AK33: VIOW | AL33: HFUP | AM33: DXAP | AN33: AXAP | AO33: TXAP | AP33: ZXAP | AQ33: LUTW | AR33: CHBD | AS33: CH2P | AT33: CHLB | AU33: AACP | AV33: BBCP | AW33: PHEP | AX33: CHAD | AY33: CH1P | AZ33: CPHL | BA33: PHEA | BB33: CXAP
N34: mL | P34: ml/l | Q34: ml/kg | R34: µmol/l | S34: µmol/kg | T34: µmol/l | U34: µmol/kg | V34: µmol/l | W34: µmol/kg | X34: µmol/l | Y34: µmol/kg | Z34: µmol/l | AA34: µmol/kg | AB34: µmol/l | AC34: µmol/kg | AD34: µg.l-1 | AE34: µg.l-1 | AF34: µg.l-1 | AG34: µg.l-1 | AH34: µg.l-1 | AI34: µg.l-1 | AJ34: µg.l-1 | AK34: µg.l-1 | AL34: µg.l-1 | AM34: µg.l-1 | AN34: µg.l-1 | AO34: µg.l-1 | AP34: µg.l-1 | AQ34: µg.l-1 | AR34: µg.l-1 | AS34: µg.l-1 | AT34: µg.l-1 | AU34: µg.l-1 | AV34: µg.l-1 | AW34: µg.l-1 | AX34: µg.l-1 | AY34: µg.l-1 | AZ34: µg.l-1 | BA34: µg.l-1 | BB34: µg.l-1
A35: 1 | B35: 1 | C35: 1 | D35: 2075 | E35: 9.5 | F35: 2.5842 | G35: 34.6165 | H35: 500 | I35: 505 | J35: 110.99771 | K35: 0.00079187431 | L35: -4.9024226e-06 | M35: 1.0267368 | N35: 111.01393 | O35: 0.99974443 | P35: 2.6736517 | Q35: 2.6040283 | R35: 119.40529 | S35: 116.2959
A36: 1 | B36: 1 | C36: 2 | D36: 2076 | E36: 11.7 | F36: 1.5721 | G36: 34.7689 | H36: 400 | I36: 403 | J36: 106.39863 | K36: 0.00078588492 | L36: -4.7545992e-06 | M36: 1.026467 | N36: 106.41434 | O36: 0.99953331 | P36: 1.6917509 | Q36: 1.6481299 | R36: 75.553596 | S36: 73.605483
A37: 1 | B37: 1 | C37: 3 | D37: 2077 | E37: 11.6 | F37: 1.7175 | G37: 34.7702 | H37: 400 | I37: 404 | J37: 117.65506 | K37: 0.00078614598 | L37: -4.760971e-06 | M37: 1.0264867 | N37: 117.67244 | O37: 0.99954428 | P37: 1.6696511 | Q37: 1.6265686 | R37: 74.566617 | S37: 72.642555
A38: 1 | B38: 1 | C38: 4 | D38: 2078 | E38: 14 | F38: 1.4782 | G38: 35.0635 | H38: 300 | I38: 301 | J38: 110.09049 | K38: 0.00078016032 | L38: -4.6171816e-06 | M38: 1.0262369 | N38: 110.10708 | O38: 0.99924642 | P38: 1.5354013 | Q38: 1.496147 | R38: 68.571023 | S38: 66.817927
A39: 1 | B39: 1 | C39: 5 | D39: 2079 | E39: 16.4 | F39: 2.1026 | G39: 35.4436 | H39: 200 | I39: 201 | J39: 107.71659 | K39: 0.00077472956 | L39: -4.4924532e-06 | M39: 1.0259973 | N39: 107.73322 | O39: 0.9988791 | P39: 2.2398754 | Q39: 2.1831202 | R39: 100.03284 | S39: 97.498149
A40: 1 | B40: 1 | C40: 6 | D40: 2080 | E40: 18.2 | F40: 2.8244 | G40: 35.7056 | H40: 100 | I40: 100 | J40: 108.72896 | K40: 0.00077099568 | L40: -4.4114157e-06 | M40: 1.025764 | N40: 108.74603 | O40: 0.9985604 | P40: 2.9857668 | Q40: 2.9107736 | R40: 133.34435 | S40: 129.99515
A41: 1 | B41: 1 | C41: 7 | D41: 2081 | E41: 18.4 | F41: 3.0995 | G41: 35.7363 | H41: 80 | I41: 82 | J41: 119.40087 | K41: 0.00077059793 | L41: -4.4030734e-06 | M41: 1.0257375 | N41: 119.41966 | O41: 0.99852278 | P41: 2.980069 | Q41: 2.905294 | R41: 133.08988 | S41: 129.75043
A42: 1 | B42: 1 | C42: 8 | D42: 2082 | E42: 19.1 | F42: 2.8146 | G42: 35.8057 | H42: 60 | I42: 63 | J42: 111.17907 | K42: 0.00076923207 | L42: -4.3749176e-06 | M42: 1.0256127 | N42: 111.19664 | O42: 0.99838769 | P42: 2.9085552 | Q42: 2.8359198 | R42: 129.89608 | S42: 126.65218
A43: 1 | B43: 1 | C43: 9 | D43: 2083 | E43: 20.8 | F43: 3.0613 | G43: 35.00375 | H43: 40 | I43: 42 | J43: 109.43019 | K43: 0.0007660805 | L43: -4.3132901e-06 | M43: 1.0245523 | N43: 109.44661 | O43: 0.99803795 | P43: 3.2164344 | Q43: 3.1393558 | R43: 143.64596 | S43: 140.20363
A44: 1 | B44: 1 | C44: 10 | D44: 2084 | E44: 27.9 | F44: 4.4283 | G44: 35.4545 | H44: 20 | I44: 22 | J44: 109.28312 | K44: 0.00075523941 | L44: -4.1592842e-06 | M44: 1.0227714 | N44: 109.30001 | O44: 0.99626548 | P44: 4.6662156 | Q44: 4.5623252 | R44: 208.39319 | S44: 203.75344
A45: 1 | B45: 0 | C45: 11 | I45: 13
A46: 1 | B46: 1 | C46: 12 | D46: 2086 | E46: 29.2 | F46: 4.2698 | G46: 34.8437 | H46: 0 | I46: 2 | J46: 108.40476 | K46: 0.00075362682 | L46: -4.1491541e-06 | M46: 1.0218821 | N46: 108.42085 | O46: 0.99588978 | P46: 4.5358037 | Q46: 4.4386761 | R46: 202.56899 | S46: 198.23127
A47: 1 | B47: 0 | C47: 13
A48: 1 | B48: 0 | C48: 14
A49: 1 | B49: 0 | C49: 15
A50: 1 | B50: 0 | C50: 16
A51: 1 | B51: 0 | C51: 17
A52: 1 | B52: 0 | C52: 18
A53: 1 | B53: 0 | C53: 19
A54: 1 | B54: 0 | C54: 20
A55: 1 | B55: 0 | C55: 21
A56: 1 | B56: 0 | C56: 22
A57: 1 | B57: 0 | C57: 23
A58: 1 | B58: 0 | C58: 24

Sheet 015_01
C2: Campagne : | F2: PIRATA-FR30
C4: Données de campagne
C6: N° de station : | F6: 15 | H6: N° de palanquée : | P6: 1 | R6: Date d'analyse : | T6: 42427
G8: Position | I8: Degrés | J8: Minutes | P8: Cardinal | Q8: Décimale
G9: Latitude | I9: 02° | J9: 59.87' | K9: S | L9: - | M9: N | N9: E | O9: -2°59,87 | P9: S | Q9: -2.9978333
G10: Longitude | I10: 000° | J10: 00.14' | K10: W | L10: - | M10: S | N10: W | O10: -0°0,14 | P10: W | Q10: -0.0023333333
G11: Prélèvement | I11: Date | J11: 42427 | N11: 2°59,87 | O11: -1 | P11: 2020-02-28T17:08:05z
I12: Heure | J12: 0.71394676 | N12: 0°0,14 | O12: -1
C13: Données :
C14: Température du laboratoire à la calibration ( t°c ) | Q14: t°c = | R14: 23.6 | S14: °C
C15: Température du laboratoire au début de la série d'analyses | Q15: t°lab = | R15: 24.2 | S15: °C
C16: Volume moyen de thiosulfate pour la titration à t°c | Q16: Vmoy.titr.t°c = | R16: 4.95092 | S16: mL
C17: Volume moyen de thiosulfate pour la détermination du blanc à t°c | Q17: Vmoy.titr.blanc.t°c = | R17: 0.0047 | S17: mL
C18: Masse volumique de l'eau pure à la calibration | O18: ρ = | P18: 0.99739729
C19: Normalite de l'iodate (NIO3) à la température de calibration | O19: N(IO3) = | P19: 0.019996214 | Q19: N
C20: Vol. de la prise d'essai d'iodate (VIO3) à 20°C | O20: V(IO3)20°C = | P20: 5.0112146 | Q20: mL
C21: Vol. de la prise d'essai d'iodate (VIO3) à t°c | O21: V(IO3)t°c= | P21: 5.011395 | Q21: mL
C22: Volume moyen de thiosulfate pour la titration à 20° C | O22: Vmoy.titr.20°C = | P22: 4.9507418 | Q22: mL
C23: Volume moyen de thiosulfate pour la détermination du blanc à 20° C | O23: Vmoy.titr.blanc.20°C = | P23: 0.0046998308 | Q23: mL
C24: Normalite de l'iodate (NIO3) à 20°C | O24: N(IO3)20°C = | P24: 0.020012434 | Q24: N
C25: Titre du thiosulfate à 20°C | O25: V(Thio)20°C = | P25: 0.0040356203 | Q25: N
C26: Volume de réactif utilisé | O26: Vreg = | P26: 2.0367937 | Q26: mL
O27: DOreg = | P27: 0.0017
E29: Choix de la série de flacons : | I29: IRD | O29: IRD
O30: LPO
C31: N° | D31: N° des Flacons | E31: T° prélèv. | F31: Volume de thio. | G31: Salinité | H31: Prof. Théorique | I31: Prof. Effective | J31: V. flacons 20°C | K31: A | L31: B | M31: Densité eau de mer à t° | N31: Vol. à t° prél. des flacons | O31: Densité eau pure à t° | P31: Oxygène dissous | T31: NO2 | V31: NO3 + NO2 | X31: NO3 | Z31: Phosphate | AB31: Silicate | AD31: chlorophyll-c3 | AE31: chlorophyll-c1+c2 | AF31: peridinin | AG31: 19'-butanoyloxyfucoxanthin | AH31: fucoxanthine | AI31: neoxanthin | AJ31: prasinoxanthin | AK31: violaxanthin | AL31: 19'-hexanoyloxyfucoxanthin | AM31: diadinoxanthin | AN31: alloxanthin | AO31: diatoxanthin | AP31: zeaxanthin | AQ31: lutein | AR31: divinyl chlorophyll-b | AS31: chlorophyll-b | AT31: total chlorophyll-b | AU31: alpha-carotene | AV31: beta-carotene | AW31: pheophorbide | AX31: divinyl chlorophyll-a | AY31: chlorophyll-a | AZ31: total chlorophyll-a | BA31: pheophytin_a | BB31: crocoxanthin
C33: BTL | E33: °C | F33: ml | H33: m | I33: dbar | J33: ml | P33: DOX1 | R33: DOXY | S33: DOX2 | T33: NTRI | U33: NTIW | V33: NTRZ | W33: NTZW | X33: NTRA | Y33: NTAW | Z33: PHOS | AA33: PHOW | AB33: SLCA | AC33: SLCW | AD33: CHC3 | AE33: CHCZ | AF33: PERP | AG33: BFUP | AH33: FUCP | AI33: NEXW | AJ33: PXAP | AK33: VIOW | AL33: HFUP | AM33: DXAP | AN33: AXAP | AO33: TXAP | AP33: ZXAP | AQ33: LUTW | AR33: CHBD | AS33: CH2P | AT33: CHLB | AU33: AACP | AV33: BBCP | AW33: PHEP | AX33: CHAD | AY33: CH1P | AZ33: CPHL | BA33: PHEA | BB33: CXAP
N34: mL | P34: ml/l | Q34: ml/kg | R34: µmol/l | S34: µmol/kg | T34: µmol/l | U34: µmol/kg | V34: µmol/l | W34: µmol/kg | X34: µmol/l | Y34: µmol/kg | Z34: µmol/l | AA34: µmol/kg | AB34: µmol/l | AC34: µmol/kg | AD34: µg.l-1 | AE34: µg.l-1 | AF34: µg.l-1 | AG34: µg.l-1 | AH34: µg.l-1 | AI34: µg.l-1 | AJ34: µg.l-1 | AK34: µg.l-1 | AL34: µg.l-1 | AM34: µg.l-1 | AN34: µg.l-1 | AO34: µg.l-1 | AP34: µg.l-1 | AQ34: µg.l-1 | AR34: µg.l-1 | AS34: µg.l-1 | AT34: µg.l-1 | AU34: µg.l-1 | AV34: µg.l-1 | AW34: µg.l-1 | AX34: µg.l-1 | AY34: µg.l-1 | AZ34: µg.l-1 | BA34: µg.l-1 | BB34: µg.l-1
A35: 1 | B35: 1 | C35: 1 | D35: 2087 | E35: 7 | F35: 5.3654 | G35: 34.9551 | H35: 2000 | I35: 2021 | J35: 111.38551 | K35: 0.00079933924 | L35: -5.0898454e-06 | M35: 1.0273837 | N35: 111.40217 | O35: 0.99990428 | P35: 5.5483132 | Q35: 5.4004295 | R35: 247.78767 | S35: 241.18318
A36: 1 | B36: 1 | C36: 2 | D36: 2088 | E36: 8.3 | F36: 4.8723 | G36: 34.94665 | H36: 1500 | I36: 1514 | J36: 109.24468 | K36: 0.00079536668 | L36: -4.9898044e-06 | M36: 1.0271867 | N36: 109.26101 | O36: 0.99983213 | P36: 5.137543 | Q36: 5.0015667 | R36: 229.44267 | S36: 223.36997
A37: 1 | B37: 1 | C37: 3 | D37: 2089 | E37: 8.4 | F37: 3.2916 | G37: 34.5985 | H37: 1000 | I37: 1008 | J37: 110.1533 | K37: 0.00079506934 | L37: -4.9823406e-06 | M37: 1.0268982 | N37: 110.16938 | O37: 0.99982559 | P37: 3.4364834 | Q37: 3.3464694 | R37: 153.47335 | S37: 149.45332
A38: 1 | B38: 1 | C38: 4 | D38: 2090 | E38: 8.7 | F38: 3.3474 | G38: 34.5987 | H38: 1000 | I38: 1008 | J38: 112.008 | K38: 0.00079418428 | L38: -4.9601477e-06 | M38: 1.0268518 | N38: 112.02435 | O38: 0.99980512 | P38: 3.4360642 | Q38: 3.3462125 | R38: 153.45463 | S38: 149.44185
A39: 1 | B39: 1 | C39: 5 | D39: 2091 | E39: 9.8 | F39: 2.8278 | G39: 34.50935 | H39: 800 | I39: 806 | J39: 108.77058 | K39: 0.00079102661 | L39: -4.8813218e-06 | M39: 1.026603 | N39: 108.78636 | O39: 0.99971943 | P39: 2.9882511 | Q39: 2.9108145 | R39: 133.45529 | S39: 129.99698
A40: 1 | B40: 1 | C40: 6 | D40: 2092 | E40: 15.6 | F40: 1.4721 | G40: 35.2392 | H40: 250 | I40: 252 | J40: 107.21414 | K40: 0.00077648079 | L40: -4.5319115e-06 | M40: 1.0260235 | N40: 107.23048 | O40: 0.99900901 | P40: 1.5708114 | Q40: 1.5309701 | R40: 70.152435 | S40: 68.373127
A41: 1 | B41: 1 | C41: 7 | D41: 2093 | E41: 18.6 | F41: 3.2105 | G41: 35.72635 | H41: 100 | I41: 100 | J41: 109.12116 | K41: 0.00077020354 | L41: -4.3948634e-06 | M41: 1.0256795 | N41: 109.13832 | O41: 0.99848472 | P41: 3.3836862 | Q41: 3.2989704 | R41: 151.11543 | S41: 147.33202 | AD41: 0.0204 | AE41: 0.0113 | AF41: -9999.9999 | AG41: 0.0254 | AH41: 0.0103 | AI41: -9999.9999 | AJ41: 0.0014 | AK41: -9999.9999 | AL41: 0.0338 | AM41: 0.0029 | AN41: -9999.9999 | AO41: -9999.9999 | AP41: 0.0071 | AQ41: -9999.9999 | AR41: -9999.9999 | AS41: 0.0604 | AT41: =AS41 -> 0.0604 | AU41: 0.0099 | AV41: -9999.9999 | AW41: -9999.9999 | AX41: 0.0262 | AY41: 0.0616 | AZ41: =AX41+AY41 -> 0.0878 | BA41: 0.0023 | BB41: ND
A42: 1 | B42: 1 | C42: 8 | D42: 2094 | E42: 19.2 | F42: 3.1361 | G42: 35.79265 | H42: 80 | I42: 80 | J42: 110.23405 | K42: 0.00076904024 | L42: -4.3710277e-06 | M42: 1.0255769 | N42: 110.25146 | O42: 0.99836797 | P42: 3.2709058 | Q42: 3.1893326 | R42: 146.07865 | S42: 142.43559 | AD42: 0.0439 | AE42: 0.0264 | AF42: -9999.9999 | AG42: 0.0469 | AH42: 0.0302 | AI42: 0.001 | AJ42: 0.0024 | AK42: -9999.9999 | AL42: 0.0627 | AM42: 0.0056 | AN42: 0.0008 | AO42: -9999.9999 | AP42: 0.016 | AQ42: -9999.9999 | AR42: 0.1122 | AS42: -9999.9999 | AT42: =AR42 -> 0.1122 | AU42: 0.0183 | AV42: -9999.9999 | AW42: -9999.9999 | AX42: 0.0561 | AY42: 0.1342 | AZ42: =AX42+AY42 -> 0.1903 | BA42: 0.0047 | BB42: ND
A43: 1 | B43: 1 | C43: 9 | D43: 2095 | E43: 19.8 | F43: 3.1002 | G43: 35.8787 | H43: 60 | I43: 60 | J43: 112.36443 | K43: 0.00076790636 | L43: -4.3483834e-06 | M43: 1.0254863 | N43: 112.38227 | O43: 0.99824737 | P43: 3.1708451 | Q43: 3.0920405 | R43: 141.60994 | S43: 138.09053 | AD43: 0.0474 | AE43: 0.0232 | AF43: 0.0043 | AG43: 0.0353 | AH43: 0.0323 | AI43: 0.0012 | AJ43: 0.0036 | AK43: -9999.9999 | AL43: 0.0713 | AM43: 0.006 | AN43: 0.0006 | AO43: -9999.9999 | AP43: 0.0056 | AQ43: -9999.9999 | AR43: 0.0084 | AS43: 0.0156 | AT43: =AS43+AR43 -> 0.024 | AU43: 0.0063 | AV43: -9999.9999 | AW43: -9999.9999 | AX43: 0.0095 | AY43: 0.1375 | AZ43: =AX43+AY43 -> 0.147 | BA43: 0.0027 | BB43: ND
A44: 1 | B44: 1 | C44: 10 | D44: 2096 | E44: 23.6 | F44: 3.8873 | G44: 36.17695 | H44: 40 | I44: 40 | J44: 107.28989 | K44: 0.00076137582 | L44: -4.232634e-06 | M44: 1.0246529 | N44: 107.30725 | O44: 0.99739729 | P44: 4.171697 | Q44: 4.0713271 | R44: 186.30799 | S44: 181.82547 | AD44: 0.1022 | AE44: 0.089 | AF44: 0.0218 | AG44: 0.0976 | AH44: 0.0567 | AI44: 0.0294 | AJ44: 0.052 | AK44: 0.0128 | AL44: 0.2263 | AM44: 0.0196 | AN44: 0.0125 | AO44: -9999.9999 | AP44: 0.0745 | AQ44: -9999.9999 | AR44: 0.0342 | AS44: 0.2814 | AT44: =AS44+AR44 -> 0.3156 | AU44: 0.0425 | AV44: -9999.9999 | AW44: -9999.9999 | AX44: 0.1148 | AY44: 0.6537 | AZ44: =AX44+AY44 -> 0.7685 | BA44: 0.0092 | BB44: ND
A45: 1 | B45: 1 | C45: 11 | D45: 2097 | E45: 28 | F45: 4.5438 | G45: 35.3896 | H45: 20 | I45: 20 | J45: 110.36298 | K45: 0.0007551115 | L45: -4.1583064e-06 | M45: 1.0226899 | N45: 110.37997 | O45: 0.99623712 | P45: 4.7406087 | Q45: 4.6354314 | R45: 211.71558 | S45: 207.01837 | AD45: 0.0078 | AE45: 0.0146 | AF45: 0.0059 | AG45: 0.0096 | AH45: 0.0183 | AI45: -9999.9999 | AJ45: -9999.9999 | AK45: -9999.9999 | AL45: 0.0268 | AM45: 0.0089 | AN45: -9999.9999 | AO45: -9999.9999 | AP45: 0.1039 | AQ45: -9999.9999 | AR45: 0.0081 | AS45: 0.0102 | AT45: =AS45+AR45 -> 0.0183 | AU45: 0.0168 | AV45: -9999.9999 | AW45: -9999.9999 | AX45: 0.061 | AY45: 0.1057 | AZ45: =AX45+AY45 -> 0.1667 | BA45: 0.0026 | BB45: ND
A46: 1 | B46: 1 | C46: 12 | D46: 2098 | E46: 28.9 | F46: 4.2208 | G46: 34.5931 | H46: 0 | I46: 4 | J46: 106.87233 | K46: 0.00075398933 | L46: -4.1509955e-06 | M46: 1.0217942 | N46: 106.88792 | O46: 0.99597782 | P46: 4.5491158 | Q46: 4.452086 | R46: 203.16351 | S46: 198.83016 | AD46: 0.0061 | AE46: 0.0112 | AF46: 0.0034 | AG46: 0.0062 | AH46: 0.0171 | AI46: -9999.9999 | AJ46: -9999.9999 | AK46: -9999.9999 | AL46: 0.0224 | AM46: 0.0103 | AN46: -9999.9999 | AO46: -9999.9999 | AP46: 0.1265 | AQ46: -9999.9999 | AR46: 0.0053 | AS46: 0.0068 | AT46: =AS46+AR46 -> 0.0121 | AU46: 0.0173 | AV46: -9999.9999 | AW46: -9999.9999 | AX46: 0.0535 | AY46: 0.0928 | AZ46: =AX46+AY46 -> 0.1463 | BA46: 0.0026 | BB46: ND
A47: 1 | B47: 0 | C47: 13
A48: 1 | B48: 0 | C48: 14
A49: 1 | B49: 0 | C49: 15
A50: 1 | B50: 0 | C50: 16
A51: 1 | B51: 0 | C51: 17
A52: 1 | B52: 0 | C52: 18
A53: 1 | B53: 0 | C53: 19
A54: 1 | B54: 0 | C54: 20
A55: 1 | B55: 0 | C55: 21
A56: 1 | B56: 0 | C56: 22
A57: 1 | B57: 0 | C57: 23
A58: 1 | B58: 0 | C58: 24

Sheet 016_01
C2: Campagne : | F2: PIRATA-FR30
C4: Données de campagne
C6: N° de station : | F6: 16 | H6: N° de palanquée : | P6: 1 | R6: Date d'analyse : | T6: 42433
G8: Position | I8: Degrés | J8: Minutes | P8: Cardinal | Q8: Décimale | V8: 4.9425
G9: Latitude | I9: 19° | J9: 55.92' | K9: S | L9: - | M9: N | N9: E | O9: -19°55,92 | P9: S | Q9: -19.932 | V9: 4.9409
G10: Longitude | I10: 009° | J10: 57.81' | K10: W | L10: - | M10: S | N10: W | O10: -9°57,81 | P10: W | Q10: -9.9635 | V10: 4.9431
G11: Prélèvement | I11: Date | J11: 42433 | N11: 19°55,92 | O11: -1 | P11: 2020-03-05T05:35:16z | V11: 4.9527
I12: Heure | J12: 0.23282407 | N12: 9°57,81 | O12: -1 | V12: 4.9516
A13: c | C13: Données :
C14: Température du laboratoire à la calibration ( t°c ) | Q14: t°c = | R14: 22.5 | S14: °C | V14: 4.94616
C15: Température du laboratoire au début de la série d'analyses | Q15: t°lab = | R15: 22.3 | S15: °C
C16: Volume moyen de thiosulfate pour la titration à t°c | Q16: Vmoy.titr.t°c = | R16: 4.94616 | S16: mL
C17: Volume moyen de thiosulfate pour la détermination du blanc à t°c | Q17: Vmoy.titr.blanc.t°c = | R17: 0.0047 | S17: mL
C18: Masse volumique de l'eau pure à la calibration | O18: ρ = | P18: 0.99765835
C19: Normalite de l'iodate (NIO3) à la température de calibration | O19: N(IO3) = | P19: 0.020001448 | Q19: N
C20: Vol. de la prise d'essai d'iodate (VIO3) à 20°C | O20: V(IO3)20°C = | P20: 5.0112146 | Q20: mL
C21: Vol. de la prise d'essai d'iodate (VIO3) à t°c | O21: V(IO3)t°c= | P21: 5.0113399 | Q21: mL
C22: Volume moyen de thiosulfate pour la titration à 20° C | O22: Vmoy.titr.20°C = | P22: 4.9460363 | Q22: mL
C23: Volume moyen de thiosulfate pour la détermination du blanc à 20° C | O23: Vmoy.titr.blanc.20°C = | P23: 0.0046998825 | Q23: mL
C24: Normalite de l'iodate (NIO3) à 20°C | O24: N(IO3)20°C = | P24: 0.020012434 | Q24: N
C25: Titre du thiosulfate à 20°C | O25: V(Thio)20°C = | P25: 0.0040405206 | Q25: N
C26: Volume de réactif utilisé | O26: Vreg = | P26: 2.0367937 | Q26: mL
O27: DOreg = | P27: 0.0017
E29: Choix de la série de flacons : | I29: IRD | O29: IRD
O30: LPO
C31: N° | D31: N° des Flacons | E31: T° prélèv. | F31: Volume de thio. | G31: Salinité | H31: Prof. Théorique | I31: Prof. Effective | J31: V. flacons 20°C | K31: A | L31: B | M31: Densité eau de mer à t° | N31: Vol. à t° prél. des flacons | O31: Densité eau pure à t° | P31: Oxygène dissous | T31: NO2 | V31: NO3 + NO2 | X31: NO3 | Z31: Phosphate | AB31: Silicate | AD31: chlorophyll-c3 | AE31: chlorophyll-c1+c2 | AF31: peridinin | AG31: 19'-butanoyloxyfucoxanthin | AH31: fucoxanthine | AI31: neoxanthin | AJ31: prasinoxanthin | AK31: violaxanthin | AL31: 19'-hexanoyloxyfucoxanthin | AM31: diadinoxanthin | AN31: alloxanthin | AO31: diatoxanthin | AP31: zeaxanthin | AQ31: lutein | AR31: divinyl chlorophyll-b | AS31: chlorophyll-b | AT31: total chlorophyll-b | AU31: alpha-carotene | AV31: beta-carotene | AW31: pheophorbide | AX31: divinyl chlorophyll-a | AY31: chlorophyll-a | AZ31: total chlorophyll-a | BA31: pheophytin_a | BB31: crocoxanthin
C33: BTL | E33: °C | F33: ml | H33: m | I33: dbar | J33: ml | P33: DOX1 | R33: DOXY | S33: DOX2 | T33: NTRI | U33: NTIW | V33: NTRZ | W33: NTZW | X33: NTRA | Y33: NTAW | Z33: PHOS | AA33: PHOW | AB33: SLCA | AC33: SLCW | AD33: CHC3 | AE33: CHCZ | AF33: PERP | AG33: BFUP | AH33: FUCP | AI33: NEXW | AJ33: PXAP | AK33: VIOW | AL33: HFUP | AM33: DXAP | AN33: AXAP | AO33: TXAP | AP33: ZXAP | AQ33: LUTW | AR33: CHBD | AS33: CH2P | AT33: CHLB | AU33: AACP | AV33: BBCP | AW33: PHEP | AX33: CHAD | AY33: CH1P | AZ33: CPHL | BA33: PHEA | BB33: CXAP
N34: mL | P34: ml/l | Q34: ml/kg | R34: µmol/l | S34: µmol/kg | T34: µmol/l | U34: µmol/kg | V34: µmol/l | W34: µmol/kg | X34: µmol/l | Y34: µmol/kg | Z34: µmol/l | AA34: µmol/kg | AB34: µmol/l | AC34: µmol/kg | AD34: µg.l-1 | AE34: µg.l-1 | AF34: µg.l-1 | AG34: µg.l-1 | AH34: µg.l-1 | AI34: µg.l-1 | AJ34: µg.l-1 | AK34: µg.l-1 | AL34: µg.l-1 | AM34: µg.l-1 | AN34: µg.l-1 | AO34: µg.l-1 | AP34: µg.l-1 | AQ34: µg.l-1 | AR34: µg.l-1 | AS34: µg.l-1 | AT34: µg.l-1 | AU34: µg.l-1 | AV34: µg.l-1 | AW34: µg.l-1 | AX34: µg.l-1 | AY34: µg.l-1 | AZ34: µg.l-1 | BA34: µg.l-1 | BB34: µg.l-1
A35: 1 | B35: 1 | C35: 1 | D35: 2029 | E35: 5 | F35: 5.1337 | H35: 4000 | I35: 3851 | J35: 108.87 | K35: 0.00080585473 | L35: -5.254675e-06 | M35: 1.0276755 | N35: 108.88633 | O35: 0.99996675 | P35: 5.4396336 | Q35: 5.2931434 | R35: 242.93404 | S35: 236.39179
A36: 1 | B36: 1 | C36: 2 | D36: 2030 | E36: 6.1 | F36: 5.2855 | G36: 34.8777 | H36: 3000 | I36: 2998 | J36: 110.13 | K36: 0.00080220914 | L36: -5.1623807e-06 | M36: 1.0274434 | N36: 110.14638 | O36: 0.99993983 | P36: 5.535674 | Q36: 5.387814 | R36: 247.2232 | S36: 240.61977
A37: 1 | B37: 1 | C37: 3 | D37: 2031 | E37: 6.8 | F37: 5.0478 | G37: 34.884 | H37: 2000 | I37: 1991 | J37: 107.83 | K37: 0.00079996839 | L37: -5.1057327e-06 | M37: 1.0273553 | N37: 107.84605 | O37: 0.99991321 | P37: 5.4009288 | Q37: 5.2571189 | R37: 241.20548 | S37: 234.78293
A38: 1 | B38: 1 | C38: 4 | D38: 2032 | E38: 7.7 | F38: 3.6123 | G38: 34.486 | H38: 900 | I38: 894 | J38: 111.3 | K38: 0.00079717523 | L38: -5.0352822e-06 | M38: 1.0269147 | N38: 111.31612 | O38: 0.99986844 | P38: 3.7378073 | Q38: 3.6398421 | R38: 166.93047 | S38: 162.55535
A39: 1 | B39: 1 | C39: 5 | D39: 2033 | E39: 7.9 | F39: 3.5875 | G39: 34.4868 | H39: 900 | I39: 894 | J39: 110.79 | K39: 0.00079656768 | L39: -5.0199906e-06 | M39: 1.0268859 | N39: 110.80605 | O39: 0.9998569 | P39: 3.7294453 | Q39: 3.631801 | R39: 166.55703 | S39: 162.19623
A40: 1 | B40: 1 | C40: 6 | D40: 2034 | E40: 10.1 | F40: 3.101 | G40: 34.5179 | H40: 550 | I40: 550 | J40: 109.25 | K40: 0.00079018885 | L40: -4.8605187e-06 | M40: 1.0265588 | N40: 109.26586 | O40: 0.99969321 | P40: 3.2678284 | Q40: 3.1832841 | R40: 145.94122 | S40: 142.16547
A41: 1 | B41: 1 | C41: 7 | D41: 2035 | E41: 21.3 | F41: 5.0093 | G41: 36.32455 | H41: 100 | I41: 101 | J41: 110.1 | K41: 0.00076519694 | L41: -4.2969845e-06 | M41: 1.0254216 | N41: 110.11797 | O41: 0.99792936 | P41: 5.2469498 | Q41: 5.116871 | R41: 234.32878 | S41: 228.51946 | AD41: 0.0107 | AE41: 0.0128 | AF41: 0.0037 | AG41: 0.0147 | AH41: 0.0036 | AI41: -9999.9999 | AJ41: -9999.9999 | AK41: 0.0008 | AL41: 0.0365 | AM41: 0.0049 | AN41: -9999.9999 | AO41: -9999.9999 | AP41: 0.0622 | AQ41: -9999.9999 | AR41: 0.0043 | AS41: 0.0148 | AT41: =AR41+AS41 -> 0.0191 | AU41: 0.0138 | AV41: -9999.9999 | AW41: -9999.9999 | AX41: 0.0775 | AY41: 0.0633 | AZ41: =AX41+AY41 -> 0.1408 | BA41: -9999.9999 | BB41: ND
A42: 1 | B42: 1 | C42: 8 | D42: 2036 | E42: 22.2 | F42: 5.0869 | G42: 36.3439 | H42: 80 | I42: 81 | J42: 109.39 | K42: 0.00076365475 | L42: -4.2697191e-06 | M42: 1.0251843 | N42: 109.40788 | O42: 0.99772746 | P42: 5.3637171 | Q42: 5.2319539 | R42: 239.54361 | S42: 233.65906 | AD42: 0.0057 | AE42: 0.0094 | AF42: 0.0034 | AG42: 0.0081 | AH42: 0.0031 | AI42: -9999.9999 | AJ42: -9999.9999 | AK42: 0.001 | AL42: 0.0227 | AM42: 0.0049 | AN42: -9999.9999 | AO42: -9999.9999 | AP42: 0.0527 | AQ42: -9999.9999 | AR42: 0.0031 | AS42: 0.011 | AT42: =AR42+AS42 -> 0.0141 | AU42: 0.006 | AV42: -9999.9999 | AW42: -9999.9999 | AX42: 0.0276 | AY42: 0.0514 | AZ42: =AX42+AY42 -> 0.079 | BA42: -9999.9999 | BB42: ND
A43: 1 | B43: 1 | C43: 9 | D43: 2037 | E43: 24.6 | F43: 4.6712 | G43: 36.63535 | H43: 60 | I43: 61 | J43: 110.47 | K43: 0.00075983487 | L43: -4.2101157e-06 | M43: 1.0247014 | N43: 110.48838 | O43: 0.99714969 | P43: 4.8750304 | Q43: 4.7575132 | R43: 217.71886 | S43: 212.47054 | AD43: 0.0033 | AE43: 0.005 | AF43: 0.0025 | AG43: 0.0059 | AH43: 0.0025 | AI43: -9999.9999 | AJ43: -9999.9999 | AK43: 0.001 | AL43: 0.0182 | AM43: 0.0033 | AN43: -9999.9999 | AO43: -9999.9999 | AP43: 0.0483 | AQ43: -9999.9999 | AR43: -9999.9999 | AS43: 0.004 | AT43: =AS43 -> 0.004 | AU43: 0.0047 | AV43: -9999.9999 | AW43: -9999.9999 | AX43: 0.0178 | AY43: 0.0409 | AZ43: =AX43+AY43 -> 0.0587 | BA43: -9999.9999 | BB43: ND
A44: 1 | B44: 1 | C44: 10 | D44: 2038 | E44: 25.1 | F44: 4.6019 | G44: 36.68555 | H44: 40 | I44: 41 | J44: 111.51 | K44: 0.00075909087 | L44: -4.2000975e-06 | M44: 1.0245869 | N44: 111.52861 | O44: 0.99702229 | P44: 4.7568456 | Q44: 4.642696 | R44: 212.44072 | S44: 207.3428 | AD44: 0.0011 | AE44: 0.0039 | AF44: 0.0021 | AG44: 0.0041 | AH44: 0.0022 | AI44: -9999.9999 | AJ44: -9999.9999 | AK44: 0.0008 | AL44: 0.0133 | AM44: 0.0038 | AN44: -9999.9999 | AO44: -9999.9999 | AP44: 0.0401 | AQ44: -9999.9999 | AR44: -9999.9999 | AS44: 0.0035 | AT44: =AS44 -> 0.0035 | AU44: 0.0042 | AV44: -9999.9999 | AW44: -9999.9999 | AX44: 0.0127 | AY44: 0.0318 | AZ44: =AX44+AY44 -> 0.0445 | BA44: -9999.9999 | BB44: ND
A45: 1 | B45: 1 | C45: 11 | D45: 2039 | E45: 25.1 | F45: 4.5789 | G45: 36.6991 | H45: 20 | I45: 20 | J45: 111.47 | K45: 0.00075909087 | L45: -4.2000975e-06 | M45: 1.0245972 | N45: 111.48861 | O45: 0.99702229 | P45: 4.7347221 | Q45: 4.6210572 | R45: 211.45269 | S45: 206.37642 | AD45: 0.0016 | AE45: 0.0029 | AF45: -9999.9999 | AG45: 0.0031 | AH45: 0.0018 | AI45: -9999.9999 | AJ45: -9999.9999 | AK45: 0.001 | AL45: 0.0108 | AM45: 0.0051 | AN45: -9999.9999 | AO45: -9999.9999 | AP45: 0.0333 | AQ45: -9999.9999 | AR45: -9999.9999 | AS45: 0.0027 | AT45: =AS45 -> 0.0027 | AU45: 0.0035 | AV45: -9999.9999 | AW45: -9999.9999 | AX45: 0.0101 | AY45: 0.0255 | AZ45: =AX45+AY45 -> 0.0356 | BA45: -9999.9999 | BB45: ND
A46: 1 | B46: 0 | C46: 12 | AD46: 0.0007 | AE46: -9999.9999 | AF46: -9999.9999 | AG46: -9999.9999 | AH46: -9999.9999 | AI46: -9999.9999 | AJ46: -9999.9999 | AK46: -9999.9999 | AL46: -9999.9999 | AM46: 0.0007 | AN46: -9999.9999 | AO46: -9999.9999 | AP46: 0.0247 | AQ46: -9999.9999 | AR46: -9999.9999 | AS46: 0.0029 | AT46: =AS46 -> 0.0029 | AU46: 0.0013 | AV46: -9999.9999 | AW46: -9999.9999 | AX46: 0.0045 | AY46: 0.0036 | AZ46: =AX46+AY46 -> 0.0081 | BA46: -9999.9999 | BB46: ND
A47: 1 | B47: 0 | C47: 13
A48: 1 | B48: 0 | C48: 14
A49: 1 | B49: 0 | C49: 15
A50: 1 | B50: 0 | C50: 16
A51: 1 | B51: 0 | C51: 17
A52: 1 | B52: 0 | C52: 18
A53: 1 | B53: 0 | C53: 19
A54: 1 | B54: 0 | C54: 20
A55: 1 | B55: 0 | C55: 21
A56: 1 | B56: 0 | C56: 22
A57: 1 | B57: 0 | C57: 23
A58: 1 | B58: 0 | C58: 24
D59: Bouteille 1: instabilité, impossible de faire une lecture correcte. Bouteille 3: instable

Sheet 017_01
C2: Campagne : | F2: PIRATA-FR30
C4: Données de campagne
C6: N° de station : | F6: 17 | H6: N° de palanquée : | P6: 1 | R6: Date d'analyse : | T6: 42436
G8: Position | I8: Degrés | J8: Minutes | P8: Cardinal | Q8: Décimale | V8: 4.9365
G9: Latitude | I9: 09° | J9: 53.33' | K9: S | L9: - | M9: N | N9: E | O9: -9°53,33 | P9: S | Q9: -9.8888333 | V9: 4.9382
G10: Longitude | I10: 009° | J10: 58.52' | K10: W | L10: - | M10: S | N10: W | O10: -9°58,52 | P10: W | Q10: -9.9753333 | V10: 4.9368
G11: Prélèvement | I11: Date | J11: 42436 | N11: 9°53,33 | O11: -1 | P11: 2020-03-08T01:06:00z | V11: 4.9422
I12: Heure | J12: 0.045833333 | N12: 9°58,52 | O12: -1 | V12: 4.9325
A13: c | C13: Données : | V13: 4.9449
C14: Température du laboratoire à la calibration ( t°c ) | Q14: t°c = | R14: 23.4 | S14: °C | V14: 4.9485
C15: Température du laboratoire au début de la série d'analyses | Q15: t°lab = | R15: 23.5 | S15: °C | V15: 4.9434
C16: Volume moyen de thiosulfate pour la titration à t°c | Q16: Vmoy.titr.t°c = | R16: 4.940375 | S16: mL | V16: 4.940375
C17: Volume moyen de thiosulfate pour la détermination du blanc à t°c | Q17: Vmoy.titr.blanc.t°c = | R17: 0.0047 | S17: mL
C18: Masse volumique de l'eau pure à la calibration | O18: ρ = | P18: 0.99744564
C19: Normalite de l'iodate (NIO3) à la température de calibration | O19: N(IO3) = | P19: 0.019997183 | Q19: N
C20: Vol. de la prise d'essai d'iodate (VIO3) à 20°C | O20: V(IO3)20°C = | P20: 5.0112146 | Q20: mL
C21: Vol. de la prise d'essai d'iodate (VIO3) à t°c | O21: V(IO3)t°c= | P21: 5.011385 | Q21: mL
C22: Volume moyen de thiosulfate pour la titration à 20° C | O22: Vmoy.titr.20°C = | P22: 4.940207 | Q22: mL
C23: Volume moyen de thiosulfate pour la détermination du blanc à 20° C | O23: Vmoy.titr.blanc.20°C = | P23: 0.0046998402 | Q23: mL
C24: Normalite de l'iodate (NIO3) à 20°C | O24: N(IO3)20°C = | P24: 0.020012434 | Q24: N
C25: Titre du thiosulfate à 20°C | O25: V(Thio)20°C = | P25: 0.0040444303 | Q25: N
C26: Volume de réactif utilisé | O26: Vreg = | P26: 2.0367937 | Q26: mL
O27: DOreg = | P27: 0.0017
E29: Choix de la série de flacons : | I29: IRD | O29: IRD
O30: LPO
C31: N° | D31: N° des Flacons | E31: T° prélèv. | F31: Volume de thio. | G31: Salinité | H31: Prof. Théorique | I31: Prof. Effective | J31: V. flacons 20°C | K31: A | L31: B | M31: Densité eau de mer à t° | N31: Vol. à t° prél. des flacons | O31: Densité eau pure à t° | P31: Oxygène dissous | T31: NO2 | V31: NO3 + NO2 | X31: NO3 | Z31: Phosphate | AB31: Silicate | AD31: chlorophyll-c3 | AE31: chlorophyll-c1+c2 | AF31: peridinin | AG31: 19'-butanoyloxyfucoxanthin | AH31: fucoxanthine | AI31: neoxanthin | AJ31: prasinoxanthin | AK31: violaxanthin | AL31: 19'-hexanoyloxyfucoxanthin | AM31: diadinoxanthin | AN31: alloxanthin | AO31: diatoxanthin | AP31: zeaxanthin | AQ31: lutein | AR31: divinyl chlorophyll-b | AS31: chlorophyll-b | AT31: total chlorophyll-b | AU31: alpha-carotene | AV31: beta-carotene | AW31: pheophorbide | AX31: divinyl chlorophyll-a | AY31: chlorophyll-a | AZ31: total chlorophyll-a | BA31: pheophytin_a | BB31: crocoxanthin
C33: BTL | E33: °C | F33: ml | H33: m | I33: dbar | J33: ml | P33: DOX1 | R33: DOXY | S33: DOX2 | T33: NTRI | U33: NTIW | V33: NTRZ | W33: NTZW | X33: NTRA | Y33: NTAW | Z33: PHOS | AA33: PHOW | AB33: SLCA | AC33: SLCW | AD33: CHC3 | AE33: CHCZ | AF33: PERP | AG33: BFUP | AH33: FUCP | AI33: NEXW | AJ33: PXAP | AK33: VIOW | AL33: HFUP | AM33: DXAP | AN33: AXAP | AO33: TXAP | AP33: ZXAP | AQ33: LUTW | AR33: CHBD | AS33: CH2P | AT33: CHLB | AU33: AACP | AV33: BBCP | AW33: PHEP | AX33: CHAD | AY33: CH1P | AZ33: CPHL | BA33: PHEA | BB33: CXAP
N34: mL | P34: ml/l | Q34: ml/kg | R34: µmol/l | S34: µmol/kg | T34: µmol/l | U34: µmol/kg | V34: µmol/l | W34: µmol/kg | X34: µmol/l | Y34: µmol/kg | Z34: µmol/l | AA34: µmol/kg | AB34: µmol/l | AC34: µmol/kg | AD34: µg.l-1 | AE34: µg.l-1 | AF34: µg.l-1 | AG34: µg.l-1 | AH34: µg.l-1 | AI34: µg.l-1 | AJ34: µg.l-1 | AK34: µg.l-1 | AL34: µg.l-1 | AM34: µg.l-1 | AN34: µg.l-1 | AO34: µg.l-1 | AP34: µg.l-1 | AQ34: µg.l-1 | AR34: µg.l-1 | AS34: µg.l-1 | AT34: µg.l-1 | AU34: µg.l-1 | AV34: µg.l-1 | AW34: µg.l-1 | AX34: µg.l-1 | AY34: µg.l-1 | AZ34: µg.l-1 | BA34: µg.l-1 | BB34: µg.l-1
A35: 1 | B35: 1 | C35: 1 | D35: 2029 | E35: 6.6 | F35: 5.1408 | G35: 34.8821 | H35: 3792 | I35: 3848 | J35: 108.87 | K35: 0.00080060243 | L35: -5.1217524e-06 | M35: 1.0273809 | N35: 108.8862 | O35: 0.99992156 | P35: 5.4524718 | Q35: 5.3071568 | R35: 243.50739 | S35: 237.01762
A36: 1 | B36: 1 | C36: 2 | D36: 2030 | E36: 7.2 | F36: 5.1958 | G36: 34.89015 | H36: 3000 | I36: 3050 | J36: 110.13 | K36: 0.00079871494 | L36: -5.0740905e-06 | M36: 1.0273045 | N36: 110.1464 | O36: 0.99989476 | P36: 5.4467386 | Q36: 5.3019711 | R36: 243.25135 | S36: 236.78603
A37: 1 | B37: 1 | C37: 3 | D37: 2031 | E37: 7.8 | F37: 5.0567 | G37: 34.9306 | H37: 2000 | I37: 2023 | J37: 107.83 | K37: 0.00079687086 | L37: -5.0276199e-06 | M37: 1.0272495 | N37: 107.8461 | O37: 0.99986274 | P37: 5.4157284 | Q37: 5.2720673 | R37: 241.86643 | S37: 235.45052
A38: 1 | B38: 1 | C38: 4 | D38: 2032 | E38: 9 | F38: 3.3239 | G38: 34.58855 | H38: 1000 | I38: 1024 | J38: 111.3 | K38: 0.00079330954 | L38: -4.9382526e-06 | M38: 1.0267963 | N38: 111.31624 | O38: 0.99978339 | P38: 3.4414709 | Q38: 3.3516589 | R38: 153.69609 | S38: 149.68508
A39: 1 | B39: 1 | C39: 5 | D39: 2033 | E39: 13.1 | F39: 1.66 | G39: 34.70485 | H39: 450 | I39: 450 | J39: 110.79 | K39: 0.00078233756 | L39: -4.6688689e-06 | M39: 1.0261448 | N39: 110.80629 | O39: 0.99936648 | P39: 1.718872 | Q39: 1.6750775 | R39: 76.764824 | S39: 74.808962
A40: 1 | B40: 1 | C40: 6 | D40: 2034 | E40: 12.3 | F40: 1.6352 | G40: 34.706 | H40: 450 | I40: 450 | J40: 109.25 | K40: 0.00078434025 | L40: -4.7170634e-06 | M40: 1.0263036 | N40: 109.26607 | O40: 0.99946483 | P40: 1.717274 | Q40: 1.6732612 | R40: 76.693457 | S40: 74.727843
A41: 1 | B41: 1 | C41: 7 | D41: 2035 | E41: 20.5 | F41: 3.5893 | G41: 36.17315 | H41: 100 | I41: 104 | J41: 110.1 | K41: 0.00076661997 | L41: -4.3234707e-06 | M41: 1.0255245 | N41: 110.11781 | O41: 0.99810187 | P41: 3.7587337 | Q41: 3.6651818 | R41: 167.86505 | S41: 163.68702 | AD41: 0.044 | AE41: 0.0342 | AF41: 0.0052 | AG41: 0.0551 | AH41: 0.0124 | AI41: 0.007 | AJ41: 0.0017 | AK41: 0.0023 | AL41: 0.0889 | AM41: 0.0055 | AN41: 0.001 | AO41: -9999.9999 | AP41: 0.0513 | AQ41: -9999.9999 | AR41: 0.0905 | AS41: 0.075 | AT41: =AR41+AS41 -> 0.1655 | AU41: 0.027 | AV41: -9999.9999 | AW41: -9999.9999 | AX41: 0.1073 | AY41: 0.1635 | AZ41: =AX41+AY41 -> 0.2708 | BA41: 0.0039 | BB41: ND
A42: 1 | B42: 1 | C42: 8 | D42: 2036 | E42: 22.4 | F42: 4.7763 | G42: 36.4898 | H42: 80 | I42: 84 | J42: 109.39 | K42: 0.00076332033 | L42: -4.2640241e-06 | M42: 1.0252383 | N42: 109.40804 | O42: 0.99768149 | P42: 5.0401186 | Q42: 4.916046 | R42: 225.0917 | S42: 219.55061 | AD42: 0.0303 | AE42: 0.0315 | AF42: 0.0111 | AG42: 0.036 | AH42: 0.0091 | AI42: 0.0037 | AJ42: -9999.9999 | AK42: 0.0023 | AL42: 0.0889 | AM42: 0.0077 | AN42: -9999.9999 | AO42: -9999.9999 | AP42: 0.09 | AQ42: -9999.9999 | AR42: 0.0116 | AS42: 0.0737 | AT42: =AR42+AS42 -> 0.0853 | AU42: 0.0189 | AV42: -9999.9999 | AW42: -9999.9999 | AX42: 0.0977 | AY42: 0.1603 | AZ42: =AX42+AY42 -> 0.258 | BA42: 0.0043 | BB42: ND
A43: 1 | B43: 1 | C43: 9 | D43: 2037 | E43: 24.2 | F43: 4.9686 | G43: 36.62 | H43: 60 | I43: 64 | J43: 110.47 | K43: 0.00076044272 | L43: -4.2187259e-06 | M43: 1.0248103 | N43: 110.48836 | O43: 0.99724989 | P43: 5.1914501 | Q43: 5.0657668 | R43: 231.85016 | S43: 226.23714 | AD43: 0.0104 | AE43: 0.0109 | AF43: 0.0031 | AG43: 0.0096 | AH43: 0.005 | AI43: -9999.9999 | AJ43: -9999.9999 | AK43: -9999.9999 | AL43: 0.0308 | AM43: 0.0047 | AN43: -9999.9999 | AO43: -9999.9999 | AP43: 0.072 | AQ43: -9999.9999 | AR43: -9999.9999 | AS43: -9999.9999 | AT43: =AS43 -> -9999.9999 | AU43: 0.0065 | AV43: -9999.9999 | AW43: -9999.9999 | AX43: 0.0431 | AY43: 0.062 | AZ43: =AX43+AY43 -> 0.1051 | BA43: -9999.9999 | BB43: ND
A44: 1 | B44: 1 | C44: 10 | D44: 2038 | E44: 27.2 | F44: 4.4275 | G44: 36.5919 | H44: 40 | I44: 45 | J44: 111.51 | K44: 0.00075615316 | L44: -4.1670553e-06 | M44: 1.0238551 | N44: 111.5285 | O44: 0.99646147 | P44: 4.5804265 | Q44: 4.4737059 | R44: 204.56185 | S44: 199.7957 | AD44: 0.0044 | AE44: 0.0043 | AF44: 0.0019 | AG44: 0.0036 | AH44: 0.0039 | AI44: -9999.9999 | AJ44: -9999.9999 | AK44: -9999.9999 | AL44: 0.0156 | AM44: 0.0042 | AN44: -9999.9999 | AO44: -9999.9999 | AP44: 0.0733 | AQ44: -9999.9999 | AR44: -9999.9999 | AS44: -9999.9999 | AT44: =AS44 -> -9999.9999 | AU44: 0.0059 | AV44: -9999.9999 | AW44: -9999.9999 | AX44: 0.0235 | AY44: 0.0337 | AZ44: =AX44+AY44 -> 0.0572 | BA44: -9999.9999 | BB44: ND
A45: 1 | B45: 1 | C45: 11 | D45: 2039 | E45: 27.4 | F45: 4.3552 | G45: 36.52805 | H45: 20 | I45: 25 | J45: 111.47 | K45: 0.00075588881 | L45: -4.1646695e-06 | M45: 1.0237423 | N45: 111.48842 | O45: 0.99640593 | P45: 4.5070229 | Q45: 4.4024975 | R45: 201.28364 | S45: 196.61554 | AD45: 0.0042 | AE45: 0.0036 | AF45: 0.0016 | AG45: 0.0032 | AH45: 0.004 | AI45: -9999.9999 | AJ45: -9999.9999 | AK45: -9999.9999 | AL45: 0.0122 | AM45: 0.0042 | AN45: -9999.9999 | AO45: -9999.9999 | AP45: 0.0603 | AQ45: -9999.9999 | AR45: -9999.9999 | AS45: -9999.9999 | AT45: =AS45 -> -9999.9999 | AU45: 0.0059 | AV45: -9999.9999 | AW45: -9999.9999 | AX45: 0.0233 | AY45: 0.0297 | AZ45: =AX45+AY45 -> 0.053 | BA45: -9999.9999 | BB45: ND
A46: 1 | B46: 1 | C46: 12 | D46: 2040 | E46: 27.2 | F46: 4.3026 | G46: 36.58885 | H46: 0 | I46: 2 | J46: 110.01 | K46: 0.00075615316 | L46: -4.1670553e-06 | M46: 1.0238528 | N46: 110.02825 | O46: 0.99646147 | P46: 4.5126016 | Q46: 4.4074711 | R46: 201.53279 | S46: 196.83766 | AD46: 0.004 | AE46: 0.0037 | AF46: 0.0015 | AG46: 0.0033 | AH46: 0.004 | AI46: -9999.9999 | AJ46: -9999.9999 | AK46: -9999.9999 | AL46: 0.0128 | AM46: 0.0044 | AN46: -9999.9999 | AO46: -9999.9999 | AP46: 0.0709 | AQ46: -9999.9999 | AR46: -9999.9999 | AS46: -9999.9999 | AT46: =AS46 -> -9999.9999 | AU46: 0.0069 | AV46: -9999.9999 | AW46: -9999.9999 | AX46: 0.0286 | AY46: 0.0303 | AZ46: =AX46+AY46 -> 0.0589 | BA46: -9999.9999 | BB46: ND
A47: 1 | B47: 0 | C47: 13
A48: 1 | B48: 0 | C48: 14
A49: 1 | B49: 0 | C49: 15
A50: 1 | B50: 0 | C50: 16
A51: 1 | B51: 0 | C51: 17
A52: 1 | B52: 0 | C52: 18
A53: 1 | B53: 0 | C53: 19
A54: 1 | B54: 0 | C54: 20
A55: 1 | B55: 0 | C55: 21
A56: 1 | B56: 0 | C56: 22
A57: 1 | B57: 0 | C57: 23
A58: 1 | B58: 0 | C58: 24
D59: bouteille7: bouchon du haut fuit

Sheet 018_01
C2: Campagne : | F2: PIRATA-FR30
C4: Données de campagne
C6: N° de station : | F6: 18 | H6: N° de palanquée : | P6: 1 | R6: Date d'analyse : | T6: 42436
G8: Position | I8: Degrés | J8: Minutes | P8: Cardinal | Q8: Décimale
G9: Latitude | I9: 09° | J9: 30.37' | K9: S | L9: - | M9: N | N9: E | O9: -9°30,37 | P9: S | Q9: -9.5061667
G10: Longitude | I10: 009° | J10: 59.89' | K10: W | L10: - | M10: S | N10: W | O10: -9°59,89 | P10: W | Q10: -9.9981667
G11: Prélèvement | I11: Date | J11: 42436 | N11: 9°30,37 | O11: -1 | P11: 2020-03-08T07:07:20z
I12: Heure | J12: 0.29675926 | N12: 9°59,89 | O12: -1
A13: c | C13: Données :
C14: Température du laboratoire à la calibration ( t°c ) | Q14: t°c = | R14: 23.4 | S14: °C
C15: Température du laboratoire au début de la série d'analyses | Q15: t°lab = | R15: 23.5 | S15: °C
C16: Volume moyen de thiosulfate pour la titration à t°c | Q16: Vmoy.titr.t°c = | R16: 4.940375 | S16: mL
C17: Volume moyen de thiosulfate pour la détermination du blanc à t°c | Q17: Vmoy.titr.blanc.t°c = | R17: 0.0047 | S17: mL
C18: Masse volumique de l'eau pure à la calibration | O18: ρ = | P18: 0.99744564
C19: Normalite de l'iodate (NIO3) à la température de calibration | O19: N(IO3) = | P19: 0.019997183 | Q19: N
C20: Vol. de la prise d'essai d'iodate (VIO3) à 20°C | O20: V(IO3)20°C = | P20: 5.0112146 | Q20: mL
C21: Vol. de la prise d'essai d'iodate (VIO3) à t°c | O21: V(IO3)t°c= | P21: 5.011385 | Q21: mL
C22: Volume moyen de thiosulfate pour la titration à 20° C | O22: Vmoy.titr.20°C = | P22: 4.940207 | Q22: mL
C23: Volume moyen de thiosulfate pour la détermination du blanc à 20° C | O23: Vmoy.titr.blanc.20°C = | P23: 0.0046998402 | Q23: mL
C24: Normalite de l'iodate (NIO3) à 20°C | O24: N(IO3)20°C = | P24: 0.020012434 | Q24: N
C25: Titre du thiosulfate à 20°C | O25: V(Thio)20°C = | P25: 0.0040444303 | Q25: N
C26: Volume de réactif utilisé | O26: Vreg = | P26: 2.0367937 | Q26: mL
O27: DOreg = | P27: 0.0017
E29: Choix de la série de flacons : | I29: IRD | O29: IRD
O30: LPO
C31: N° | D31: N° des Flacons | E31: T° prélèv. | F31: Volume de thio. | G31: Salinité | H31: Prof. Théorique | I31: Prof. Effective | J31: V. flacons 20°C | K31: A | L31: B | M31: Densité eau de mer à t° | N31: Vol. à t° prél. des flacons | O31: Densité eau pure à t° | P31: Oxygène dissous | T31: NO2 | V31: NO3 + NO2 | X31: NO3 | Z31: Phosphate | AB31: Silicate | AD31: chlorophyll-c3 | AE31: chlorophyll-c1+c2 | AF31: peridinin | AG31: 19'-butanoyloxyfucoxanthin | AH31: fucoxanthine | AI31: neoxanthin | AJ31: prasinoxanthin | AK31: violaxanthin | AL31: 19'-hexanoyloxyfucoxanthin | AM31: diadinoxanthin | AN31: alloxanthin | AO31: diatoxanthin | AP31: zeaxanthin | AQ31: lutein | AR31: divinyl chlorophyll-b | AS31: chlorophyll-b | AT31: total chlorophyll-b | AU31: alpha-carotene | AV31: beta-carotene | AW31: pheophorbide | AX31: divinyl chlorophyll-a | AY31: chlorophyll-a | AZ31: total chlorophyll-a | BA31: pheophytin_a | BB31: crocoxanthin
C33: BTL | E33: °C | F33: ml | H33: m | I33: dbar | J33: ml | P33: DOX1 | R33: DOXY | S33: DOX2 | T33: NTRI | U33: NTIW | V33: NTRZ | W33: NTZW | X33: NTRA | Y33: NTAW | Z33: PHOS | AA33: PHOW | AB33: SLCA | AC33: SLCW | AD33: CHC3 | AE33: CHCZ | AF33: PERP | AG33: BFUP | AH33: FUCP | AI33: NEXW | AJ33: PXAP | AK33: VIOW | AL33: HFUP | AM33: DXAP | AN33: AXAP | AO33: TXAP | AP33: ZXAP | AQ33: LUTW | AR33: CHBD | AS33: CH2P | AT33: CHLB | AU33: AACP | AV33: BBCP | AW33: PHEP | AX33: CHAD | AY33: CH1P | AZ33: CPHL | BA33: PHEA | BB33: CXAP
N34: mL | P34: ml/l | Q34: ml/kg | R34: µmol/l | S34: µmol/kg | T34: µmol/l | U34: µmol/kg | V34: µmol/l | W34: µmol/kg | X34: µmol/l | Y34: µmol/kg | Z34: µmol/l | AA34: µmol/kg | AB34: µmol/l | AC34: µmol/kg | AD34: µg.l-1 | AE34: µg.l-1 | AF34: µg.l-1 | AG34: µg.l-1 | AH34: µg.l-1 | AI34: µg.l-1 | AJ34: µg.l-1 | AK34: µg.l-1 | AL34: µg.l-1 | AM34: µg.l-1 | AN34: µg.l-1 | AO34: µg.l-1 | AP34: µg.l-1 | AQ34: µg.l-1 | AR34: µg.l-1 | AS34: µg.l-1 | AT34: µg.l-1 | AU34: µg.l-1 | AV34: µg.l-1 | AW34: µg.l-1 | AX34: µg.l-1 | AY34: µg.l-1 | AZ34: µg.l-1 | BA34: µg.l-1 | BB34: µg.l-1
A35: 1 | B35: 1 | C35: 1 | D35: 3239 | E35: 5.8 | F35: 5.6445 | G35: 34.93177 | H35: 2000 | I35: 2020 | J35: 113.98 | K35: 0.00080318815 | L35: -5.1871547e-06 | M35: 1.0275244 | N35: 113.99702 | O35: 0.999949 | P35: 5.714928 | Q35: 5.5618416 | R35: 255.22868 | S35: 248.39185
A36: 1 | B36: 1 | C36: 2 | D36: 3230 | E36: 6.6 | F36: 4.8377 | G36: 34.56475 | H36: 1500 | I36: 1488 | J36: 115.77 | K36: 0.00080060243 | L36: -5.1217524e-06 | M36: 1.0271306 | N36: 115.78686 | O36: 0.99992156 | P36: 4.8188333 | Q36: 4.6915488 | R36: 215.2091 | S36: 209.52457
A37: 1 | B37: 1 | C37: 3 | D37: 3231 | E37: 7.2 | F37: 3.3529 | G37: 34.56525 | H37: 1000 | I37: 998 | J37: 114.15 | K37: 0.00079871494 | L37: -5.0740905e-06 | M37: 1.0270486 | N37: 114.16663 | O37: 0.99989476 | P37: 3.3833833 | Q37: 3.2942775 | R37: 151.1019 | S37: 147.12244
A38: 1 | B38: 1 | C38: 4 | D38: 3232 | E38: 8.5 | F38: 2.3344 | G38: 34.5292 | H38: 700 | I38: 700 | J38: 115.71 | K38: 0.00079477317 | L38: -4.9749099e-06 | M38: 1.0268284 | N38: 115.72681 | O38: 0.9998189 | P38: 2.3187091 | Q38: 2.2581272 | R38: 103.55355 | S38: 100.84796
A39: 1 | B39: 1 | C39: 5 | D39: 3233 | E39: 11.1 | F39: 1.7651 | G39: 34.75005 | H39: 400 | I39: 402 | J39: 117.93 | K39: 0.00078746698 | L39: -4.7933263e-06 | M39: 1.0265632 | N39: 117.94739 | O39: 0.99959718 | P39: 1.7160351 | Q39: 1.6716312 | R39: 76.638126 | S39: 74.655048
A40: 1 | B40: 1 | C40: 6 | D40: 3237 | E40: 20.1 | F40: 3.9301 | G40: 36.1279 | H40: 100 | I40: 101 | J40: 118.47 | K40: 0.00076735028 | L40: -4.3375079e-06 | M40: 1.0255971 | N40: 118.48911 | O40: 0.99818564 | P40: 3.8211654 | Q40: 3.7257958 | R40: 170.65325 | S40: 166.39404
A41: 1 | B41: 1 | C41: 7 | D41: 3238 | E41: 20.2 | F41: 3.8975 | G41: 36.13335 | H41: 100 | I41: 101 | J41: 117.73 | K41: 0.00076716652 | L41: -4.333949e-06 | M41: 1.0255746 | N41: 117.74899 | O41: 0.99816485 | P41: 3.8135839 | Q41: 3.7184851 | R41: 170.31466 | S41: 166.06755
A42: 1 | B42: 1 | C42: 8 | D42: 3239 | E42: 22.7 | F42: 5.1098 | G42: 36.5645 | H42: 80 | I42: 80 | J42: 113.98 | K42: 0.00076282428 | L42: -4.2557298e-06 | M42: 1.0252091 | N42: 113.99888 | O42: 0.99761178 | P42: 5.1720176 | Q42: 5.0448419 | R42: 230.98231 | S42: 225.30264
A43: 1 | B43: 1 | C43: 9 | D43: 3240 | E43: 24.7 | F43: 5.2066 | G43: 36.62575 | H43: 60 | I43: 61 | J43: 117.01 | K43: 0.00075968467 | L43: -4.2080459e-06 | M43: 1.0246638 | N43: 117.02945 | O43: 0.9971244 | P43: 5.131391 | Q43: 5.0078778 | R43: 229.16792 | S43: 223.65182
A44: 1 | B44: 1 | C44: 10 | D44: 3243 | E44: 27.3 | F44: 4.677 | G44: 36.6057 | H44: 40 | I44: 41 | J44: 116.66 | K44: 0.00075602065 | L44: -4.1658458e-06 | M44: 1.0238332 | N44: 116.67937 | O44: 0.99643374 | P44: 4.6219934 | Q44: 4.5144008 | R44: 206.41822 | S44: 201.61314
A45: 1 | B45: 1 | C45: 11 | D45: 3245 | E45: 28 | F45: 4.68 | G45: 36.5177 | H45: 20 | I45: 20 | J45: 119.39 | K45: 0.0007551115 | L45: -4.1583064e-06 | M45: 1.0235387 | N45: 119.40972 | O45: 0.99623712 | P45: 4.5173809 | Q45: 4.413493 | R45: 201.74623 | S45: 197.1066
A46: 1 | B46: 1 | C46: 12 | D46: 3246 | E46: 28.1 | F46: 4.4667 | G46: 36.4979 | H46: 0 | I46: 4 | J46: 114.22 | K46: 0.00075498423 | L46: -4.1573617e-06 | M46: 1.0234909 | N46: 114.23884 | O46: 0.99620867 | P46: 4.509492 | Q46: 4.4059912 | R46: 201.39391 | S46: 196.77157
A47: 1 | B47: 0 | C47: 13
A48: 1 | B48: 0 | C48: 14
A49: 1 | B49: 0 | C49: 15
A50: 1 | B50: 0 | C50: 16
A51: 1 | B51: 0 | C51: 17
A52: 1 | B52: 0 | C52: 18
A53: 1 | B53: 0 | C53: 19
A54: 1 | B54: 0 | C54: 20
A55: 1 | B55: 0 | C55: 21
A56: 1 | B56: 0 | C56: 22
A57: 1 | B57: 0 | C57: 23
A58: 1 | B58: 0 | C58: 24

Sheet 019_01
C2: Campagne : | F2: PIRATA-FR30
C4: Données de campagne
C6: N° de station : | F6: 19 | H6: N° de palanquée : | P6: 1 | R6: Date d'analyse : | T6: 42436
G8: Position | I8: Degrés | J8: Minutes | P8: Cardinal | Q8: Décimale | V8: 4.9365
G9: Latitude | I9: 08° | J9: 59.98' | K9: S | L9: - | M9: N | N9: E | O9: -8°59,98 | P9: S | Q9: -8.9996667 | V9: 4.9382
G10: Longitude | I10: 010° | J10: 00.01' | K10: W | L10: - | M10: S | N10: W | O10: -10°0,01 | P10: W | Q10: -10.000167 | V10: 4.9368
G11: Prélèvement | I11: Date | J11: 42436 | N11: 8°59,98 | O11: -1 | P11: 2020-03-08T11:49:03z | V11: 4.9422
I12: Heure | J12: 0.49239583 | N12: 10°0,01 | O12: -1 | V12: 4.9325
A13: c | C13: Données : | V13: 4.9449
C14: Température du laboratoire à la calibration ( t°c ) | Q14: t°c = | R14: 23.4 | S14: °C | V14: 4.9485
C15: Température du laboratoire au début de la série d'analyses | Q15: t°lab = | R15: 23.5 | S15: °C | V15: 4.9434
C16: Volume moyen de thiosulfate pour la titration à t°c | Q16: Vmoy.titr.t°c = | R16: 4.940375 | S16: mL | V16: 4.940375
C17: Volume moyen de thiosulfate pour la détermination du blanc à t°c | Q17: Vmoy.titr.blanc.t°c = | R17: 0.0047 | S17: mL
C18: Masse volumique de l'eau pure à la calibration | O18: ρ = | P18: 0.99744564
C19: Normalite de l'iodate (NIO3) à la température de calibration | O19: N(IO3) = | P19: 0.019997183 | Q19: N
C20: Vol. de la prise d'essai d'iodate (VIO3) à 20°C | O20: V(IO3)20°C = | P20: 5.0112146 | Q20: mL
C21: Vol. de la prise d'essai d'iodate (VIO3) à t°c | O21: V(IO3)t°c= | P21: 5.011385 | Q21: mL
C22: Volume moyen de thiosulfate pour la titration à 20° C | O22: Vmoy.titr.20°C = | P22: 4.940207 | Q22: mL
C23: Volume moyen de thiosulfate pour la détermination du blanc à 20° C | O23: Vmoy.titr.blanc.20°C = | P23: 0.0046998402 | Q23: mL
C24: Normalite de l'iodate (NIO3) à 20°C | O24: N(IO3)20°C = | P24: 0.020012434 | Q24: N
C25: Titre du thiosulfate à 20°C | O25: V(Thio)20°C = | P25: 0.0040444303 | Q25: N
C26: Volume de réactif utilisé | O26: Vreg = | P26: 2.0367937 | Q26: mL
O27: DOreg = | P27: 0.0017
E29: Choix de la série de flacons : | I29: IRD | O29: IRD
O30: LPO
C31: N° | D31: N° des Flacons | E31: T° prélèv. | F31: Volume de thio. | G31: Salinité | H31: Prof. Théorique | I31: Prof. Effective | J31: V. flacons 20°C | K31: A | L31: B | M31: Densité eau de mer à t° | N31: Vol. à t° prél. des flacons | O31: Densité eau pure à t° | P31: Oxygène dissous | T31: NO2 | V31: NO3 + NO2 | X31: NO3 | Z31: Phosphate | AB31: Silicate | AD31: chlorophyll-c3 | AE31: chlorophyll-c1+c2 | AF31: peridinin | AG31: 19'-butanoyloxyfucoxanthin | AH31: fucoxanthine | AI31: neoxanthin | AJ31: prasinoxanthin | AK31: violaxanthin | AL31: 19'-hexanoyloxyfucoxanthin | AM31: diadinoxanthin | AN31: alloxanthin | AO31: diatoxanthin | AP31: zeaxanthin | AQ31: lutein | AR31: divinyl chlorophyll-b | AS31: chlorophyll-b | AT31: total chlorophyll-b | AU31: alpha-carotene | AV31: beta-carotene | AW31: pheophorbide | AX31: divinyl chlorophyll-a | AY31: chlorophyll-a | AZ31: total chlorophyll-a | BA31: pheophytin_a | BB31: crocoxanthin
C33: BTL | E33: °C | F33: ml | H33: m | I33: dbar | J33: ml | P33: DOX1 | R33: DOXY | S33: DOX2 | T33: NTRI | U33: NTIW | V33: NTRZ | W33: NTZW | X33: NTRA | Y33: NTAW | Z33: PHOS | AA33: PHOW | AB33: SLCA | AC33: SLCW | AD33: CHC3 | AE33: CHCZ | AF33: PERP | AG33: BFUP | AH33: FUCP | AI33: NEXW | AJ33: PXAP | AK33: VIOW | AL33: HFUP | AM33: DXAP | AN33: AXAP | AO33: TXAP | AP33: ZXAP | AQ33: LUTW | AR33: CHBD | AS33: CH2P | AT33: CHLB | AU33: AACP | AV33: BBCP | AW33: PHEP | AX33: CHAD | AY33: CH1P | AZ33: CPHL | BA33: PHEA | BB33: CXAP
N34: mL | P34: ml/l | Q34: ml/kg | R34: µmol/l | S34: µmol/kg | T34: µmol/l | U34: µmol/kg | V34: µmol/l | W34: µmol/kg | X34: µmol/l | Y34: µmol/kg | Z34: µmol/l | AA34: µmol/kg | AB34: µmol/l | AC34: µmol/kg | AD34: µg.l-1 | AE34: µg.l-1 | AF34: µg.l-1 | AG34: µg.l-1 | AH34: µg.l-1 | AI34: µg.l-1 | AJ34: µg.l-1 | AK34: µg.l-1 | AL34: µg.l-1 | AM34: µg.l-1 | AN34: µg.l-1 | AO34: µg.l-1 | AP34: µg.l-1 | AQ34: µg.l-1 | AR34: µg.l-1 | AS34: µg.l-1 | AT34: µg.l-1 | AU34: µg.l-1 | AV34: µg.l-1 | AW34: µg.l-1 | AX34: µg.l-1 | AY34: µg.l-1 | AZ34: µg.l-1 | BA34: µg.l-1 | BB34: µg.l-1
A35: 1 | B35: 1 | C35: 1 | D35: 2075 | E35: 6.1 | F35: 5.2233 | G35: 34.9297 | H35: 2000 | I35: 2024 | J35: 110.99771 | K35: 0.00080220914 | L35: -5.1623807e-06 | M35: 1.0274845 | N35: 111.01428 | O35: 0.99993983 | P35: 5.4320436 | Q35: 5.2867401 | R35: 242.59507 | S35: 236.10581
A36: 1 | B36: 1 | C36: 2 | D36: 2076 | E36: 7 | F36: 4.5432 | G36: 34.9005 | H36: 1500 | I36: 1517 | J36: 106.39863 | K36: 0.00079933924 | L36: -5.0898454e-06 | M36: 1.0273407 | N36: 106.41448 | O36: 0.99990428 | P36: 4.9308368 | Q36: 4.7996122 | R36: 220.21117 | S36: 214.35068
A37: 1 | B37: 1 | C37: 3 | D37: 2077 | E37: 7.3 | F37: 3.6965 | G37: 34.58085 | H37: 1000 | I37: 1009 | J37: 117.65506 | K37: 0.0007984046 | L37: -5.0662626e-06 | M37: 1.0270468 | N37: 117.67222 | O37: 0.99988979 | P37: 3.6185474 | Q37: 3.5232546 | R37: 161.60433 | S37: 157.34855
A38: 1 | B38: 1 | C38: 4 | D38: 2078 | E38: 8.9 | F38: 2.4007 | G38: 34.5298 | H38: 700 | I38: 705 | J38: 110.09049 | K38: 0.00079359998 | L38: -4.9455179e-06 | M38: 1.0267662 | N38: 110.10649 | O38: 0.99979077 | P38: 2.5090274 | Q38: 2.443621 | R38: 112.05316 | S38: 109.13211
A39: 1 | B39: 1 | C39: 5 | D39: 2079 | E39: 11.3 | F39: 1.5986 | G39: 34.77515 | H39: 400 | I39: 403 | J39: 107.71659 | K39: 0.00078693543 | L39: -4.7802849e-06 | M39: 1.0265462 | N39: 107.7325 | O39: 0.99957641 | P39: 1.702832 | Q39: 1.6587973 | R39: 76.048479 | S39: 74.081888
A40: 1 | B40: 1 | C40: 6 | D40: 2080 | E40: 20 | F40: 3.6321 | G40: 36.1605 | H40: 100 | I40: 102 | J40: 108.72896 | K40: 0.00076753484 | L40: -4.3411e-06 | M40: 1.0256486 | N40: 108.74653 | O40: 0.99820632 | P40: 3.8526238 | Q40: 3.7562806 | R40: 172.05818 | S40: 167.75549
A41: 1 | B41: 1 | C41: 7 | D41: 2081 | E41: 22.5 | F41: 5.1271 | G41: 36.54435 | H41: 80 | I41: 84 | J41: 119.40087 | K41: 0.00076315424 | L41: -4.2612263e-06 | M41: 1.0252512 | N41: 119.42063 | O41: 0.99765835 | P41: 4.9498829 | Q41: 4.827971 | R41: 221.06177 | S41: 215.61718
A42: 1 | B42: 1 | C42: 8 | D42: 2082 | E42: 22.5 | F42: 4.9549 | G42: 36.5467 | H42: 80 | I42: 84 | J42: 111.17907 | K42: 0.00076315424 | L42: -4.2612263e-06 | M42: 1.025253 | N42: 111.19747 | O42: 0.99765835 | P42: 5.1434617 | Q42: 5.0167733 | R42: 229.707 | S42: 224.04909
A43: 1 | B43: 1 | C43: 9 | D43: 2083 | E43: 23.8 | F43: 4.8722 | G43: 36.62295 | H43: 60 | I43: 64 | J43: 109.43019 | K43: 0.00076106192 | L43: -4.2278656e-06 | M43: 1.0249319 | N43: 109.44838 | O43: 0.99734855 | P43: 5.1397055 | Q43: 5.0146802 | R43: 229.53925 | S43: 223.95562
A44: 1 | B44: 1 | C44: 10 | D44: 2084 | E44: 26.2 | F44: 4.6704 | G44: 36.33 | H44: 40 | I44: 44 | J44: 109.28312 | K44: 0.00075751484 | L44: -4.1809696e-06 | M44: 1.0239763 | N44: 109.30097 | O44: 0.99673365 | P44: 4.9329339 | Q44: 4.8174297 | R44: 220.30483 | S44: 215.14641
A45: 1 | B45: 1 | C45: 11 | D45: 2086 | E45: 28 | F45: 4.2309 | G45: 36.31435 | H45: 20 | I45: 25 | J45: 108.40476 | K45: 0.0007551115 | L45: -4.1583064e-06 | M45: 1.0233857 | N45: 108.42245 | O45: 0.99623712 | P45: 4.504112 | Q45: 4.4011874 | R45: 201.15364 | S45: 196.55703
A46: 1 | B46: 1 | C46: 12 | D46: 2087 | E46: 28.2 | F46: 4.3488 | G46: 36.3201 | H46: 0 | I46: 2 | J46: 111.38551 | K46: 0.00075485761 | L46: -4.1564501e-06 | M46: 1.0233242 | N46: 111.40369 | O46: 0.99618013 | P46: 4.5038636 | Q46: 4.401209 | R46: 201.14255 | S46: 196.55799
A47: 1 | B47: 0 | C47: 13
A48: 1 | B48: 0 | C48: 14
A49: 1 | B49: 0 | C49: 15
A50: 1 | B50: 0 | C50: 16
A51: 1 | B51: 0 | C51: 17
A52: 1 | B52: 0 | C52: 18
A53: 1 | B53: 0 | C53: 19
A54: 1 | B54: 0 | C54: 20
A55: 1 | B55: 0 | C55: 21
A56: 1 | B56: 0 | C56: 22
A57: 1 | B57: 0 | C57: 23
A58: 1 | B58: 0 | C58: 24

Sheet 020_01
C2: Campagne : | F2: PIRATA-FR30
C4: Données de campagne
C6: N° de station : | F6: 20 | H6: N° de palanquée : | P6: 1 | R6: Date d'analyse : | T6: 42437
V7: 4.9467
G8: Position | I8: Degrés | J8: Minutes | P8: Cardinal | Q8: Décimale | V8: 4.9388
G9: Latitude | I9: 08° | J9: 29.93' | K9: S | L9: - | M9: N | N9: E | O9: -8°29,93 | P9: S | Q9: -8.4988333 | V9: 4.9405
G10: Longitude | I10: 010° | J10: 00.00' | K10: W | L10: - | M10: S | N10: W | O10: -10°0 | P10: W | Q10: -10 | V10: 4.943
G11: Prélèvement | I11: Date | J11: 42436 | N11: 8°29,93 | O11: -1 | P11: 2020-03-08T16:19:01z | V11: 4.9456
I12: Heure | J12: 0.67987269 | N12: 10°0 | O12: -1
A13: c | C13: Données :
C14: Température du laboratoire à la calibration ( t°c ) | Q14: t°c = | R14: 23.3 | S14: °C | V14: 4.941975
C15: Température du laboratoire au début de la série d'analyses | Q15: t°lab = | R15: 23.6 | S15: °C
C16: Volume moyen de thiosulfate pour la titration à t°c | Q16: Vmoy.titr.t°c = | R16: 4.941975 | S16: mL
C17: Volume moyen de thiosulfate pour la détermination du blanc à t°c | Q17: Vmoy.titr.blanc.t°c = | R17: 0.0047 | S17: mL
C18: Masse volumique de l'eau pure à la calibration | O18: ρ = | P18: 0.99746967
C19: Normalite de l'iodate (NIO3) à la température de calibration | O19: N(IO3) = | P19: 0.019997665 | Q19: N
C20: Vol. de la prise d'essai d'iodate (VIO3) à 20°C | O20: V(IO3)20°C = | P20: 5.0112146 | Q20: mL
C21: Vol. de la prise d'essai d'iodate (VIO3) à t°c | O21: V(IO3)t°c= | P21: 5.0113799 | Q21: mL
C22: Volume moyen de thiosulfate pour la titration à 20° C | O22: Vmoy.titr.20°C = | P22: 4.9418119 | Q22: mL
C23: Volume moyen de thiosulfate pour la détermination du blanc à 20° C | O23: Vmoy.titr.blanc.20°C = | P23: 0.0046998449 | Q23: mL
C24: Normalite de l'iodate (NIO3) à 20°C | O24: N(IO3)20°C = | P24: 0.020012434 | Q24: N
C25: Titre du thiosulfate à 20°C | O25: V(Thio)20°C = | P25: 0.004043213 | Q25: N
C26: Volume de réactif utilisé | O26: Vreg = | P26: 2.0367937 | Q26: mL
O27: DOreg = | P27: 0.0017
E29: Choix de la série de flacons : | I29: IRD | O29: IRD
O30: LPO
C31: N° | D31: N° des Flacons | E31: T° prélèv. | F31: Volume de thio. | G31: Salinité | H31: Prof. Théorique | I31: Prof. Effective | J31: V. flacons 20°C | K31: A | L31: B | M31: Densité eau de mer à t° | N31: Vol. à t° prél. des flacons | O31: Densité eau pure à t° | P31: Oxygène dissous | T31: NO2 | V31: NO3 + NO2 | X31: NO3 | Z31: Phosphate | AB31: Silicate | AD31: chlorophyll-c3 | AE31: chlorophyll-c1+c2 | AF31: peridinin | AG31: 19'-butanoyloxyfucoxanthin | AH31: fucoxanthine | AI31: neoxanthin | AJ31: prasinoxanthin | AK31: violaxanthin | AL31: 19'-hexanoyloxyfucoxanthin | AM31: diadinoxanthin | AN31: alloxanthin | AO31: diatoxanthin | AP31: zeaxanthin | AQ31: lutein | AR31: divinyl chlorophyll-b | AS31: chlorophyll-b | AT31: total chlorophyll-b | AU31: alpha-carotene | AV31: beta-carotene | AW31: pheophorbide | AX31: divinyl chlorophyll-a | AY31: chlorophyll-a | AZ31: total chlorophyll-a | BA31: pheophytin_a | BB31: crocoxanthin
C33: BTL | E33: °C | F33: ml | H33: m | I33: dbar | J33: ml | P33: DOX1 | R33: DOXY | S33: DOX2 | T33: NTRI | U33: NTIW | V33: NTRZ | W33: NTZW | X33: NTRA | Y33: NTAW | Z33: PHOS | AA33: PHOW | AB33: SLCA | AC33: SLCW | AD33: CHC3 | AE33: CHCZ | AF33: PERP | AG33: BFUP | AH33: FUCP | AI33: NEXW | AJ33: PXAP | AK33: VIOW | AL33: HFUP | AM33: DXAP | AN33: AXAP | AO33: TXAP | AP33: ZXAP | AQ33: LUTW | AR33: CHBD | AS33: CH2P | AT33: CHLB | AU33: AACP | AV33: BBCP | AW33: PHEP | AX33: CHAD | AY33: CH1P | AZ33: CPHL | BA33: PHEA | BB33: CXAP
N34: mL | P34: ml/l | Q34: ml/kg | R34: µmol/l | S34: µmol/kg | T34: µmol/l | U34: µmol/kg | V34: µmol/l | W34: µmol/kg | X34: µmol/l | Y34: µmol/kg | Z34: µmol/l | AA34: µmol/kg | AB34: µmol/l | AC34: µmol/kg | AD34: µg.l-1 | AE34: µg.l-1 | AF34: µg.l-1 | AG34: µg.l-1 | AH34: µg.l-1 | AI34: µg.l-1 | AJ34: µg.l-1 | AK34: µg.l-1 | AL34: µg.l-1 | AM34: µg.l-1 | AN34: µg.l-1 | AO34: µg.l-1 | AP34: µg.l-1 | AQ34: µg.l-1 | AR34: µg.l-1 | AS34: µg.l-1 | AT34: µg.l-1 | AU34: µg.l-1 | AV34: µg.l-1 | AW34: µg.l-1 | AX34: µg.l-1 | AY34: µg.l-1 | AZ34: µg.l-1 | BA34: µg.l-1 | BB34: µg.l-1
A35: 1 | B35: 1 | C35: 1 | D35: 2041 | E35: 3.8 | F35: 5.2876 | G35: 34.9336 | H35: 2000 | I35: 2022 | J35: 111.07 | K35: 0.00081001102 | L35: -5.3599264e-06 | M35: 1.0277542 | N35: 111.08659 | O35: 0.9999747 | P35: 5.4938022 | Q35: 5.3454436 | R35: 245.35321 | S35: 238.72751
A36: 1 | B36: 1 | C36: 2 | D36: 2042 | E36: 6.7 | F36: 4.8131 | G36: 34.9052 | H36: 1500 | I36: 1515 | J36: 110.84 | K36: 0.0008002848 | L36: -5.113726e-06 | M36: 1.0273856 | N36: 110.85652 | O36: 0.99991746 | P36: 5.0099547 | Q36: 4.876411 | R36: 223.74457 | S36: 217.78052
A37: 1 | B37: 1 | C37: 3 | D37: 2043 | E37: 8.7 | F37: 3.4973 | G37: 34.58563 | H37: 1000 | I37: 1010 | J37: 109.68 | K37: 0.00079418428 | L37: -4.9601477e-06 | M37: 1.0268415 | N37: 109.696 | O37: 0.99980512 | P37: 3.6752201 | Q37: 3.5791502 | R37: 164.13533 | S37: 159.84485
A38: 1 | B38: 1 | C38: 4 | D38: 2044 | E38: 9.3 | F38: 2.483 | G38: 34.5335 | H38: 700 | I38: 707 | J38: 109.47 | K38: 0.00079244502 | L38: -4.9166554e-06 | M38: 1.0267047 | N38: 109.48591 | O38: 0.99976043 | P38: 2.6097862 | Q38: 2.5419053 | R38: 116.55305 | S38: 113.52149
A39: 1 | B39: 1 | C39: 5 | D39: 2045 | E39: 12.2 | F39: 1.6273 | G39: 34.79445 | H39: 400 | I39: 404 | J39: 110.08 | K39: 0.00078459513 | L39: -4.7232367e-06 | M39: 1.0263916 | N39: 110.09629 | O39: 0.99947656 | P39: 1.6952555 | Q39: 1.6516654 | R39: 75.710113 | S39: 73.763377
A40: 1 | B40: 1 | C40: 6 | D40: 2046 | E40: 18.5 | F40: 2.5613 | G40: 35.7973 | H40: 100 | I40: 103 | J40: 108.28 | K40: 0.00077040032 | L40: -4.3989519e-06 | M40: 1.025759 | N40: 108.29711 | O40: 0.9985038 | P40: 2.7227121 | Q40: 2.6543389 | R40: 121.59632 | S40: 118.54278
A41: 1 | B41: 1 | C41: 7 | D41: 2048 | E41: 25.8 | F41: 3.8171 | G41: 36.0721 | H41: 80 | I41: 81 | J41: 107.72 | K41: 0.00075807837 | L41: -4.1874619e-06 | M41: 1.0239069 | N41: 107.73731 | O41: 0.99683993 | P41: 4.0871061 | Q41: 3.9916776 | R41: 182.53016 | S41: 178.26832
A42: 1 | B42: 1 | C42: 8 | D42: 2049 | E42: 25.4 | F42: 4.7383 | G42: 36.47835 | H42: 60 | I42: 60 | J42: 106.87 | K42: 0.00075865281 | L42: -4.1944837e-06 | M42: 1.0243379 | N42: 106.88761 | O42: 0.9969447 | P42: 5.1185351 | Q42: 4.9969207 | R42: 228.59378 | S42: 223.16248
A43: 1 | B43: 1 | C43: 9 | D43: 2050 | E43: 25.7 | F43: 4.8501 | G43: 36.4641 | H43: 60 | I43: 61 | J43: 111.03 | K43: 0.00075822095 | L43: -4.1891678e-06 | M43: 1.0242341 | N43: 111.04828 | O43: 0.99686626 | P43: 5.0397084 | Q43: 4.9204654 | R43: 225.07338 | S43: 219.74799
A44: 1 | B44: 1 | C44: 10 | D44: 2051 | E44: 27.6 | F44: 4.4098 | G44: 36.48665 | H44: 40 | I44: 40 | J44: 111.83827 | K44: 0.00075562708 | L44: -4.1624161e-06 | M44: 1.0236461 | N44: 111.85671 | O44: 0.99635002 | P44: 4.5470446 | Q44: 4.4420082 | R44: 203.07101 | S44: 198.38009
A45: 1 | B45: 1 | C45: 11 | D45: 2052 | E45: 27.7 | F45: 4.6494 | G45: 36.49095 | H45: 20 | I45: 21 | J45: 117.88159 | K45: 0.00075549721 | L45: -4.161339e-06 | M45: 1.0236168 | N45: 117.90103 | O45: 0.99632193 | P45: 4.5448117 | Q45: 4.4399542 | R45: 202.97129 | S45: 198.28836
A46: 1 | B46: 1 | C46: 12 | D46: 2097 | E46: 27.7 | F46: 4.3504 | G46: 36.49395 | H46: 0 | I46: 4 | J46: 110.36298 | K46: 0.00075549721 | L46: -4.161339e-06 | M46: 1.0311731 | N46: 110.39222 | O46: 0.99632193 | P46: 4.5462108 | Q46: 4.4087754 | R46: 203.03377 | S46: 196.89591
A47: 1 | B47: 0 | C47: 13
A48: 1 | B48: 0 | C48: 14
A49: 1 | B49: 0 | C49: 15
A50: 1 | B50: 0 | C50: 16
A51: 1 | B51: 0 | C51: 17
A52: 1 | B52: 0 | C52: 18
A53: 1 | B53: 0 | C53: 19
A54: 1 | B54: 0 | C54: 20
A55: 1 | B55: 0 | C55: 21
A56: 1 | B56: 0 | C56: 22
A57: 1 | B57: 0 | C57: 23
A58: 1 | B58: 0 | C58: 24

Sheet 021_01
C2: Campagne : | F2: PIRATA-FR30
C4: Données de campagne
C6: N° de station : | F6: 21 | H6: N° de palanquée : | P6: 1 | R6: Date d'analyse : | T6: 42437
G8: Position | I8: Degrés | J8: Minutes | P8: Cardinal | Q8: Décimale
G9: Latitude | I9: 07° | J9: 59.98' | K9: S | L9: - | M9: N | N9: E | O9: -7°59,98 | P9: S | Q9: -7.9996667
G10: Longitude | I10: 010° | J10: 00.12' | K10: W | L10: - | M10: S | N10: W | O10: -10°0,12 | P10: W | Q10: -10.002
G11: Prélèvement | I11: Date | J11: 42436 | N11: 7°59,98 | O11: -1 | P11: 2020-03-08T20:47:31z
I12: Heure | J12: 0.86633102 | N12: 10°0,12 | O12: -1
A13: c | C13: Données :
C14: Température du laboratoire à la calibration ( t°c ) | Q14: t°c = | R14: 23.3 | S14: °C
C15: Température du laboratoire au début de la série d'analyses | Q15: t°lab = | R15: 23.6 | S15: °C
C16: Volume moyen de thiosulfate pour la titration à t°c | Q16: Vmoy.titr.t°c = | R16: 4.941975 | S16: mL
C17: Volume moyen de thiosulfate pour la détermination du blanc à t°c | Q17: Vmoy.titr.blanc.t°c = | R17: 0.0047 | S17: mL
C18: Masse volumique de l'eau pure à la calibration | O18: ρ = | P18: 0.99746967
C19: Normalite de l'iodate (NIO3) à la température de calibration | O19: N(IO3) = | P19: 0.019997665 | Q19: N
C20: Vol. de la prise d'essai d'iodate (VIO3) à 20°C | O20: V(IO3)20°C = | P20: 5.0112146 | Q20: mL
C21: Vol. de la prise d'essai d'iodate (VIO3) à t°c | O21: V(IO3)t°c= | P21: 5.0113799 | Q21: mL
C22: Volume moyen de thiosulfate pour la titration à 20° C | O22: Vmoy.titr.20°C = | P22: 4.9418119 | Q22: mL
C23: Volume moyen de thiosulfate pour la détermination du blanc à 20° C | O23: Vmoy.titr.blanc.20°C = | P23: 0.0046998449 | Q23: mL
C24: Normalite de l'iodate (NIO3) à 20°C | O24: N(IO3)20°C = | P24: 0.020012434 | Q24: N
C25: Titre du thiosulfate à 20°C | O25: V(Thio)20°C = | P25: 0.004043213 | Q25: N
C26: Volume de réactif utilisé | O26: Vreg = | P26: 2.0367937 | Q26: mL
O27: DOreg = | P27: 0.0017
E29: Choix de la série de flacons : | I29: IRD | O29: IRD
O30: LPO
C31: N° | D31: N° des Flacons | E31: T° prélèv. | F31: Volume de thio. | G31: Salinité | H31: Prof. Théorique | I31: Prof. Effective | J31: V. flacons 20°C | K31: A | L31: B | M31: Densité eau de mer à t° | N31: Vol. à t° prél. des flacons | O31: Densité eau pure à t° | P31: Oxygène dissous | T31: NO2 | V31: NO3 + NO2 | X31: NO3 | Z31: Phosphate | AB31: Silicate | AD31: chlorophyll-c3 | AE31: chlorophyll-c1+c2 | AF31: peridinin | AG31: 19'-butanoyloxyfucoxanthin | AH31: fucoxanthine | AI31: neoxanthin | AJ31: prasinoxanthin | AK31: violaxanthin | AL31: 19'-hexanoyloxyfucoxanthin | AM31: diadinoxanthin | AN31: alloxanthin | AO31: diatoxanthin | AP31: zeaxanthin | AQ31: lutein | AR31: divinyl chlorophyll-b | AS31: chlorophyll-b | AT31: total chlorophyll-b | AU31: alpha-carotene | AV31: beta-carotene | AW31: pheophorbide | AX31: divinyl chlorophyll-a | AY31: chlorophyll-a | AZ31: total chlorophyll-a | BA31: pheophytin_a | BB31: crocoxanthin
C33: BTL | E33: °C | F33: ml | H33: m | I33: dbar | J33: ml | P33: DOX1 | R33: DOXY | S33: DOX2 | T33: NTRI | U33: NTIW | V33: NTRZ | W33: NTZW | X33: NTRA | Y33: NTAW | Z33: PHOS | AA33: PHOW | AB33: SLCA | AC33: SLCW | AD33: CHC3 | AE33: CHCZ | AF33: PERP | AG33: BFUP | AH33: FUCP | AI33: NEXW | AJ33: PXAP | AK33: VIOW | AL33: HFUP | AM33: DXAP | AN33: AXAP | AO33: TXAP | AP33: ZXAP | AQ33: LUTW | AR33: CHBD | AS33: CH2P | AT33: CHLB | AU33: AACP | AV33: BBCP | AW33: PHEP | AX33: CHAD | AY33: CH1P | AZ33: CPHL | BA33: PHEA | BB33: CXAP
N34: mL | P34: ml/l | Q34: ml/kg | R34: µmol/l | S34: µmol/kg | T34: µmol/l | U34: µmol/kg | V34: µmol/l | W34: µmol/kg | X34: µmol/l | Y34: µmol/kg | Z34: µmol/l | AA34: µmol/kg | AB34: µmol/l | AC34: µmol/kg | AD34: µg.l-1 | AE34: µg.l-1 | AF34: µg.l-1 | AG34: µg.l-1 | AH34: µg.l-1 | AI34: µg.l-1 | AJ34: µg.l-1 | AK34: µg.l-1 | AL34: µg.l-1 | AM34: µg.l-1 | AN34: µg.l-1 | AO34: µg.l-1 | AP34: µg.l-1 | AQ34: µg.l-1 | AR34: µg.l-1 | AS34: µg.l-1 | AT34: µg.l-1 | AU34: µg.l-1 | AV34: µg.l-1 | AW34: µg.l-1 | AX34: µg.l-1 | AY34: µg.l-1 | AZ34: µg.l-1 | BA34: µg.l-1 | BB34: µg.l-1
A35: 1 | B35: 1 | C35: 1 | D35: 3248 | E35: 6.1 | F35: 5.6635 | G35: 34.91787 | H35: 2000 | I35: 2020 | J35: 118.49 | K35: 0.00080220914 | L35: -5.1623807e-06 | M35: 1.0274752 | N35: 118.50768 | O35: 0.99993983 | P35: 5.5104798 | Q35: 5.363127 | R35: 246.09803 | S35: 239.51725
A36: 1 | B36: 1 | C36: 2 | D36: 3249 | E36: 6.8 | F36: 5.1815 | G36: 34.9184 | H36: 1500 | I36: 1514 | J36: 119.99 | K36: 0.00079996839 | L36: -5.1057327e-06 | M36: 1.0273824 | N36: 120.0079 | O36: 0.99991321 | P36: 4.9761519 | Q36: 4.8435246 | R36: 222.23494 | S36: 216.31181
A37: 1 | B37: 1 | C37: 3 | D37: 3250 | E37: 7 | F37: 3.649 | G37: 34.58015 | H37: 1000 | I37: 1009 | J37: 117.21 | K37: 0.00079933924 | L37: -5.0898454e-06 | M37: 1.0270883 | N37: 117.22709 | O37: 0.99990428 | P37: 3.5845772 | Q37: 3.4900381 | R37: 160.08722 | S37: 155.8651
A38: 1 | B38: 1 | C38: 4 | D38: 3252 | E38: 7.7 | F38: 3.1755 | G38: 34.50035 | H38: 700 | I38: 857 | J38: 113.95 | K38: 0.00079717523 | L38: -5.0352822e-06 | M38: 1.026926 | N38: 113.96652 | O38: 0.99986844 | P38: 3.2083169 | Q38: 3.1241949 | R38: 143.28343 | S38: 139.52655
A39: 1 | B39: 1 | C39: 5 | D39: 3253 | E39: 11 | F39: 1.5329 | G39: 34.7723 | H39: 400 | I39: 403 | J39: 111.66 | K39: 0.00078773434 | L39: -4.7998966e-06 | M39: 1.0265987 | N39: 111.67649 | O39: 0.99960738 | P39: 1.572989 | Q39: 1.5322336 | R39: 70.249691 | S39: 68.429554
A40: 1 | B40: 1 | C40: 6 | D40: 3254 | E40: 18.7 | F40: 2.7812 | G40: 35.82045 | H40: 100 | I40: 101 | J40: 115.36 | K40: 0.00077000759 | L40: -4.3908081e-06 | M40: 1.0257261 | N40: 115.37825 | O40: 0.99846553 | P40: 2.7730617 | Q40: 2.7035108 | R40: 123.84493 | S40: 120.73879 | AD40: 0.0356 | AE40: 0.0241 | AF40: 0.004 | AG40: 0.0634 | AH40: 0.0106 | AI40: 0.0089 | AJ40: 0.0037 | AK40: 0.0036 | AL40: 0.0555 | AM40: 0.0052 | AN40: 0.0013 | AO40: -9999.9999 | AP40: 0.0257 | AQ40: -9999.9999 | AR40: 0.0989 | AS40: 0.0581 | AT40: =AR40+AS40 -> 0.157 | AU40: 0.0225 | AV40: -9999.9999 | AW40: -9999.9999 | AX40: 0.0675 | AY40: 0.1473 | AZ40: =AX40+AY40 -> 0.2148 | BA40: 0.004 | BB40: ND
A41: 1 | B41: 1 | C41: 7 | D41: 3255 | E41: 21.9 | F41: 4.4927 | G41: 36.31327 | H41: 80 | I41: 80 | J41: 115.95 | K41: 0.000764162 | L41: -4.2785097e-06 | M41: 1.0252457 | N41: 115.96892 | O41: 0.99779567 | P41: 4.4656041 | Q41: 4.3556427 | R41: 199.43388 | S41: 194.523 | AD41: 0.0467 | AE41: 0.0431 | AF41: 0.0115 | AG41: 0.0799 | AH41: 0.0182 | AI41: 0.0153 | AJ41: -9999.9999 | AK41: 0.0056 | AL41: 0.1273 | AM41: 0.0095 | AN41: 0.0016 | AO41: -9999.9999 | AP41: 0.0538 | AQ41: -9999.9999 | AR41: 0.0267 | AS41: 0.1083 | AT41: =AR41+AS41 -> 0.135 | AU41: 0.0185 | AV41: -9999.9999 | AW41: -9999.9999 | AX41: 0.0798 | AY41: 0.2401 | AZ41: =AX41+AY41 -> 0.3199 | BA41: 0.0038 | BB41: ND
A42: 1 | B42: 0 | C42: 8 | D42: 3256 | E42: 24.8 | G42: 36.5519 | H42: 60 | I42: 60 | J42: 120.07 | K42: 0.00075953517 | L42: -4.2060092e-06 | M42: 1.0245775 | N42: 120.08987 | O42: 0.99709902 | AD42: 0.0078 | AE42: 0.0107 | AF42: 0.0041 | AG42: 0.0099 | AH42: 0.0054 | AI42: -9999.9999 | AJ42: -9999.9999 | AK42: -9999.9999 | AL42: 0.0334 | AM42: 0.0052 | AN42: -9999.9999 | AO42: -9999.9999 | AP42: 0.0975 | AQ42: -9999.9999 | AR42: 0.01 | AS42: 0.0091 | AT42: =AR42+AS42 -> 0.0191 | AU42: 0.0128 | AV42: -9999.9999 | AW42: -9999.9999 | AX42: 0.0769 | AY42: 0.0587 | AZ42: =AX42+AY42 -> 0.1356 | BA42: 0.0019 | BB42: ND
A43: 1 | B43: 1 | C43: 9 | D43: 3260 | E43: 27.3 | F43: 6.6497 | G43: 36.4467 | H43: 60 | I43: 40 | J43: 118.33 | K43: 0.00075602065 | L43: -4.1658458e-06 | M43: 1.0237134 | N43: 118.34946 | O43: 0.99643374 | P43: 6.4814055 | Q43: 6.3312698 | R43: 289.45957 | S43: 282.75451
A44: 1 | B44: 1 | C44: 10 | D44: 3261 | E44: 27.5 | F44: 6.3385 | G44: 36.45415 | H44: 40 | I44: 40 | J44: 116.76 | K44: 0.00075575762 | L44: -4.1635263e-06 | M44: 1.0236542 | N44: 116.77921 | O44: 0.99637802 | P44: 6.2619282 | Q44: 6.1172302 | R44: 279.65771 | S44: 273.1955 | AD44: 0.0042 | AE44: 0.0054 | AF44: 0.0027 | AG44: 0.0044 | AH44: 0.0041 | AI44: -9999.9999 | AJ44: -9999.9999 | AK44: -9999.9999 | AL44: 0.0199 | AM44: 0.0047 | AN44: -9999.9999 | AO44: -9999.9999 | AP44: 0.0883 | AQ44: -9999.9999 | AR44: 0.0045 | AS44: 0.005 | AT44: =AR44+AS44 -> 0.0095 | AU44: 0.0089 | AV44: -9999.9999 | AW44: -9999.9999 | AX44: 0.0454 | AY44: 0.0339 | AZ44: =AX44+AY44 -> 0.0793 | BA44: -9999.9999 | BB44: ND
A45: 1 | B45: 1 | C45: 11 | D45: 3263 | E45: 27.7 | F45: 6.3385 | G45: 36.43635 | H45: 20 | I45: 20 | J45: 116.09 | K45: 0.00075549721 | L45: -4.161339e-06 | M45: 1.0235757 | N45: 116.10908 | O45: 0.99632193 | P45: 6.2987147 | Q45: 6.1536385 | R45: 281.3006 | S45: 274.8215 | AD45: 0.0027 | AE45: 0.0032 | AF45: 0.0022 | AG45: 0.0029 | AH45: 0.0037 | AI45: -9999.9999 | AJ45: -9999.9999 | AK45: -9999.9999 | AL45: 0.0118 | AM45: 0.0043 | AN45: -9999.9999 | AO45: -9999.9999 | AP45: 0.0775 | AQ45: -9999.9999 | AR45: -9999.9999 | AS45: 0.0029 | AT45: =AS45 -> 0.0029 | AU45: 0.0066 | AV45: -9999.9999 | AW45: -9999.9999 | AX45: 0.033 | AY45: 0.026 | AZ45: =AX45+AY45 -> 0.059 | BA45: -9999.9999 | BB45: ND
A46: 1 | B46: 1 | C46: 12 | D46: 2098 | E46: 27.7 | F46: 4.4141 | G46: 36.4156 | H46: 0 | I46: 5 | J46: 106.87233 | K46: 0.00075549721 | L46: -4.161339e-06 | M46: 1.02356 | N46: 106.88987 | O46: 0.99632193 | P46: 4.7670958 | Q46: 4.657368 | R46: 212.8985 | S46: 207.99805 | AD46: 0.0034 | AE46: 0.0036 | AF46: 0.0025 | AG46: 0.0034 | AH46: 0.0041 | AI46: -9999.9999 | AJ46: -9999.9999 | AK46: -9999.9999 | AL46: 0.013 | AM46: 0.005 | AN46: -9999.9999 | AO46: -9999.9999 | AP46: 0.0832 | AQ46: -9999.9999 | AR46: 0.0024 | AS46: 0.0032 | AT46: =AR46+AS46 -> 0.0056 | AU46: 0.0073 | AV46: -9999.9999 | AW46: -9999.9999 | AX46: 0.0352 | AY46: 0.0286 | AZ46: =AX46+AY46 -> 0.0638 | BA46: -9999.9999 | BB46: ND
A47: 1 | B47: 0 | C47: 13
A48: 1 | B48: 0 | C48: 14
A49: 1 | B49: 0 | C49: 15
A50: 1 | B50: 0 | C50: 16
A51: 1 | B51: 0 | C51: 17
A52: 1 | B52: 0 | C52: 18
A53: 1 | B53: 0 | C53: 19
A54: 1 | B54: 0 | C54: 20
A55: 1 | B55: 0 | C55: 21
A56: 1 | B56: 0 | C56: 22
A57: 1 | B57: 0 | C57: 23
A58: 1 | B58: 0 | C58: 24

Sheet 022_01
C2: Campagne : | F2: PIRATA-FR30
C4: Données de campagne
C6: N° de station : | F6: 22 | H6: N° de palanquée : | P6: 1 | R6: Date d'analyse : | T6: 42437
G8: Position | I8: Degrés | J8: Minutes | P8: Cardinal | Q8: Décimale
G9: Latitude | I9: 07° | J9: 29.97' | K9: S | L9: - | M9: N | N9: E | O9: -7°29,97 | P9: S | Q9: -7.4995
G10: Longitude | I10: 010° | J10: 00.03' | K10: W | L10: - | M10: S | N10: W | O10: -10°0,3 | P10: W | Q10: -10.0005
G11: Prélèvement | I11: Date | J11: 42437 | N11: 7°29,97 | O11: -1 | P11: 2020-03-09T01:26:12z
I12: Heure | J12: 0.059861111 | N12: 10°0,3 | O12: -1
A13: c | C13: Données :
C14: Température du laboratoire à la calibration ( t°c ) | Q14: t°c = | R14: 23.3 | S14: °C | V14: ActiveX VT_ERROR:
C15: Température du laboratoire au début de la série d'analyses | Q15: t°lab = | R15: 23.6 | S15: °C
C16: Volume moyen de thiosulfate pour la titration à t°c | Q16: Vmoy.titr.t°c = | R16: 4.941975 | S16: mL
C17: Volume moyen de thiosulfate pour la détermination du blanc à t°c | Q17: Vmoy.titr.blanc.t°c = | R17: 0.0047 | S17: mL
C18: Masse volumique de l'eau pure à la calibration | O18: ρ = | P18: 0.99746967
C19: Normalite de l'iodate (NIO3) à la température de calibration | O19: N(IO3) = | P19: 0.019997665 | Q19: N
C20: Vol. de la prise d'essai d'iodate (VIO3) à 20°C | O20: V(IO3)20°C = | P20: 5.0112146 | Q20: mL
C21: Vol. de la prise d'essai d'iodate (VIO3) à t°c | O21: V(IO3)t°c= | P21: 5.0113799 | Q21: mL
C22: Volume moyen de thiosulfate pour la titration à 20° C | O22: Vmoy.titr.20°C = | P22: 4.9418119 | Q22: mL
C23: Volume moyen de thiosulfate pour la détermination du blanc à 20° C | O23: Vmoy.titr.blanc.20°C = | P23: 0.0046998449 | Q23: mL
C24: Normalite de l'iodate (NIO3) à 20°C | O24: N(IO3)20°C = | P24: 0.020012434 | Q24: N
C25: Titre du thiosulfate à 20°C | O25: V(Thio)20°C = | P25: 0.004043213 | Q25: N
C26: Volume de réactif utilisé | O26: Vreg = | P26: 2.0367937 | Q26: mL
O27: DOreg = | P27: 0.0017
E29: Choix de la série de flacons : | I29: IRD | O29: IRD
O30: LPO
C31: N° | D31: N° des Flacons | E31: T° prélèv. | F31: Volume de thio. | G31: Salinité | H31: Prof. Théorique | I31: Prof. Effective | J31: V. flacons 20°C | K31: A | L31: B | M31: Densité eau de mer à t° | N31: Vol. à t° prél. des flacons | O31: Densité eau pure à t° | P31: Oxygène dissous | T31: NO2 | V31: NO3 + NO2 | X31: NO3 | Z31: Phosphate | AB31: Silicate | AD31: chlorophyll-c3 | AE31: chlorophyll-c1+c2 | AF31: peridinin | AG31: 19'-butanoyloxyfucoxanthin | AH31: fucoxanthine | AI31: neoxanthin | AJ31: prasinoxanthin | AK31: violaxanthin | AL31: 19'-hexanoyloxyfucoxanthin | AM31: diadinoxanthin | AN31: alloxanthin | AO31: diatoxanthin | AP31: zeaxanthin | AQ31: lutein | AR31: divinyl chlorophyll-b | AS31: chlorophyll-b | AT31: total chlorophyll-b | AU31: alpha-carotene | AV31: beta-carotene | AW31: pheophorbide | AX31: divinyl chlorophyll-a | AY31: chlorophyll-a | AZ31: total chlorophyll-a | BA31: pheophytin_a | BB31: crocoxanthin
C33: BTL | E33: °C | F33: ml | H33: m | I33: dbar | J33: ml | P33: DOX1 | R33: DOXY | S33: DOX2 | T33: NTRI | U33: NTIW | V33: NTRZ | W33: NTZW | X33: NTRA | Y33: NTAW | Z33: PHOS | AA33: PHOW | AB33: SLCA | AC33: SLCW | AD33: CHC3 | AE33: CHCZ | AF33: PERP | AG33: BFUP | AH33: FUCP | AI33: NEXW | AJ33: PXAP | AK33: VIOW | AL33: HFUP | AM33: DXAP | AN33: AXAP | AO33: TXAP | AP33: ZXAP | AQ33: LUTW | AR33: CHBD | AS33: CH2P | AT33: CHLB | AU33: AACP | AV33: BBCP | AW33: PHEP | AX33: CHAD | AY33: CH1P | AZ33: CPHL | BA33: PHEA | BB33: CXAP
N34: mL | P34: ml/l | Q34: ml/kg | R34: µmol/l | S34: µmol/kg | T34: µmol/l | U34: µmol/kg | V34: µmol/l | W34: µmol/kg | X34: µmol/l | Y34: µmol/kg | Z34: µmol/l | AA34: µmol/kg | AB34: µmol/l | AC34: µmol/kg | AD34: µg.l-1 | AE34: µg.l-1 | AF34: µg.l-1 | AG34: µg.l-1 | AH34: µg.l-1 | AI34: µg.l-1 | AJ34: µg.l-1 | AK34: µg.l-1 | AL34: µg.l-1 | AM34: µg.l-1 | AN34: µg.l-1 | AO34: µg.l-1 | AP34: µg.l-1 | AQ34: µg.l-1 | AR34: µg.l-1 | AS34: µg.l-1 | AT34: µg.l-1 | AU34: µg.l-1 | AV34: µg.l-1 | AW34: µg.l-1 | AX34: µg.l-1 | AY34: µg.l-1 | AZ34: µg.l-1 | BA34: µg.l-1 | BB34: µg.l-1
A35: 1 | B35: 1 | C35: 1 | D35: 3196 | E35: 5.6 | F35: 5.6741 | G35: 34.4357 | H35: 2000 | I35: 2021 | J35: 117.25 | K35: 0.00080384713 | L35: -5.2038363e-06 | M35: 1.0271567 | N35: 117.26693 | O35: 0.99995435 | P35: 5.5802669 | Q35: 5.4327316 | R35: 249.21472 | S35: 242.62579
A36: 1 | B36: 1 | C36: 2 | D36: 3198 | E36: 6.5 | F36: 5.0926 | G36: 34.91115 | H36: 1500 | I36: 1514 | J36: 117.21 | K36: 0.0008009213 | L36: -5.1298118e-06 | M36: 1.0274173 | N36: 117.22748 | O36: 0.99992551 | P36: 5.0085708 | Q36: 4.8749139 | R36: 223.68277 | S36: 217.71365
A37: 1 | B37: 1 | C37: 3 | D37: 3199 | E37: 7.4 | F37: 4.0711 | G37: 34.5768 | H37: 1000 | I37: 1008 | J37: 119.84 | K37: 0.00079809546 | L37: -5.0584679e-06 | M37: 1.0270294 | N37: 119.85747 | O37: 0.99988467 | P37: 3.911627 | Q37: 3.8086807 | R37: 174.69326 | S37: 170.09568
A38: 1 | B38: 1 | C38: 4 | D38: 3200 | E38: 8.3 | F38: 2.9236 | G38: 34.50905 | H38: 700 | I38: 706 | J38: 118.34 | K38: 0.00079536668 | L38: -4.9898044e-06 | M38: 1.0268433 | N38: 118.35717 | O38: 0.99983213 | P38: 2.8411476 | Q38: 2.7668755 | R38: 126.88565 | S38: 123.56866
A39: 1 | B39: 1 | C39: 5 | D39: 3201 | E39: 10.7 | F39: 1.6657 | G39: 34.7384 | H39: 450 | I39: 454 | J39: 120.41 | K39: 0.00078854282 | L39: -4.8198062e-06 | M39: 1.0266261 | N39: 120.42775 | O39: 0.99963717 | P39: 1.5841729 | Q39: 1.5430865 | R39: 70.749161 | S39: 68.914244
A40: 1 | B40: 1 | C40: 6 | D40: 3204 | E40: 17.2 | F40: 2.3882 | G40: 35.65235 | H40: 100 | I40: 102 | J40: 118.41 | K40: 0.00077303537 | L40: -4.4551129e-06 | M40: 1.0259682 | N40: 118.42853 | O40: 0.99874191 | P40: 2.3167225 | Q40: 2.2580843 | R40: 103.46483 | S40: 100.84604
A41: 1 | B41: 1 | C41: 7 | D41: 3206 | E41: 19.5 | F41: 3.3387 | G41: 36.0531 | H41: 80 | I41: 82 | J41: 117.45 | K41: 0.00076846965 | L41: -4.3595566e-06 | M41: 1.0256981 | N41: 117.46885 | O41: 0.99830814 | P41: 3.2716214 | Q41: 3.1896533 | R41: 146.11061 | S41: 142.44992
A42: 1 | B42: 1 | C42: 8 | D42: 3207 | E42: 23.7 | F42: 5.1908 | G42: 36.5214 | H42: 60 | I42: 63 | J42: 116.98 | K42: 0.00076121851 | L42: -4.2302333e-06 | M42: 1.0248845 | N42: 116.99933 | O42: 0.99737297 | P42: 5.11557 | Q42: 4.9913624 | R42: 228.46135 | S42: 222.91425
A43: 1 | B43: 1 | C43: 9 | D43: 3212 | E43: 27.2 | F43: 4.7979 | G43: 36.47575 | H43: 40 | I43: 43 | J43: 119.26 | K43: 0.00075615316 | L43: -4.1670553e-06 | M43: 1.0237675 | N43: 119.27965 | O43: 0.99646147 | P43: 4.6352911 | Q43: 4.5276793 | R43: 207.0121 | S43: 202.20616
A44: 1 | B44: 1 | C44: 10 | D44: 3213 | E44: 27.6 | F44: 4.5878 | G44: 36.4676 | H44: 20 | I44: 23 | J44: 117.2 | K44: 0.00075562708 | L44: -4.1624161e-06 | M44: 1.0236318 | N44: 117.2193 | O44: 0.99635002 | P44: 4.5109428 | Q44: 4.4068022 | R44: 201.45871 | S44: 196.80778
A45: 1 | B45: 1 | C45: 11 | D45: 3214 | E45: 27.6 | F45: 4.5429 | G45: 36.4679 | H45: 20 | I45: 23 | J45: 115.99 | K45: 0.00075562708 | L45: -4.1624161e-06 | M45: 1.023632 | N45: 116.0091 | O45: 0.99635002 | P45: 4.5140776 | Q45: 4.4098636 | R45: 201.5987 | S45: 196.94451
A46: 1 | B46: 1 | C46: 12 | D46: 3215 | E46: 27.6 | F46: 4.4944 | G46: 36.46615 | H46: 0 | I46: 2 | J46: 114.83 | K46: 0.00075562708 | L46: -4.1624161e-06 | M46: 1.0236307 | N46: 114.84891 | O46: 0.99635002 | P46: 4.5116513 | Q46: 4.407499 | R46: 201.49035 | S46: 196.8389
A47: 1 | B47: 0 | C47: 13 | N47: 0
A48: 1 | B48: 0 | C48: 14
A49: 1 | B49: 0 | C49: 15
A50: 1 | B50: 0 | C50: 16
A51: 1 | B51: 0 | C51: 17
A52: 1 | B52: 0 | C52: 18
A53: 1 | B53: 0 | C53: 19
