Workbook

Sheet Station 001
C2: Campagne : | F2: PIRATA Fr27
C4: Données de campagne
C6: N° de station : | F6: 1 | H6: N° de palanquée : | P6: 1 | R6: Date d'analyse : | T6: 41332
G8: Position | I8: Degrés | J8: Minutes | P8: Cardinal | Q8: Décimale
G9: Latitude | I9: 11 | J9: 28.31 | K9: : | L9: =IF(P9=M9,"+","-") -> + | M9: N | N9: E | O9: =IF(ISBLANK(I9),"",IF(ISBLANK(J9),"",IF(P9=M10,L9&N11,N11))) -> 11°28.31 | P9: N | Q9: =IF(ISBLANK(I9),"",IF(ISBLANK(J9),"",IF(J9>60,"ERREUR !!",O11*(I9+(J9/60))))) -> 11.471833
G10: Longitude | I10: 23 | J10: 0.025 | K10: : | L10: =IF(P10=N9,"+","-") -> - | M10: S | N10: W | O10: =IF(ISBLANK(I10),"",IF(ISBLANK(J10),"",IF(P10=N10,L10&N12,N12))) -> -23°0.025 | P10: W | Q10: =IF(ISBLANK(I10),"",IF(ISBLANK(J10),"",IF(J10>60,"ERREUR !!",O12*(I10+(J10/60))))) -> -23.000417
G11: Prélèvement | I11: Date | J11: 41331 | N11: =I9&"°"&J9 -> 11°28.31 | O11: =IF(P9=M10,-1,1) -> 1 | P11: =TEXT(J11,"aaaa-mm-jj")&"T"&TEXT(J12,"hh:mm:ss")&"z" -> 2017-02-27T19:57:00z
I12: Heure | J12: 0.83125 | N12: =I10&"°"&J10 -> 23°0.025 | O12: =IF(P10=N10,-1,1) -> -1
C13: Données :
C14: Température du laboratoire à la calibration ( t°c ) | Q14: t°c = | R14: 21.6 | S14: °C
C15: Température du laboratoire au début de la série d'analyses | Q15: t°lab = | R15: 21.7 | S15: °C
C16: Volume moyen de thiosulfate pour la titration à t°c | Q16: Vmoy.titr.t°c = | R16: 4.998 | S16: mL
C17: Volume moyen de thiosulfate pour la détermination du blanc à t°c | Q17: Vmoy.titr.blanc.t°c = | R17: 0.005 | S17: mL
C18: Masse volumique de l'eau pure à la calibration | O18: ρ = | P18: =(0.999842594+(0.00006793952*$R$14)-(0.00000909529*$R$14^2)+(0.0000001001685*$R$14^3)-(0.000000001120083*$R$14^4)+(0.000000000006536332*$R$14^5)) -> 0.99786297
C19: Normalite de l'iodate (NIO3) à la température de calibration | O19: N(IO3) = | P19: =$P$24*($P$18/'Titre d''iodate'!E19) -> 0.020044858 | Q19: N
C20: Vol. de la prise d'essai d'iodate (VIO3) à 20°C | O20: V(IO3)20°C = | P20: =5+'Correction de volume'!G8 -> 5.00309 | Q20: mL
C21: Vol. de la prise d'essai d'iodate (VIO3) à t°c | O21: V(IO3)t°c= | P21: =P20*(1+0.00001*(R14-20)) -> 5.00317 | Q21: mL
C22: Volume moyen de thiosulfate pour la titration à 20° C | O22: Vmoy.titr.20°C = | P22: =$R$16*(1+0.00001*(20-$R$14)) -> 4.99792 | Q22: mL
C23: Volume moyen de thiosulfate pour la détermination du blanc à 20° C | O23: Vmoy.titr.blanc.20°C = | P23: =$R$17*(1+0.00001*(20-$R$14)) -> 0.00499992 | Q23: mL
C24: Normalite de l'iodate (NIO3) à 20°C | O24: N(IO3)20°C = | P24: =MAX('Titre d''iodate'!F7:F10) -> 0.020051755 | Q24: N
C25: Titre du thiosulfate à 20°C | O25: V(Thio)20°C = | P25: =IF(ISBLANK(R14),"",IF(ISBLANK(P21),"",IF(ISBLANK(R17),"",(($P$24*$P$18)/($P$22-$P$23))))) -> 0.0040074552 | Q25: N
C26: Volume de réactif utilisé | O26: Vreg = | P26: =2+('Correction de volume'!G10+'Correction de volume'!G9) -> 2.016394 | Q26: mL
O27: DOreg = | P27: 0.0017
E29: Choix de la série de flacons : | I29: IRD | O29: IRD
O30: LPO
C31: N° | D31: N° des Flacons | E31: T° prélèv. | F31: Volume de thio. | G31: Salinité | H31: Prof. Théorique | I31: Prof. Effective | J31: V. flacons 20°C | K31: A | L31: B | M31: Densité eau de mer à t° | N31: Vol. à t° prél. des flacons | O31: Densité eau pure à t° | P31: Oxygène dissous | T31: NO2 | V31: NO3 + NO2 | X31: NO3 | Z31: Phosphate | AB31: Silicate | AD31: chlorophyll-c3 | AE31: chlorophyll-c1+c2 | AF31: peridinin | AG31: 19'-butanoyloxyfucoxanthin | AH31: fucoxanthine | AI31: neoxanthin | AJ31: prasinoxanthin | AK31: violaxanthin | AL31: 19'-hexanoyloxyfucoxanthin | AM31: diadinoxanthin | AN31: alloxanthin | AO31: diatoxanthin | AP31: zeaxanthin | AQ31: lutein | AR31: divinyl chlorophyll-b | AS31: chlorophyll-b | AT31: total chlorophyll-b | AU31: alpha-carotene | AV31: beta-carotene | AW31: pheophorbide | AX31: divinyl chlorophyll-a | AY31: chlorophyll-a | AZ31: total chlorophyll-a | BA31: pheophytin_a | BB31: crocoxanthin
C33: BTL | E33: °C | F33: ml | H33: m | I33: m | J33: ml | P33: DOX1 | R33: DOXY | S33: DOX2 | T33: NTRI | U33: NTIW | V33: NTRZ | W33: NTZW | X33: NTRA | Y33: NTAW | Z33: PHOS | AA33: PHOW | AB33: SLCA | AC33: SLCW | AD33: CHC3 | AE33: CHCZ | AF33: PERP | AG33: BFUP | AH33: FUCP | AI33: NXAP | AJ33: PXAP | AK33: VXAP | AL33: HFUP | AM33: DXAP | AN33: AXAP | AO33: TXAP | AP33: ZXAP | AQ33: LUTP | AR33: CHBD | AS33: CH2P | AT33: CHLB | AU33: AACP | AV33: BBCP | AW33: PHEP | AX33: CHAD | AY33: CH1P | AZ33: CPHL | BA33: PHEA | BB33: CXAP
N34: mL | P34: ml/l | Q34: ml/kg | R34: µmol/l | S34: µmol/kg | T34: µmol/l | U34: µmol/kg | V34: µmol/l | W34: µmol/kg | X34: µmol/l | Y34: µmol/kg | Z34: µmol/l | AA34: µmol/kg | AB34: µmol/l | AC34: µmol/kg | AD34: µg.l-1 | AE34: µg.l-1 | AF34: µg.l-1 | AG34: µg.l-1 | AH34: µg.l-1 | AI34: µg.l-1 | AJ34: µg.l-1 | AK34: µg.l-1 | AL34: µg.l-1 | AM34: µg.l-1 | AN34: µg.l-1 | AO34: µg.l-1 | AP34: µg.l-1 | AQ34: µg.l-1 | AR34: µg.l-1 | AS34: µg.l-1 | AT34: µg.l-1 | AU34: µg.l-1 | AV34: µg.l-1 | AW34: µg.l-1 | AX34: µg.l-1 | AY34: µg.l-1 | AZ34: µg.l-1 | BA34: µg.l-1 | BB34: µg.l-1
A35: =IF(ISBLANK(VLOOKUP(D35,'Volumes flacons'!A5:C623,3)),0,1) -> 1 | B35: =IF(ISBLANK(D35),0,IF(ISBLANK(E35),0,IF(ISBLANK(F35),0,1))) -> 1 | C35: 1 | D35: 2029 | E35: 6.4 | F35: 5.189 | G35: 34.959 | H35: 2000 | I35: 2016 | J35: =IF(ISBLANK(D35),"",IF(VLOOKUP(D35,'Volumes flacons'!$A$5:$C$978,2)=0,"",IF(D35>'Volumes flacons'!$A$978,"Mauvais numéro",IF(D35<'Volumes flacons'!$A$5,"Mauvais numéro",(VLOOKUP(D35,'Volumes flacons'!$A$5:$C$978,3)))))) -> 108.87 | K35: =IF(ISBLANK(E35),"",(0.000824493-(0.0000040899*E35)+(0.000000076438*E35^2)-(0.00000000082467*E35^3)+(0.0000000000053875*E35^4))) -> 0.0008012414 | L35: =IF(ISBLANK(E35),"",(-0.00000572466+(0.00000010227*E35)-(0.0000000016546*E35^2))) -> -5.1379044e-06 | M35: =IF(ISBLANK(E35),"",IF(ISBLANK(G35),(O35+(K35*35)+(L35*35^1.5)+(0.00000048314*35^2)),(O35+(K35*G35)+(L35*G35^1.5)+(0.00000048314*G35^2)))) -> 1.0274684 | N35: =IF(ISBLANK(D35),"",IF(ISBLANK(G35),J35*(1+0.00001*(35-20)),J35*(1+0.00001*(G35-20)))) -> 108.88629 | O35: =IF(ISBLANK(E35),"",(0.999842594+(0.00006793952*E35)-(0.00000909529*E35^2)+(0.0000001001685*E35^3)-(0.000000001120083*E35^4)+(0.000000000006536332*E35^5))) -> 0.99992931 | P35: =IF(ISBLANK($R$16),"",IF(A35=0,"",IF(ISBLANK($R$17),"",IF(B35=0,"",IF($O$28=$I$29,"",IF(AND($I$29=$O$29,D35<1000),"N° Flac.",IF(AND($I$29=$O$30,D35>1000),"N° Flac.",IF(AND(D35>1202,D35<2001),"Err. N°",IF(AND(D35>499,D35<1141),"Err.N°",(((((F35)+'Correction de volume'!$G$7)*(($P$21)*($P$19)*5598)/(($R$16)-($R$17)))-(($P$27)*1000))/((N35)-($P$26)))))))))))) -> 5.4433722 | Q35: =IF(ISBLANK($R$16),"",IF(A35=0,"",IF(ISBLANK($R$17),"",IF(AND(D35>1202,D35<2001),"Err. N°",IF(AND(D35>499,D35<1141),"Err.N°",IF(B35=0,"",IF($O$28=$I$29,"",IF(AND($I$29=$O$29,D35<1000),"N° Flac.",IF(AND($I$29=$O$30,D35>1000),"N° Flac.",P35/M35))))))))) -> 5.2978489 | R35: =IF(ISBLANK($R$16),"",IF(A35=0,"",IF(ISBLANK($R$17),"",IF(B35=0,"",IF(ISBLANK(J35),"",IF(AND(D35>1202,D35<2001),"Err. N°",IF(AND(D35>499,D35<1141),"Err.N°",IF($I$29=$O$28,"",IF(AND($I$29=$O$29,D35<1000),"N° Flac.",IF(AND($I$29=$O$30,D35>1000),"N° Flac.",((44.66*P35)))))))))))) -> 243.101 | S35: =IF(ISBLANK($R$16),"",IF(A35=0,"",IF(ISBLANK($R$17),"",IF(B35=0,"",IF(ISBLANK(J35),"",IF(AND(D35>1202,D35<2001),"Err. N°",IF(AND(D35>499,D35<1141),"Err.N°",IF($I$29=$O$28,"",IF(AND($I$29=$O$29,D35<1000),"N° Flac.",IF(AND($I$29=$O$30,D35>1000),"N° Flac.",((44.66*P35)/M35))))))))))) -> 236.60193 | T35: 0 | U35: 0 | V35: 21.3 | W35: 20.8 | X35: 21.3 | Y35: 20.8 | Z35: 1.53 | AA35: 1.49 | AB35: 23.6 | AC35: 23
A36: =IF(ISBLANK(VLOOKUP(D36,'Volumes flacons'!A5:C623,3)),0,1) -> 1 | B36: =IF(ISBLANK(D36),0,IF(ISBLANK(E36),0,IF(ISBLANK(F36),0,1))) -> 1 | C36: 2 | D36: 2030 | E36: 6.8 | F36: 5.254 | G36: 34.96 | H36: 2000 | I36: 2017 | J36: =IF(ISBLANK(D36),"",IF(VLOOKUP(D36,'Volumes flacons'!$A$5:$C$978,2)=0,"",IF(D36>'Volumes flacons'!$A$978,"Mauvais numéro",IF(D36<'Volumes flacons'!$A$5,"Mauvais numéro",(VLOOKUP(D36,'Volumes flacons'!$A$5:$C$978,3)))))) -> 110.13 | K36: =IF(ISBLANK(E36),"",(0.000824493-(0.0000040899*E36)+(0.000000076438*E36^2)-(0.00000000082467*E36^3)+(0.0000000000053875*E36^4))) -> 0.00079996839 | L36: =IF(ISBLANK(E36),"",(-0.00000572466+(0.00000010227*E36)-(0.0000000016546*E36^2))) -> -5.1057327e-06 | M36: =IF(ISBLANK(E36),"",IF(ISBLANK(G36),(O36+(K36*35)+(L36*35^1.5)+(0.00000048314*35^2)),(O36+(K36*G36)+(L36*G36^1.5)+(0.00000048314*G36^2)))) -> 1.0274152 | N36: =IF(ISBLANK(D36),"",IF(ISBLANK(G36),J36*(1+0.00001*(35-20)),J36*(1+0.00001*(G36-20)))) -> 110.14648 | O36: =IF(ISBLANK(E36),"",(0.999842594+(0.00006793952*E36)-(0.00000909529*E36^2)+(0.0000001001685*E36^3)-(0.000000001120083*E36^4)+(0.000000000006536332*E36^5))) -> 0.99991321 | P36: =IF(ISBLANK($R$16),"",IF(A36=0,"",IF(ISBLANK($R$17),"",IF(B36=0,"",IF($O$28=$I$29,"",IF(AND($I$29=$O$29,D36<1000),"N° Flac.",IF(AND($I$29=$O$30,D36>1000),"N° Flac.",IF(AND(D36>1202,D36<2001),"Err. N°",IF(AND(D36>499,D36<1141),"Err.N°",(((((F36)+'Correction de volume'!$G$7)*(($P$21)*($P$19)*5598)/(($R$16)-($R$17)))-(($P$27)*1000))/((N36)-($P$26)))))))))))) -> 5.4475236 | Q36: =IF(ISBLANK($R$16),"",IF(A36=0,"",IF(ISBLANK($R$17),"",IF(AND(D36>1202,D36<2001),"Err. N°",IF(AND(D36>499,D36<1141),"Err.N°",IF(B36=0,"",IF($O$28=$I$29,"",IF(AND($I$29=$O$29,D36<1000),"N° Flac.",IF(AND($I$29=$O$30,D36>1000),"N° Flac.",P36/M36))))))))) -> 5.3021637 | R36: =IF(ISBLANK($R$16),"",IF(A36=0,"",IF(ISBLANK($R$17),"",IF(B36=0,"",IF(ISBLANK(J36),"",IF(AND(D36>1202,D36<2001),"Err. N°",IF(AND(D36>499,D36<1141),"Err.N°",IF($I$29=$O$28,"",IF(AND($I$29=$O$29,D36<1000),"N° Flac.",IF(AND($I$29=$O$30,D36>1000),"N° Flac.",((44.66*P36)))))))))))) -> 243.28641 | S36: =IF(ISBLANK($R$16),"",IF(A36=0,"",IF(ISBLANK($R$17),"",IF(B36=0,"",IF(ISBLANK(J36),"",IF(AND(D36>1202,D36<2001),"Err. N°",IF(AND(D36>499,D36<1141),"Err.N°",IF($I$29=$O$28,"",IF(AND($I$29=$O$29,D36<1000),"N° Flac.",IF(AND($I$29=$O$30,D36>1000),"N° Flac.",((44.66*P36)/M36))))))))))) -> 236.79463 | T36: 0 | U36: 0 | V36: 20.8 | W36: 20.3 | X36: 20.8 | Y36: 20.3 | Z36: 1.53 | AA36: 1.5 | AB36: 23.3 | AC36: 22.8
A37: =IF(ISBLANK(VLOOKUP(D37,'Volumes flacons'!A5:C623,3)),0,1) -> 1 | B37: =IF(ISBLANK(D37),0,IF(ISBLANK(E37),0,IF(ISBLANK(F37),0,1))) -> 1 | C37: 3 | D37: 2031 | E37: 7.1 | F37: 5.133 | G37: 34.96 | H37: 2000 | I37: 2017 | J37: =IF(ISBLANK(D37),"",IF(VLOOKUP(D37,'Volumes flacons'!$A$5:$C$978,2)=0,"",IF(D37>'Volumes flacons'!$A$978,"Mauvais numéro",IF(D37<'Volumes flacons'!$A$5,"Mauvais numéro",(VLOOKUP(D37,'Volumes flacons'!$A$5:$C$978,3)))))) -> 107.83 | K37: =IF(ISBLANK(E37),"",(0.000824493-(0.0000040899*E37)+(0.000000076438*E37^2)-(0.00000000082467*E37^3)+(0.0000000000053875*E37^4))) -> 0.00079902648 | L37: =IF(ISBLANK(E37),"",(-0.00000572466+(0.00000010227*E37)-(0.0000000016546*E37^2))) -> -5.0819514e-06 | M37: =IF(ISBLANK(E37),"",IF(ISBLANK(G37),(O37+(K37*35)+(L37*35^1.5)+(0.00000048314*35^2)),(O37+(K37*G37)+(L37*G37^1.5)+(0.00000048314*G37^2)))) -> 1.0273736 | N37: =IF(ISBLANK(D37),"",IF(ISBLANK(G37),J37*(1+0.00001*(35-20)),J37*(1+0.00001*(G37-20)))) -> 107.84613 | O37: =IF(ISBLANK(E37),"",(0.999842594+(0.00006793952*E37)-(0.00000909529*E37^2)+(0.0000001001685*E37^3)-(0.000000001120083*E37^4)+(0.000000000006536332*E37^5))) -> 0.99989959 | P37: =IF(ISBLANK($R$16),"",IF(A37=0,"",IF(ISBLANK($R$17),"",IF(B37=0,"",IF($O$28=$I$29,"",IF(AND($I$29=$O$29,D37<1000),"N° Flac.",IF(AND($I$29=$O$30,D37>1000),"N° Flac.",IF(AND(D37>1202,D37<2001),"Err. N°",IF(AND(D37>499,D37<1141),"Err.N°",(((((F37)+'Correction de volume'!$G$7)*(($P$21)*($P$19)*5598)/(($R$16)-($R$17)))-(($P$27)*1000))/((N37)-($P$26)))))))))))) -> 5.4373751 | Q37: =IF(ISBLANK($R$16),"",IF(A37=0,"",IF(ISBLANK($R$17),"",IF(AND(D37>1202,D37<2001),"Err. N°",IF(AND(D37>499,D37<1141),"Err.N°",IF(B37=0,"",IF($O$28=$I$29,"",IF(AND($I$29=$O$29,D37<1000),"N° Flac.",IF(AND($I$29=$O$30,D37>1000),"N° Flac.",P37/M37))))))))) -> 5.2925004 | R37: =IF(ISBLANK($R$16),"",IF(A37=0,"",IF(ISBLANK($R$17),"",IF(B37=0,"",IF(ISBLANK(J37),"",IF(AND(D37>1202,D37<2001),"Err. N°",IF(AND(D37>499,D37<1141),"Err.N°",IF($I$29=$O$28,"",IF(AND($I$29=$O$29,D37<1000),"N° Flac.",IF(AND($I$29=$O$30,D37>1000),"N° Flac.",((44.66*P37)))))))))))) -> 242.83317 | S37: =IF(ISBLANK($R$16),"",IF(A37=0,"",IF(ISBLANK($R$17),"",IF(B37=0,"",IF(ISBLANK(J37),"",IF(AND(D37>1202,D37<2001),"Err. N°",IF(AND(D37>499,D37<1141),"Err.N°",IF($I$29=$O$28,"",IF(AND($I$29=$O$29,D37<1000),"N° Flac.",IF(AND($I$29=$O$30,D37>1000),"N° Flac.",((44.66*P37)/M37))))))))))) -> 236.36307 | T37: 0 | U37: 0 | V37: 20.8 | W37: 20.3 | X37: 20.8 | Y37: 20.3 | Z37: 1.53 | AA37: 1.5 | AB37: 22.9 | AC37: 22.4
A38: =IF(ISBLANK(VLOOKUP(D38,'Volumes flacons'!A5:C623,3)),0,1) -> 1 | B38: =IF(ISBLANK(D38),0,IF(ISBLANK(E38),0,IF(ISBLANK(F38),0,1))) -> 1 | C38: 4 | D38: 2032 | E38: 7.3 | F38: 5.322 | G38: 34.96 | H38: 2000 | I38: 2017 | J38: =IF(ISBLANK(D38),"",IF(VLOOKUP(D38,'Volumes flacons'!$A$5:$C$978,2)=0,"",IF(D38>'Volumes flacons'!$A$978,"Mauvais numéro",IF(D38<'Volumes flacons'!$A$5,"Mauvais numéro",(VLOOKUP(D38,'Volumes flacons'!$A$5:$C$978,3)))))) -> 111.3 | K38: =IF(ISBLANK(E38),"",(0.000824493-(0.0000040899*E38)+(0.000000076438*E38^2)-(0.00000000082467*E38^3)+(0.0000000000053875*E38^4))) -> 0.0007984046 | L38: =IF(ISBLANK(E38),"",(-0.00000572466+(0.00000010227*E38)-(0.0000000016546*E38^2))) -> -5.0662626e-06 | M38: =IF(ISBLANK(E38),"",IF(ISBLANK(G38),(O38+(K38*35)+(L38*35^1.5)+(0.00000048314*35^2)),(O38+(K38*G38)+(L38*G38^1.5)+(0.00000048314*G38^2)))) -> 1.0273453 | N38: =IF(ISBLANK(D38),"",IF(ISBLANK(G38),J38*(1+0.00001*(35-20)),J38*(1+0.00001*(G38-20)))) -> 111.31665 | O38: =IF(ISBLANK(E38),"",(0.999842594+(0.00006793952*E38)-(0.00000909529*E38^2)+(0.0000001001685*E38^3)-(0.000000001120083*E38^4)+(0.000000000006536332*E38^5))) -> 0.99988979 | P38: =IF(ISBLANK($R$16),"",IF(A38=0,"",IF(ISBLANK($R$17),"",IF(B38=0,"",IF($O$28=$I$29,"",IF(AND($I$29=$O$29,D38<1000),"N° Flac.",IF(AND($I$29=$O$30,D38>1000),"N° Flac.",IF(AND(D38>1202,D38<2001),"Err. N°",IF(AND(D38>499,D38<1141),"Err.N°",(((((F38)+'Correction de volume'!$G$7)*(($P$21)*($P$19)*5598)/(($R$16)-($R$17)))-(($P$27)*1000))/((N38)-($P$26)))))))))))) -> 5.4591553 | Q38: =IF(ISBLANK($R$16),"",IF(A38=0,"",IF(ISBLANK($R$17),"",IF(AND(D38>1202,D38<2001),"Err. N°",IF(AND(D38>499,D38<1141),"Err.N°",IF(B38=0,"",IF($O$28=$I$29,"",IF(AND($I$29=$O$29,D38<1000),"N° Flac.",IF(AND($I$29=$O$30,D38>1000),"N° Flac.",P38/M38))))))))) -> 5.3138467 | R38: =IF(ISBLANK($R$16),"",IF(A38=0,"",IF(ISBLANK($R$17),"",IF(B38=0,"",IF(ISBLANK(J38),"",IF(AND(D38>1202,D38<2001),"Err. N°",IF(AND(D38>499,D38<1141),"Err.N°",IF($I$29=$O$28,"",IF(AND($I$29=$O$29,D38<1000),"N° Flac.",IF(AND($I$29=$O$30,D38>1000),"N° Flac.",((44.66*P38)))))))))))) -> 243.80587 | S38: =IF(ISBLANK($R$16),"",IF(A38=0,"",IF(ISBLANK($R$17),"",IF(B38=0,"",IF(ISBLANK(J38),"",IF(AND(D38>1202,D38<2001),"Err. N°",IF(AND(D38>499,D38<1141),"Err.N°",IF($I$29=$O$28,"",IF(AND($I$29=$O$29,D38<1000),"N° Flac.",IF(AND($I$29=$O$30,D38>1000),"N° Flac.",((44.66*P38)/M38))))))))))) -> 237.31639 | T38: 0 | U38: 0 | V38: 20.9 | W38: 20.4 | X38: 20.9 | Y38: 20.4 | Z38: 1.54 | AA38: 1.5 | AB38: 22.9 | AC38: 22.4
A39: =IF(ISBLANK(VLOOKUP(D39,'Volumes flacons'!A5:C623,3)),0,1) -> 1 | B39: =IF(ISBLANK(D39),0,IF(ISBLANK(E39),0,IF(ISBLANK(F39),0,1))) -> 0 | C39: 5 | H39: 2000 | J39: =IF(ISBLANK(D39),"",IF(VLOOKUP(D39,'Volumes flacons'!$A$5:$C$978,2)=0,"",IF(D39>'Volumes flacons'!$A$978,"Mauvais numéro",IF(D39<'Volumes flacons'!$A$5,"Mauvais numéro",(VLOOKUP(D39,'Volumes flacons'!$A$5:$C$978,3))))))
A40: =IF(ISBLANK(VLOOKUP(D40,'Volumes flacons'!A5:C623,3)),0,1) -> 1 | B40: =IF(ISBLANK(D40),0,IF(ISBLANK(E40),0,IF(ISBLANK(F40),0,1))) -> 1 | C40: 6 | D40: 2033 | E40: 7.5 | F40: 5.291 | G40: 34.961 | H40: 2000 | I40: 2017 | J40: =IF(ISBLANK(D40),"",IF(VLOOKUP(D40,'Volumes flacons'!$A$5:$C$978,2)=0,"",IF(D40>'Volumes flacons'!$A$978,"Mauvais numéro",IF(D40<'Volumes flacons'!$A$5,"Mauvais numéro",(VLOOKUP(D40,'Volumes flacons'!$A$5:$C$978,3)))))) -> 110.79 | K40: =IF(ISBLANK(E40),"",(0.000824493-(0.0000040899*E40)+(0.000000076438*E40^2)-(0.00000000082467*E40^3)+(0.0000000000053875*E40^4))) -> 0.00079778753 | L40: =IF(ISBLANK(E40),"",(-0.00000572466+(0.00000010227*E40)-(0.0000000016546*E40^2))) -> -5.0507063e-06 | M40: =IF(ISBLANK(E40),"",IF(ISBLANK(G40),(O40+(K40*35)+(L40*35^1.5)+(0.00000048314*35^2)),(O40+(K40*G40)+(L40*G40^1.5)+(0.00000048314*G40^2)))) -> 1.0273173 | N40: =IF(ISBLANK(D40),"",IF(ISBLANK(G40),J40*(1+0.00001*(35-20)),J40*(1+0.00001*(G40-20)))) -> 110.80658 | O40: =IF(ISBLANK(E40),"",(0.999842594+(0.00006793952*E40)-(0.00000909529*E40^2)+(0.0000001001685*E40^3)-(0.000000001120083*E40^4)+(0.000000000006536332*E40^5))) -> 0.9998794 | P40: =IF(ISBLANK($R$16),"",IF(A40=0,"",IF(ISBLANK($R$17),"",IF(B40=0,"",IF($O$28=$I$29,"",IF(AND($I$29=$O$29,D40<1000),"N° Flac.",IF(AND($I$29=$O$30,D40>1000),"N° Flac.",IF(AND(D40>1202,D40<2001),"Err. N°",IF(AND(D40>499,D40<1141),"Err.N°",(((((F40)+'Correction de volume'!$G$7)*(($P$21)*($P$19)*5598)/(($R$16)-($R$17)))-(($P$27)*1000))/((N40)-($P$26)))))))))))) -> 5.4527112 | Q40: =IF(ISBLANK($R$16),"",IF(A40=0,"",IF(ISBLANK($R$17),"",IF(AND(D40>1202,D40<2001),"Err. N°",IF(AND(D40>499,D40<1141),"Err.N°",IF(B40=0,"",IF($O$28=$I$29,"",IF(AND($I$29=$O$29,D40<1000),"N° Flac.",IF(AND($I$29=$O$30,D40>1000),"N° Flac.",P40/M40))))))))) -> 5.3077186 | R40: =IF(ISBLANK($R$16),"",IF(A40=0,"",IF(ISBLANK($R$17),"",IF(B40=0,"",IF(ISBLANK(J40),"",IF(AND(D40>1202,D40<2001),"Err. N°",IF(AND(D40>499,D40<1141),"Err.N°",IF($I$29=$O$28,"",IF(AND($I$29=$O$29,D40<1000),"N° Flac.",IF(AND($I$29=$O$30,D40>1000),"N° Flac.",((44.66*P40)))))))))))) -> 243.51808 | S40: =IF(ISBLANK($R$16),"",IF(A40=0,"",IF(ISBLANK($R$17),"",IF(B40=0,"",IF(ISBLANK(J40),"",IF(AND(D40>1202,D40<2001),"Err. N°",IF(AND(D40>499,D40<1141),"Err.N°",IF($I$29=$O$28,"",IF(AND($I$29=$O$29,D40<1000),"N° Flac.",IF(AND($I$29=$O$30,D40>1000),"N° Flac.",((44.66*P40)/M40))))))))))) -> 237.04271 | T40: 0 | U40: 0 | V40: 20.9 | W40: 20.4 | X40: 20.9 | Y40: 20.4 | Z40: 1.52 | AA40: 1.48 | AB40: 23.4 | AC40: 22.9
A41: =IF(ISBLANK(VLOOKUP(D41,'Volumes flacons'!A5:C623,3)),0,1) -> 1 | B41: =IF(ISBLANK(D41),0,IF(ISBLANK(E41),0,IF(ISBLANK(F41),0,1))) -> 1 | C41: 7 | D41: 2034 | E41: 7.9 | F41: 5.21 | G41: 34.961 | H41: 2000 | I41: 2017 | J41: =IF(ISBLANK(D41),"",IF(VLOOKUP(D41,'Volumes flacons'!$A$5:$C$978,2)=0,"",IF(D41>'Volumes flacons'!$A$978,"Mauvais numéro",IF(D41<'Volumes flacons'!$A$5,"Mauvais numéro",(VLOOKUP(D41,'Volumes flacons'!$A$5:$C$978,3)))))) -> 109.25 | K41: =IF(ISBLANK(E41),"",(0.000824493-(0.0000040899*E41)+(0.000000076438*E41^2)-(0.00000000082467*E41^3)+(0.0000000000053875*E41^4))) -> 0.00079656768 | L41: =IF(ISBLANK(E41),"",(-0.00000572466+(0.00000010227*E41)-(0.0000000016546*E41^2))) -> -5.0199906e-06 | M41: =IF(ISBLANK(E41),"",IF(ISBLANK(G41),(O41+(K41*35)+(L41*35^1.5)+(0.00000048314*35^2)),(O41+(K41*G41)+(L41*G41^1.5)+(0.00000048314*G41^2)))) -> 1.0272585 | N41: =IF(ISBLANK(D41),"",IF(ISBLANK(G41),J41*(1+0.00001*(35-20)),J41*(1+0.00001*(G41-20)))) -> 109.26634 | O41: =IF(ISBLANK(E41),"",(0.999842594+(0.00006793952*E41)-(0.00000909529*E41^2)+(0.0000001001685*E41^3)-(0.000000001120083*E41^4)+(0.000000000006536332*E41^5))) -> 0.9998569 | P41: =IF(ISBLANK($R$16),"",IF(A41=0,"",IF(ISBLANK($R$17),"",IF(B41=0,"",IF($O$28=$I$29,"",IF(AND($I$29=$O$29,D41<1000),"N° Flac.",IF(AND($I$29=$O$30,D41>1000),"N° Flac.",IF(AND(D41>1202,D41<2001),"Err. N°",IF(AND(D41>499,D41<1141),"Err.N°",(((((F41)+'Correction de volume'!$G$7)*(($P$21)*($P$19)*5598)/(($R$16)-($R$17)))-(($P$27)*1000))/((N41)-($P$26)))))))))))) -> 5.4460988 | Q41: =IF(ISBLANK($R$16),"",IF(A41=0,"",IF(ISBLANK($R$17),"",IF(AND(D41>1202,D41<2001),"Err. N°",IF(AND(D41>499,D41<1141),"Err.N°",IF(B41=0,"",IF($O$28=$I$29,"",IF(AND($I$29=$O$29,D41<1000),"N° Flac.",IF(AND($I$29=$O$30,D41>1000),"N° Flac.",P41/M41))))))))) -> 5.3015854 | R41: =IF(ISBLANK($R$16),"",IF(A41=0,"",IF(ISBLANK($R$17),"",IF(B41=0,"",IF(ISBLANK(J41),"",IF(AND(D41>1202,D41<2001),"Err. N°",IF(AND(D41>499,D41<1141),"Err.N°",IF($I$29=$O$28,"",IF(AND($I$29=$O$29,D41<1000),"N° Flac.",IF(AND($I$29=$O$30,D41>1000),"N° Flac.",((44.66*P41)))))))))))) -> 243.22277 | S41: =IF(ISBLANK($R$16),"",IF(A41=0,"",IF(ISBLANK($R$17),"",IF(B41=0,"",IF(ISBLANK(J41),"",IF(AND(D41>1202,D41<2001),"Err. N°",IF(AND(D41>499,D41<1141),"Err.N°",IF($I$29=$O$28,"",IF(AND($I$29=$O$29,D41<1000),"N° Flac.",IF(AND($I$29=$O$30,D41>1000),"N° Flac.",((44.66*P41)/M41))))))))))) -> 236.76881 | T41: 0 | U41: 0 | V41: 20.9 | W41: 20.5 | X41: 20.9 | Y41: 20.5 | Z41: 1.49 | AA41: 1.46 | AB41: 23.3 | AC41: 22.7
A42: =IF(ISBLANK(VLOOKUP(D42,'Volumes flacons'!A5:C623,3)),0,1) -> 1 | B42: =IF(ISBLANK(D42),0,IF(ISBLANK(E42),0,IF(ISBLANK(F42),0,1))) -> 1 | C42: 8 | D42: 2035 | E42: 21.5 | F42: 4.205 | G42: 35.743 | H42: 2000 | I42: 2017 | J42: =IF(ISBLANK(D42),"",IF(VLOOKUP(D42,'Volumes flacons'!$A$5:$C$978,2)=0,"",IF(D42>'Volumes flacons'!$A$978,"Mauvais numéro",IF(D42<'Volumes flacons'!$A$5,"Mauvais numéro",(VLOOKUP(D42,'Volumes flacons'!$A$5:$C$978,3)))))) -> 110.1 | K42: =IF(ISBLANK(E42),"",(0.000824493-(0.0000040899*E42)+(0.000000076438*E42^2)-(0.00000000082467*E42^3)+(0.0000000000053875*E42^4))) -> 0.00076484891 | L42: =IF(ISBLANK(E42),"",(-0.00000572466+(0.00000010227*E42)-(0.0000000016546*E42^2))) -> -4.2906938e-06 | M42: =IF(ISBLANK(E42),"",IF(ISBLANK(G42),(O42+(K42*35)+(L42*35^1.5)+(0.00000048314*35^2)),(O42+(K42*G42)+(L42*G42^1.5)+(0.00000048314*G42^2)))) -> 1.0249236 | N42: =IF(ISBLANK(D42),"",IF(ISBLANK(G42),J42*(1+0.00001*(35-20)),J42*(1+0.00001*(G42-20)))) -> 110.11733 | O42: =IF(ISBLANK(E42),"",(0.999842594+(0.00006793952*E42)-(0.00000909529*E42^2)+(0.0000001001685*E42^3)-(0.000000001120083*E42^4)+(0.000000000006536332*E42^5))) -> 0.9978852 | P42: =IF(ISBLANK($R$16),"",IF(A42=0,"",IF(ISBLANK($R$17),"",IF(B42=0,"",IF($O$28=$I$29,"",IF(AND($I$29=$O$29,D42<1000),"N° Flac.",IF(AND($I$29=$O$30,D42>1000),"N° Flac.",IF(AND(D42>1202,D42<2001),"Err. N°",IF(AND(D42>499,D42<1141),"Err.N°",(((((F42)+'Correction de volume'!$G$7)*(($P$21)*($P$19)*5598)/(($R$16)-($R$17)))-(($P$27)*1000))/((N42)-($P$26)))))))))))) -> 4.3578896 | Q42: =IF(ISBLANK($R$16),"",IF(A42=0,"",IF(ISBLANK($R$17),"",IF(AND(D42>1202,D42<2001),"Err. N°",IF(AND(D42>499,D42<1141),"Err.N°",IF(B42=0,"",IF($O$28=$I$29,"",IF(AND($I$29=$O$29,D42<1000),"N° Flac.",IF(AND($I$29=$O$30,D42>1000),"N° Flac.",P42/M42))))))))) -> 4.2519167 | R42: =IF(ISBLANK($R$16),"",IF(A42=0,"",IF(ISBLANK($R$17),"",IF(B42=0,"",IF(ISBLANK(J42),"",IF(AND(D42>1202,D42<2001),"Err. N°",IF(AND(D42>499,D42<1141),"Err.N°",IF($I$29=$O$28,"",IF(AND($I$29=$O$29,D42<1000),"N° Flac.",IF(AND($I$29=$O$30,D42>1000),"N° Flac.",((44.66*P42)))))))))))) -> 194.62335 | S42: =IF(ISBLANK($R$16),"",IF(A42=0,"",IF(ISBLANK($R$17),"",IF(B42=0,"",IF(ISBLANK(J42),"",IF(AND(D42>1202,D42<2001),"Err. N°",IF(AND(D42>499,D42<1141),"Err.N°",IF($I$29=$O$28,"",IF(AND($I$29=$O$29,D42<1000),"N° Flac.",IF(AND($I$29=$O$30,D42>1000),"N° Flac.",((44.66*P42)/M42))))))))))) -> 189.8906 | T42: 0.01 | U42: 0.01 | V42: 4.81 | W42: 4.7 | X42: 4.8 | Y42: 4.69 | Z42: 0.37 | AA42: 0.36 | AB42: 2.23 | AC42: 2.18
A43: =IF(ISBLANK(VLOOKUP(D43,'Volumes flacons'!A5:C623,3)),0,1) -> 1 | B43: =IF(ISBLANK(D43),0,IF(ISBLANK(E43),0,IF(ISBLANK(F43),0,1))) -> 1 | C43: 9 | D43: 2036 | E43: 8.2 | F43: 5.224 | G43: 34.961 | H43: 2000 | I43: 2017 | J43: =IF(ISBLANK(D43),"",IF(VLOOKUP(D43,'Volumes flacons'!$A$5:$C$978,2)=0,"",IF(D43>'Volumes flacons'!$A$978,"Mauvais numéro",IF(D43<'Volumes flacons'!$A$5,"Mauvais numéro",(VLOOKUP(D43,'Volumes flacons'!$A$5:$C$978,3)))))) -> 109.39 | K43: =IF(ISBLANK(E43),"",(0.000824493-(0.0000040899*E43)+(0.000000076438*E43^2)-(0.00000000082467*E43^3)+(0.0000000000053875*E43^4))) -> 0.00079566517 | L43: =IF(ISBLANK(E43),"",(-0.00000572466+(0.00000010227*E43)-(0.0000000016546*E43^2))) -> -4.9973013e-06 | M43: =IF(ISBLANK(E43),"",IF(ISBLANK(G43),(O43+(K43*35)+(L43*35^1.5)+(0.00000048314*35^2)),(O43+(K43*G43)+(L43*G43^1.5)+(0.00000048314*G43^2)))) -> 1.0272133 | N43: =IF(ISBLANK(D43),"",IF(ISBLANK(G43),J43*(1+0.00001*(35-20)),J43*(1+0.00001*(G43-20)))) -> 109.40637 | O43: =IF(ISBLANK(E43),"",(0.999842594+(0.00006793952*E43)-(0.00000909529*E43^2)+(0.0000001001685*E43^3)-(0.000000001120083*E43^4)+(0.000000000006536332*E43^5))) -> 0.99983854 | P43: =IF(ISBLANK($R$16),"",IF(A43=0,"",IF(ISBLANK($R$17),"",IF(B43=0,"",IF($O$28=$I$29,"",IF(AND($I$29=$O$29,D43<1000),"N° Flac.",IF(AND($I$29=$O$30,D43>1000),"N° Flac.",IF(AND(D43>1202,D43<2001),"Err. N°",IF(AND(D43>499,D43<1141),"Err.N°",(((((F43)+'Correction de volume'!$G$7)*(($P$21)*($P$19)*5598)/(($R$16)-($R$17)))-(($P$27)*1000))/((N43)-($P$26)))))))))))) -> 5.4536562 | Q43: =IF(ISBLANK($R$16),"",IF(A43=0,"",IF(ISBLANK($R$17),"",IF(AND(D43>1202,D43<2001),"Err. N°",IF(AND(D43>499,D43<1141),"Err.N°",IF(B43=0,"",IF($O$28=$I$29,"",IF(AND($I$29=$O$29,D43<1000),"N° Flac.",IF(AND($I$29=$O$30,D43>1000),"N° Flac.",P43/M43))))))))) -> 5.309176 | R43: =IF(ISBLANK($R$16),"",IF(A43=0,"",IF(ISBLANK($R$17),"",IF(B43=0,"",IF(ISBLANK(J43),"",IF(AND(D43>1202,D43<2001),"Err. N°",IF(AND(D43>499,D43<1141),"Err.N°",IF($I$29=$O$28,"",IF(AND($I$29=$O$29,D43<1000),"N° Flac.",IF(AND($I$29=$O$30,D43>1000),"N° Flac.",((44.66*P43)))))))))))) -> 243.56029 | S43: =IF(ISBLANK($R$16),"",IF(A43=0,"",IF(ISBLANK($R$17),"",IF(B43=0,"",IF(ISBLANK(J43),"",IF(AND(D43>1202,D43<2001),"Err. N°",IF(AND(D43>499,D43<1141),"Err.N°",IF($I$29=$O$28,"",IF(AND($I$29=$O$29,D43<1000),"N° Flac.",IF(AND($I$29=$O$30,D43>1000),"N° Flac.",((44.66*P43)/M43))))))))))) -> 237.1078 | T43: 0 | U43: 0 | V43: 21.3 | W43: 20.8 | X43: 21.3 | Y43: 20.8 | Z43: 1.45 | AA43: 1.42 | AB43: 23.6 | AC43: 23.1
A44: =IF(ISBLANK(VLOOKUP(D44,'Volumes flacons'!A5:C623,3)),0,1) -> 1 | B44: =IF(ISBLANK(D44),0,IF(ISBLANK(E44),0,IF(ISBLANK(F44),0,1))) -> 1 | C44: 10 | D44: 2037 | E44: 8.4 | F44: 5.29 | G44: 34.961 | H44: 2000 | I44: 2017 | J44: =IF(ISBLANK(D44),"",IF(VLOOKUP(D44,'Volumes flacons'!$A$5:$C$978,2)=0,"",IF(D44>'Volumes flacons'!$A$978,"Mauvais numéro",IF(D44<'Volumes flacons'!$A$5,"Mauvais numéro",(VLOOKUP(D44,'Volumes flacons'!$A$5:$C$978,3)))))) -> 110.47 | K44: =IF(ISBLANK(E44),"",(0.000824493-(0.0000040899*E44)+(0.000000076438*E44^2)-(0.00000000082467*E44^3)+(0.0000000000053875*E44^4))) -> 0.00079506934 | L44: =IF(ISBLANK(E44),"",(-0.00000572466+(0.00000010227*E44)-(0.0000000016546*E44^2))) -> -4.9823406e-06 | M44: =IF(ISBLANK(E44),"",IF(ISBLANK(G44),(O44+(K44*35)+(L44*35^1.5)+(0.00000048314*35^2)),(O44+(K44*G44)+(L44*G44^1.5)+(0.00000048314*G44^2)))) -> 1.0271826 | N44: =IF(ISBLANK(D44),"",IF(ISBLANK(G44),J44*(1+0.00001*(35-20)),J44*(1+0.00001*(G44-20)))) -> 110.48653 | O44: =IF(ISBLANK(E44),"",(0.999842594+(0.00006793952*E44)-(0.00000909529*E44^2)+(0.0000001001685*E44^3)-(0.000000001120083*E44^4)+(0.000000000006536332*E44^5))) -> 0.99982559 | P44: =IF(ISBLANK($R$16),"",IF(A44=0,"",IF(ISBLANK($R$17),"",IF(B44=0,"",IF($O$28=$I$29,"",IF(AND($I$29=$O$29,D44<1000),"N° Flac.",IF(AND($I$29=$O$30,D44>1000),"N° Flac.",IF(AND(D44>1202,D44<2001),"Err. N°",IF(AND(D44>499,D44<1141),"Err.N°",(((((F44)+'Correction de volume'!$G$7)*(($P$21)*($P$19)*5598)/(($R$16)-($R$17)))-(($P$27)*1000))/((N44)-($P$26)))))))))))) -> 5.4677632 | Q44: =IF(ISBLANK($R$16),"",IF(A44=0,"",IF(ISBLANK($R$17),"",IF(AND(D44>1202,D44<2001),"Err. N°",IF(AND(D44>499,D44<1141),"Err.N°",IF(B44=0,"",IF($O$28=$I$29,"",IF(AND($I$29=$O$29,D44<1000),"N° Flac.",IF(AND($I$29=$O$30,D44>1000),"N° Flac.",P44/M44))))))))) -> 5.3230683 | R44: =IF(ISBLANK($R$16),"",IF(A44=0,"",IF(ISBLANK($R$17),"",IF(B44=0,"",IF(ISBLANK(J44),"",IF(AND(D44>1202,D44<2001),"Err. N°",IF(AND(D44>499,D44<1141),"Err.N°",IF($I$29=$O$28,"",IF(AND($I$29=$O$29,D44<1000),"N° Flac.",IF(AND($I$29=$O$30,D44>1000),"N° Flac.",((44.66*P44)))))))))))) -> 244.1903 | S44: =IF(ISBLANK($R$16),"",IF(A44=0,"",IF(ISBLANK($R$17),"",IF(B44=0,"",IF(ISBLANK(J44),"",IF(AND(D44>1202,D44<2001),"Err. N°",IF(AND(D44>499,D44<1141),"Err.N°",IF($I$29=$O$28,"",IF(AND($I$29=$O$29,D44<1000),"N° Flac.",IF(AND($I$29=$O$30,D44>1000),"N° Flac.",((44.66*P44)/M44))))))))))) -> 237.72823 | T44: 0 | U44: 0 | V44: 21.1 | W44: 20.6 | X44: 21.1 | Y44: 20.6 | Z44: 1.44 | AA44: 1.4 | AB44: 23.1 | AC44: 22.6
A45: =IF(ISBLANK(VLOOKUP(D45,'Volumes flacons'!A5:C623,3)),0,1) -> 1 | B45: =IF(ISBLANK(D45),0,IF(ISBLANK(E45),0,IF(ISBLANK(F45),0,1))) -> 1 | C45: 11 | D45: 2038 | E45: 8.7 | F45: 5.338 | G45: 34.961 | H45: 2000 | I45: 2017 | J45: =IF(ISBLANK(D45),"",IF(VLOOKUP(D45,'Volumes flacons'!$A$5:$C$978,2)=0,"",IF(D45>'Volumes flacons'!$A$978,"Mauvais numéro",IF(D45<'Volumes flacons'!$A$5,"Mauvais numéro",(VLOOKUP(D45,'Volumes flacons'!$A$5:$C$978,3)))))) -> 111.51 | K45: =IF(ISBLANK(E45),"",(0.000824493-(0.0000040899*E45)+(0.000000076438*E45^2)-(0.00000000082467*E45^3)+(0.0000000000053875*E45^4))) -> 0.00079418428 | L45: =IF(ISBLANK(E45),"",(-0.00000572466+(0.00000010227*E45)-(0.0000000016546*E45^2))) -> -4.9601477e-06 | M45: =IF(ISBLANK(E45),"",IF(ISBLANK(G45),(O45+(K45*35)+(L45*35^1.5)+(0.00000048314*35^2)),(O45+(K45*G45)+(L45*G45^1.5)+(0.00000048314*G45^2)))) -> 1.0271358 | N45: =IF(ISBLANK(D45),"",IF(ISBLANK(G45),J45*(1+0.00001*(35-20)),J45*(1+0.00001*(G45-20)))) -> 111.52668 | O45: =IF(ISBLANK(E45),"",(0.999842594+(0.00006793952*E45)-(0.00000909529*E45^2)+(0.0000001001685*E45^3)-(0.000000001120083*E45^4)+(0.000000000006536332*E45^5))) -> 0.99980512 | P45: =IF(ISBLANK($R$16),"",IF(A45=0,"",IF(ISBLANK($R$17),"",IF(B45=0,"",IF($O$28=$I$29,"",IF(AND($I$29=$O$29,D45<1000),"N° Flac.",IF(AND($I$29=$O$30,D45>1000),"N° Flac.",IF(AND(D45>1202,D45<2001),"Err. N°",IF(AND(D45>499,D45<1141),"Err.N°",(((((F45)+'Correction de volume'!$G$7)*(($P$21)*($P$19)*5598)/(($R$16)-($R$17)))-(($P$27)*1000))/((N45)-($P$26)))))))))))) -> 5.465113 | Q45: =IF(ISBLANK($R$16),"",IF(A45=0,"",IF(ISBLANK($R$17),"",IF(AND(D45>1202,D45<2001),"Err. N°",IF(AND(D45>499,D45<1141),"Err.N°",IF(B45=0,"",IF($O$28=$I$29,"",IF(AND($I$29=$O$29,D45<1000),"N° Flac.",IF(AND($I$29=$O$30,D45>1000),"N° Flac.",P45/M45))))))))) -> 5.3207309 | R45: =IF(ISBLANK($R$16),"",IF(A45=0,"",IF(ISBLANK($R$17),"",IF(B45=0,"",IF(ISBLANK(J45),"",IF(AND(D45>1202,D45<2001),"Err. N°",IF(AND(D45>499,D45<1141),"Err.N°",IF($I$29=$O$28,"",IF(AND($I$29=$O$29,D45<1000),"N° Flac.",IF(AND($I$29=$O$30,D45>1000),"N° Flac.",((44.66*P45)))))))))))) -> 244.07195 | S45: =IF(ISBLANK($R$16),"",IF(A45=0,"",IF(ISBLANK($R$17),"",IF(B45=0,"",IF(ISBLANK(J45),"",IF(AND(D45>1202,D45<2001),"Err. N°",IF(AND(D45>499,D45<1141),"Err.N°",IF($I$29=$O$28,"",IF(AND($I$29=$O$29,D45<1000),"N° Flac.",IF(AND($I$29=$O$30,D45>1000),"N° Flac.",((44.66*P45)/M45))))))))))) -> 237.62384 | T45: 0 | U45: 0 | V45: 20.8 | W45: 20.3 | X45: 20.8 | Y45: 20.3 | Z45: 1.44 | AA45: 1.4 | AB45: 23.3 | AC45: 22.8
A46: =IF(ISBLANK(VLOOKUP(D46,'Volumes flacons'!A5:C623,3)),0,1) -> 1 | B46: =IF(ISBLANK(D46),0,IF(ISBLANK(E46),0,IF(ISBLANK(F46),0,1))) -> 0 | C46: 12 | J46: =IF(ISBLANK(D46),"",IF(VLOOKUP(D46,'Volumes flacons'!$A$5:$C$989,2)=0,"",IF(D46>'Volumes flacons'!$A$989,"Mauvais numéro",IF(D46<'Volumes flacons'!$A$5,"Mauvais numéro",(VLOOKUP(D46,'Volumes flacons'!$A$5:$C$989,3)))))) | K46: =IF(ISBLANK(E46),"",(0.000824493-(0.0000040899*E46)+(0.000000076438*E46^2)-(0.00000000082467*E46^3)+(0.0000000000053875*E46^4))) | L46: =IF(ISBLANK(E46),"",(-0.00000572466+(0.00000010227*E46)-(0.0000000016546*E46^2))) | M46: =IF(ISBLANK(E46),"",IF(ISBLANK(G46),(O46+(K46*35)+(L46*35^1.5)+(0.00000048314*35^2)),(O46+(K46*G46)+(L46*G46^1.5)+(0.00000048314*G46^2)))) | N46: =IF(ISBLANK(D46),"",IF(ISBLANK(G46),J46*(1+0.00001*(35-20)),J46*(1+0.00001*(G46-20)))) | O46: =IF(ISBLANK(E46),"",(0.999842594+(0.00006793952*E46)-(0.00000909529*E46^2)+(0.0000001001685*E46^3)-(0.000000001120083*E46^4)+(0.000000000006536332*E46^5))) | P46: =IF(ISBLANK($R$16),"",IF(A46=0,"",IF(ISBLANK($R$17),"",IF(B46=0,"",IF($O$28=$I$29,"",IF(AND($I$29=$O$29,D46<1000),"N° Flac.",IF(AND($I$29=$O$30,D46>1000),"N° Flac.",IF(AND(D46>1202,D46<2001),"Err. N°",IF(AND(D46>499,D46<1141),"Err.N°",(((((F46)+'Correction de volume'!$G$7)*(($P$21)*($P$19)*5598)/(($R$16)-($R$17)))-(($P$27)*1000))/((N46)-($P$26)))))))))))) | Q46: =IF(ISBLANK($R$16),"",IF(A46=0,"",IF(ISBLANK($R$17),"",IF(AND(D46>1202,D46<2001),"Err. N°",IF(AND(D46>499,D46<1141),"Err.N°",IF(B46=0,"",IF($O$28=$I$29,"",IF(AND($I$29=$O$29,D46<1000),"N° Flac.",IF(AND($I$29=$O$30,D46>1000),"N° Flac.",P46/M46))))))))) | R46: =IF(ISBLANK($R$16),"",IF(A46=0,"",IF(ISBLANK($R$17),"",IF(B46=0,"",IF(ISBLANK(J46),"",IF(AND(D46>1202,D46<2001),"Err. N°",IF(AND(D46>499,D46<1141),"Err.N°",IF($I$29=$O$28,"",IF(AND($I$29=$O$29,D46<1000),"N° Flac.",IF(AND($I$29=$O$30,D46>1000),"N° Flac.",((44.66*P46)))))))))))) | S46: =IF(ISBLANK($R$16),"",IF(A46=0,"",IF(ISBLANK($R$17),"",IF(B46=0,"",IF(ISBLANK(J46),"",IF(AND(D46>1202,D46<2001),"Err. N°",IF(AND(D46>499,D46<1141),"Err.N°",IF($I$29=$O$28,"",IF(AND($I$29=$O$29,D46<1000),"N° Flac.",IF(AND($I$29=$O$30,D46>1000),"N° Flac.",((44.66*P46)/M46)))))))))))
A47: =IF(ISBLANK(VLOOKUP(D47,'Volumes flacons'!A5:C623,3)),0,1) -> 1 | B47: =IF(ISBLANK(D47),0,IF(ISBLANK(E47),0,IF(ISBLANK(F47),0,1))) -> 0 | C47: 13 | J47: =IF(ISBLANK(D47),"",IF(VLOOKUP(D47,'Volumes flacons'!$A$5:$C$989,2)=0,"",IF(D47>'Volumes flacons'!$A$989,"Mauvais numéro",IF(D47<'Volumes flacons'!$A$5,"Mauvais numéro",(VLOOKUP(D47,'Volumes flacons'!$A$5:$C$989,3)))))) | K47: =IF(ISBLANK(E47),"",(0.000824493-(0.0000040899*E47)+(0.000000076438*E47^2)-(0.00000000082467*E47^3)+(0.0000000000053875*E47^4))) | L47: =IF(ISBLANK(E47),"",(-0.00000572466+(0.00000010227*E47)-(0.0000000016546*E47^2))) | M47: =IF(ISBLANK(E47),"",IF(ISBLANK(G47),(O47+(K47*35)+(L47*35^1.5)+(0.00000048314*35^2)),(O47+(K47*G47)+(L47*G47^1.5)+(0.00000048314*G47^2)))) | N47: =IF(ISBLANK(D47),"",IF(ISBLANK(G47),J47*(1+0.00001*(35-20)),J47*(1+0.00001*(G47-20)))) | O47: =IF(ISBLANK(E47),"",(0.999842594+(0.00006793952*E47)-(0.00000909529*E47^2)+(0.0000001001685*E47^3)-(0.000000001120083*E47^4)+(0.000000000006536332*E47^5))) | Q47: =IF(ISBLANK($R$16),"",IF(A47=0,"",IF(ISBLANK($R$17),"",IF(AND(D47>1202,D47<2001),"Err. N°",IF(AND(D47>499,D47<1141),"Err.N°",IF(B47=0,"",IF($O$28=$I$29,"",IF(AND($I$29=$O$29,D47<1000),"N° Flac.",IF(AND($I$29=$O$30,D47>1000),"N° Flac.",P47/M47))))))))) | R47: =IF(ISBLANK($R$16),"",IF(A47=0,"",IF(ISBLANK($R$17),"",IF(B47=0,"",IF(ISBLANK(J47),"",IF(AND(D47>1202,D47<2001),"Err. N°",IF(AND(D47>499,D47<1141),"Err.N°",IF($I$29=$O$28,"",IF(AND($I$29=$O$29,D47<1000),"N° Flac.",IF(AND($I$29=$O$30,D47>1000),"N° Flac.",((44.66*P47))))))))))))
A48: =IF(ISBLANK(VLOOKUP(D48,'Volumes flacons'!A5:C623,3)),0,1) -> 1 | B48: =IF(ISBLANK(D48),0,IF(ISBLANK(E48),0,IF(ISBLANK(F48),0,1))) -> 0 | C48: 14 | J48: =IF(ISBLANK(D48),"",IF(VLOOKUP(D48,'Volumes flacons'!$A$5:$C$989,2)=0,"",IF(D48>'Volumes flacons'!$A$989,"Mauvais numéro",IF(D48<'Volumes flacons'!$A$5,"Mauvais numéro",(VLOOKUP(D48,'Volumes flacons'!$A$5:$C$989,3)))))) | K48: =IF(ISBLANK(E48),"",(0.000824493-(0.0000040899*E48)+(0.000000076438*E48^2)-(0.00000000082467*E48^3)+(0.0000000000053875*E48^4))) | L48: =IF(ISBLANK(E48),"",(-0.00000572466+(0.00000010227*E48)-(0.0000000016546*E48^2))) | M48: =IF(ISBLANK(E48),"",IF(ISBLANK(G48),(O48+(K48*35)+(L48*35^1.5)+(0.00000048314*35^2)),(O48+(K48*G48)+(L48*G48^1.5)+(0.00000048314*G48^2)))) | N48: =IF(ISBLANK(D48),"",IF(ISBLANK(G48),J48*(1+0.00001*(35-20)),J48*(1+0.00001*(G48-20)))) | O48: =IF(ISBLANK(E48),"",(0.999842594+(0.00006793952*E48)-(0.00000909529*E48^2)+(0.0000001001685*E48^3)-(0.000000001120083*E48^4)+(0.000000000006536332*E48^5))) | Q48: =IF(ISBLANK($R$16),"",IF(A48=0,"",IF(ISBLANK($R$17),"",IF(AND(D48>1202,D48<2001),"Err. N°",IF(AND(D48>499,D48<1141),"Err.N°",IF(B48=0,"",IF($O$28=$I$29,"",IF(AND($I$29=$O$29,D48<1000),"N° Flac.",IF(AND($I$29=$O$30,D48>1000),"N° Flac.",P48/M48))))))))) | R48: =IF(ISBLANK($R$16),"",IF(A48=0,"",IF(ISBLANK($R$17),"",IF(B48=0,"",IF(ISBLANK(J48),"",IF(AND(D48>1202,D48<2001),"Err. N°",IF(AND(D48>499,D48<1141),"Err.N°",IF($I$29=$O$28,"",IF(AND($I$29=$O$29,D48<1000),"N° Flac.",IF(AND($I$29=$O$30,D48>1000),"N° Flac.",((44.66*P48))))))))))))
A49: =IF(ISBLANK(VLOOKUP(D49,'Volumes flacons'!A5:C623,3)),0,1) -> 1 | B49: =IF(ISBLANK(D49),0,IF(ISBLANK(E49),0,IF(ISBLANK(F49),0,1))) -> 0 | C49: 15 | J49: =IF(ISBLANK(D49),"",IF(VLOOKUP(D49,'Volumes flacons'!$A$5:$C$989,2)=0,"",IF(D49>'Volumes flacons'!$A$989,"Mauvais numéro",IF(D49<'Volumes flacons'!$A$5,"Mauvais numéro",(VLOOKUP(D49,'Volumes flacons'!$A$5:$C$989,3)))))) | K49: =IF(ISBLANK(E49),"",(0.000824493-(0.0000040899*E49)+(0.000000076438*E49^2)-(0.00000000082467*E49^3)+(0.0000000000053875*E49^4))) | L49: =IF(ISBLANK(E49),"",(-0.00000572466+(0.00000010227*E49)-(0.0000000016546*E49^2))) | M49: =IF(ISBLANK(E49),"",IF(ISBLANK(G49),(O49+(K49*35)+(L49*35^1.5)+(0.00000048314*35^2)),(O49+(K49*G49)+(L49*G49^1.5)+(0.00000048314*G49^2)))) | N49: =IF(ISBLANK(D49),"",IF(ISBLANK(G49),J49*(1+0.00001*(35-20)),J49*(1+0.00001*(G49-20)))) | O49: =IF(ISBLANK(E49),"",(0.999842594+(0.00006793952*E49)-(0.00000909529*E49^2)+(0.0000001001685*E49^3)-(0.000000001120083*E49^4)+(0.000000000006536332*E49^5))) | P49: =IF(ISBLANK($R$16),"",IF(A49=0,"",IF(ISBLANK($R$17),"",IF(B49=0,"",IF($O$28=$I$29,"",IF(AND($I$29=$O$29,D49<1000),"N° Flac.",IF(AND($I$29=$O$30,D49>1000),"N° Flac.",IF(AND(D49>1202,D49<2001),"Err. N°",IF(AND(D49>499,D49<1141),"Err.N°",(((((F49)+'Correction de volume'!$G$7)*(($P$21)*($P$19)*5598)/(($R$16)-($R$17)))-(($P$27)*1000))/((N49)-($P$26)))))))))))) | Q49: =IF(ISBLANK($R$16),"",IF(A49=0,"",IF(ISBLANK($R$17),"",IF(AND(D49>1202,D49<2001),"Err. N°",IF(AND(D49>499,D49<1141),"Err.N°",IF(B49=0,"",IF($O$28=$I$29,"",IF(AND($I$29=$O$29,D49<1000),"N° Flac.",IF(AND($I$29=$O$30,D49>1000),"N° Flac.",P49/M49))))))))) | R49: =IF(ISBLANK($R$16),"",IF(A49=0,"",IF(ISBLANK($R$17),"",IF(B49=0,"",IF(ISBLANK(J49),"",IF(AND(D49>1202,D49<2001),"Err. N°",IF(AND(D49>499,D49<1141),"Err.N°",IF($I$29=$O$28,"",IF(AND($I$29=$O$29,D49<1000),"N° Flac.",IF(AND($I$29=$O$30,D49>1000),"N° Flac.",((44.66*P49)))))))))))) | S49: =IF(ISBLANK($R$16),"",IF(A49=0,"",IF(ISBLANK($R$17),"",IF(B49=0,"",IF(ISBLANK(J49),"",IF(AND(D49>1202,D49<2001),"Err. N°",IF(AND(D49>499,D49<1141),"Err.N°",IF($I$29=$O$28,"",IF(AND($I$29=$O$29,D49<1000),"N° Flac.",IF(AND($I$29=$O$30,D49>1000),"N° Flac.",((44.66*P49)/M49)))))))))))
A50: =IF(ISBLANK(VLOOKUP(D50,'Volumes flacons'!A5:C623,3)),0,1) -> 1 | B50: =IF(ISBLANK(D50),0,IF(ISBLANK(E50),0,IF(ISBLANK(F50),0,1))) -> 0 | C50: 16 | J50: =IF(ISBLANK(D50),"",IF(VLOOKUP(D50,'Volumes flacons'!$A$5:$C$989,2)=0,"",IF(D50>'Volumes flacons'!$A$989,"Mauvais numéro",IF(D50<'Volumes flacons'!$A$5,"Mauvais numéro",(VLOOKUP(D50,'Volumes flacons'!$A$5:$C$989,3)))))) | K50: =IF(ISBLANK(E50),"",(0.000824493-(0.0000040899*E50)+(0.000000076438*E50^2)-(0.00000000082467*E50^3)+(0.0000000000053875*E50^4))) | L50: =IF(ISBLANK(E50),"",(-0.00000572466+(0.00000010227*E50)-(0.0000000016546*E50^2))) | M50: =IF(ISBLANK(E50),"",IF(ISBLANK(G50),(O50+(K50*35)+(L50*35^1.5)+(0.00000048314*35^2)),(O50+(K50*G50)+(L50*G50^1.5)+(0.00000048314*G50^2)))) | N50: =IF(ISBLANK(D50),"",IF(ISBLANK(G50),J50*(1+0.00001*(35-20)),J50*(1+0.00001*(G50-20)))) | O50: =IF(ISBLANK(E50),"",(0.999842594+(0.00006793952*E50)-(0.00000909529*E50^2)+(0.0000001001685*E50^3)-(0.000000001120083*E50^4)+(0.000000000006536332*E50^5))) | P50: =IF(ISBLANK($R$16),"",IF(A50=0,"",IF(ISBLANK($R$17),"",IF(B50=0,"",IF($O$28=$I$29,"",IF(AND($I$29=$O$29,D50<1000),"N° Flac.",IF(AND($I$29=$O$30,D50>1000),"N° Flac.",IF(AND(D50>1202,D50<2001),"Err. N°",IF(AND(D50>499,D50<1141),"Err.N°",(((((F50)+'Correction de volume'!$G$7)*(($P$21)*($P$19)*5598)/(($R$16)-($R$17)))-(($P$27)*1000))/((N50)-($P$26)))))))))))) | Q50: =IF(ISBLANK($R$16),"",IF(A50=0,"",IF(ISBLANK($R$17),"",IF(AND(D50>1202,D50<2001),"Err. N°",IF(AND(D50>499,D50<1141),"Err.N°",IF(B50=0,"",IF($O$28=$I$29,"",IF(AND($I$29=$O$29,D50<1000),"N° Flac.",IF(AND($I$29=$O$30,D50>1000),"N° Flac.",P50/M50))))))))) | R50: =IF(ISBLANK($R$16),"",IF(A50=0,"",IF(ISBLANK($R$17),"",IF(B50=0,"",IF(ISBLANK(J50),"",IF(AND(D50>1202,D50<2001),"Err. N°",IF(AND(D50>499,D50<1141),"Err.N°",IF($I$29=$O$28,"",IF(AND($I$29=$O$29,D50<1000),"N° Flac.",IF(AND($I$29=$O$30,D50>1000),"N° Flac.",((44.66*P50)))))))))))) | S50: =IF(ISBLANK($R$16),"",IF(A50=0,"",IF(ISBLANK($R$17),"",IF(B50=0,"",IF(ISBLANK(J50),"",IF(AND(D50>1202,D50<2001),"Err. N°",IF(AND(D50>499,D50<1141),"Err.N°",IF($I$29=$O$28,"",IF(AND($I$29=$O$29,D50<1000),"N° Flac.",IF(AND($I$29=$O$30,D50>1000),"N° Flac.",((44.66*P50)/M50)))))))))))
A51: =IF(ISBLANK(VLOOKUP(D51,'Volumes flacons'!A5:C623,3)),0,1) -> 1 | B51: =IF(ISBLANK(D51),0,IF(ISBLANK(E51),0,IF(ISBLANK(F51),0,1))) -> 0 | C51: 17 | J51: =IF(ISBLANK(D51),"",IF(VLOOKUP(D51,'Volumes flacons'!$A$5:$C$989,2)=0,"",IF(D51>'Volumes flacons'!$A$989,"Mauvais numéro",IF(D51<'Volumes flacons'!$A$5,"Mauvais numéro",(VLOOKUP(D51,'Volumes flacons'!$A$5:$C$989,3)))))) | K51: =IF(ISBLANK(E51),"",(0.000824493-(0.0000040899*E51)+(0.000000076438*E51^2)-(0.00000000082467*E51^3)+(0.0000000000053875*E51^4))) | L51: =IF(ISBLANK(E51),"",(-0.00000572466+(0.00000010227*E51)-(0.0000000016546*E51^2))) | M51: =IF(ISBLANK(E51),"",IF(ISBLANK(G51),(O51+(K51*35)+(L51*35^1.5)+(0.00000048314*35^2)),(O51+(K51*G51)+(L51*G51^1.5)+(0.00000048314*G51^2)))) | N51: =IF(ISBLANK(D51),"",IF(ISBLANK(G51),J51*(1+0.00001*(35-20)),J51*(1+0.00001*(G51-20)))) | O51: =IF(ISBLANK(E51),"",(0.999842594+(0.00006793952*E51)-(0.00000909529*E51^2)+(0.0000001001685*E51^3)-(0.000000001120083*E51^4)+(0.000000000006536332*E51^5))) | P51: =IF(ISBLANK($R$16),"",IF(A51=0,"",IF(ISBLANK($R$17),"",IF(B51=0,"",IF($O$28=$I$29,"",IF(AND($I$29=$O$29,D51<1000),"N° Flac.",IF(AND($I$29=$O$30,D51>1000),"N° Flac.",IF(AND(D51>1202,D51<2001),"Err. N°",IF(AND(D51>499,D51<1141),"Err.N°",(((((F51)+'Correction de volume'!$G$7)*(($P$21)*($P$19)*5598)/(($R$16)-($R$17)))-(($P$27)*1000))/((N51)-($P$26)))))))))))) | Q51: =IF(ISBLANK($R$16),"",IF(A51=0,"",IF(ISBLANK($R$17),"",IF(AND(D51>1202,D51<2001),"Err. N°",IF(AND(D51>499,D51<1141),"Err.N°",IF(B51=0,"",IF($O$28=$I$29,"",IF(AND($I$29=$O$29,D51<1000),"N° Flac.",IF(AND($I$29=$O$30,D51>1000),"N° Flac.",P51/M51))))))))) | R51: =IF(ISBLANK($R$16),"",IF(A51=0,"",IF(ISBLANK($R$17),"",IF(B51=0,"",IF(ISBLANK(J51),"",IF(AND(D51>1202,D51<2001),"Err. N°",IF(AND(D51>499,D51<1141),"Err.N°",IF($I$29=$O$28,"",IF(AND($I$29=$O$29,D51<1000),"N° Flac.",IF(AND($I$29=$O$30,D51>1000),"N° Flac.",((44.66*P51)))))))))))) | S51: =IF(ISBLANK($R$16),"",IF(A51=0,"",IF(ISBLANK($R$17),"",IF(B51=0,"",IF(ISBLANK(J51),"",IF(AND(D51>1202,D51<2001),"Err. N°",IF(AND(D51>499,D51<1141),"Err.N°",IF($I$29=$O$28,"",IF(AND($I$29=$O$29,D51<1000),"N° Flac.",IF(AND($I$29=$O$30,D51>1000),"N° Flac.",((44.66*P51)/M51)))))))))))
A52: =IF(ISBLANK(VLOOKUP(D52,'Volumes flacons'!A5:C623,3)),0,1) -> 1 | B52: =IF(ISBLANK(D52),0,IF(ISBLANK(E52),0,IF(ISBLANK(F52),0,1))) -> 0 | C52: 18 | J52: =IF(ISBLANK(D52),"",IF(VLOOKUP(D52,'Volumes flacons'!$A$5:$C$989,2)=0,"",IF(D52>'Volumes flacons'!$A$989,"Mauvais numéro",IF(D52<'Volumes flacons'!$A$5,"Mauvais numéro",(VLOOKUP(D52,'Volumes flacons'!$A$5:$C$989,3)))))) | K52: =IF(ISBLANK(E52),"",(0.000824493-(0.0000040899*E52)+(0.000000076438*E52^2)-(0.00000000082467*E52^3)+(0.0000000000053875*E52^4))) | L52: =IF(ISBLANK(E52),"",(-0.00000572466+(0.00000010227*E52)-(0.0000000016546*E52^2))) | M52: =IF(ISBLANK(E52),"",IF(ISBLANK(G52),(O52+(K52*35)+(L52*35^1.5)+(0.00000048314*35^2)),(O52+(K52*G52)+(L52*G52^1.5)+(0.00000048314*G52^2)))) | N52: =IF(ISBLANK(D52),"",IF(ISBLANK(G52),J52*(1+0.00001*(35-20)),J52*(1+0.00001*(G52-20)))) | O52: =IF(ISBLANK(E52),"",(0.999842594+(0.00006793952*E52)-(0.00000909529*E52^2)+(0.0000001001685*E52^3)-(0.000000001120083*E52^4)+(0.000000000006536332*E52^5))) | P52: =IF(ISBLANK($R$16),"",IF(A52=0,"",IF(ISBLANK($R$17),"",IF(B52=0,"",IF($O$28=$I$29,"",IF(AND($I$29=$O$29,D52<1000),"N° Flac.",IF(AND($I$29=$O$30,D52>1000),"N° Flac.",IF(AND(D52>1202,D52<2001),"Err. N°",IF(AND(D52>499,D52<1141),"Err.N°",(((((F52)+'Correction de volume'!$G$7)*(($P$21)*($P$19)*5598)/(($R$16)-($R$17)))-(($P$27)*1000))/((N52)-($P$26)))))))))))) | Q52: =IF(ISBLANK($R$16),"",IF(A52=0,"",IF(ISBLANK($R$17),"",IF(AND(D52>1202,D52<2001),"Err. N°",IF(AND(D52>499,D52<1141),"Err.N°",IF(B52=0,"",IF($O$28=$I$29,"",IF(AND($I$29=$O$29,D52<1000),"N° Flac.",IF(AND($I$29=$O$30,D52>1000),"N° Flac.",P52/M52))))))))) | R52: =IF(ISBLANK($R$16),"",IF(A52=0,"",IF(ISBLANK($R$17),"",IF(B52=0,"",IF(ISBLANK(J52),"",IF(AND(D52>1202,D52<2001),"Err. N°",IF(AND(D52>499,D52<1141),"Err.N°",IF($I$29=$O$28,"",IF(AND($I$29=$O$29,D52<1000),"N° Flac.",IF(AND($I$29=$O$30,D52>1000),"N° Flac.",((44.66*P52)))))))))))) | S52: =IF(ISBLANK($R$16),"",IF(A52=0,"",IF(ISBLANK($R$17),"",IF(B52=0,"",IF(ISBLANK(J52),"",IF(AND(D52>1202,D52<2001),"Err. N°",IF(AND(D52>499,D52<1141),"Err.N°",IF($I$29=$O$28,"",IF(AND($I$29=$O$29,D52<1000),"N° Flac.",IF(AND($I$29=$O$30,D52>1000),"N° Flac.",((44.66*P52)/M52)))))))))))
A53: =IF(ISBLANK(VLOOKUP(D53,'Volumes flacons'!A5:C623,3)),0,1) -> 1 | B53: =IF(ISBLANK(D53),0,IF(ISBLANK(E53),0,IF(ISBLANK(F53),0,1))) -> 0 | C53: 19 | J53: =IF(ISBLANK(D53),"",IF(VLOOKUP(D53,'Volumes flacons'!$A$5:$C$989,2)=0,"",IF(D53>'Volumes flacons'!$A$989,"Mauvais numéro",IF(D53<'Volumes flacons'!$A$5,"Mauvais numéro",(VLOOKUP(D53,'Volumes flacons'!$A$5:$C$989,3)))))) | K53: =IF(ISBLANK(E53),"",(0.000824493-(0.0000040899*E53)+(0.000000076438*E53^2)-(0.00000000082467*E53^3)+(0.0000000000053875*E53^4))) | L53: =IF(ISBLANK(E53),"",(-0.00000572466+(0.00000010227*E53)-(0.0000000016546*E53^2))) | M53: =IF(ISBLANK(E53),"",IF(ISBLANK(G53),(O53+(K53*35)+(L53*35^1.5)+(0.00000048314*35^2)),(O53+(K53*G53)+(L53*G53^1.5)+(0.00000048314*G53^2)))) | N53: =IF(ISBLANK(D53),"",IF(ISBLANK(G53),J53*(1+0.00001*(35-20)),J53*(1+0.00001*(G53-20)))) | O53: =IF(ISBLANK(E53),"",(0.999842594+(0.00006793952*E53)-(0.00000909529*E53^2)+(0.0000001001685*E53^3)-(0.000000001120083*E53^4)+(0.000000000006536332*E53^5))) | P53: =IF(ISBLANK($R$16),"",IF(A53=0,"",IF(ISBLANK($R$17),"",IF(B53=0,"",IF($O$28=$I$29,"",IF(AND($I$29=$O$29,D53<1000),"N° Flac.",IF(AND($I$29=$O$30,D53>1000),"N° Flac.",IF(AND(D53>1202,D53<2001),"Err. N°",IF(AND(D53>499,D53<1141),"Err.N°",(((((F53)+'Correction de volume'!$G$7)*(($P$21)*($P$19)*5598)/(($R$16)-($R$17)))-(($P$27)*1000))/((N53)-($P$26)))))))))))) | Q53: =IF(ISBLANK($R$16),"",IF(A53=0,"",IF(ISBLANK($R$17),"",IF(AND(D53>1202,D53<2001),"Err. N°",IF(AND(D53>499,D53<1141),"Err.N°",IF(B53=0,"",IF($O$28=$I$29,"",IF(AND($I$29=$O$29,D53<1000),"N° Flac.",IF(AND($I$29=$O$30,D53>1000),"N° Flac.",P53/M53))))))))) | R53: =IF(ISBLANK($R$16),"",IF(A53=0,"",IF(ISBLANK($R$17),"",IF(B53=0,"",IF(ISBLANK(J53),"",IF(AND(D53>1202,D53<2001),"Err. N°",IF(AND(D53>499,D53<1141),"Err.N°",IF($I$29=$O$28,"",IF(AND($I$29=$O$29,D53<1000),"N° Flac.",IF(AND($I$29=$O$30,D53>1000),"N° Flac.",((44.66*P53)))))))))))) | S53: =IF(ISBLANK($R$16),"",IF(A53=0,"",IF(ISBLANK($R$17),"",IF(B53=0,"",IF(ISBLANK(J53),"",IF(AND(D53>1202,D53<2001),"Err. N°",IF(AND(D53>499,D53<1141),"Err.N°",IF($I$29=$O$28,"",IF(AND($I$29=$O$29,D53<1000),"N° Flac.",IF(AND($I$29=$O$30,D53>1000),"N° Flac.",((44.66*P53)/M53)))))))))))
A54: =IF(ISBLANK(VLOOKUP(D54,'Volumes flacons'!A5:C623,3)),0,1) -> 1 | B54: =IF(ISBLANK(D54),0,IF(ISBLANK(E54),0,IF(ISBLANK(F54),0,1))) -> 0 | C54: 20 | J54: =IF(ISBLANK(D54),"",IF(VLOOKUP(D54,'Volumes flacons'!$A$5:$C$989,2)=0,"",IF(D54>'Volumes flacons'!$A$989,"Mauvais numéro",IF(D54<'Volumes flacons'!$A$5,"Mauvais numéro",(VLOOKUP(D54,'Volumes flacons'!$A$5:$C$989,3)))))) | K54: =IF(ISBLANK(E54),"",(0.000824493-(0.0000040899*E54)+(0.000000076438*E54^2)-(0.00000000082467*E54^3)+(0.0000000000053875*E54^4))) | L54: =IF(ISBLANK(E54),"",(-0.00000572466+(0.00000010227*E54)-(0.0000000016546*E54^2))) | M54: =IF(ISBLANK(E54),"",IF(ISBLANK(G54),(O54+(K54*35)+(L54*35^1.5)+(0.00000048314*35^2)),(O54+(K54*G54)+(L54*G54^1.5)+(0.00000048314*G54^2)))) | N54: =IF(ISBLANK(D54),"",IF(ISBLANK(G54),J54*(1+0.00001*(35-20)),J54*(1+0.00001*(G54-20)))) | O54: =IF(ISBLANK(E54),"",(0.999842594+(0.00006793952*E54)-(0.00000909529*E54^2)+(0.0000001001685*E54^3)-(0.000000001120083*E54^4)+(0.000000000006536332*E54^5))) | P54: =IF(ISBLANK($R$16),"",IF(A54=0,"",IF(ISBLANK($R$17),"",IF(B54=0,"",IF($O$28=$I$29,"",IF(AND($I$29=$O$29,D54<1000),"N° Flac.",IF(AND($I$29=$O$30,D54>1000),"N° Flac.",IF(AND(D54>1202,D54<2001),"Err. N°",IF(AND(D54>499,D54<1141),"Err.N°",(((((F54)+'Correction de volume'!$G$7)*(($P$21)*($P$19)*5598)/(($R$16)-($R$17)))-(($P$27)*1000))/((N54)-($P$26)))))))))))) | Q54: =IF(ISBLANK($R$16),"",IF(A54=0,"",IF(ISBLANK($R$17),"",IF(AND(D54>1202,D54<2001),"Err. N°",IF(AND(D54>499,D54<1141),"Err.N°",IF(B54=0,"",IF($O$28=$I$29,"",IF(AND($I$29=$O$29,D54<1000),"N° Flac.",IF(AND($I$29=$O$30,D54>1000),"N° Flac.",P54/M54))))))))) | R54: =IF(ISBLANK($R$16),"",IF(A54=0,"",IF(ISBLANK($R$17),"",IF(B54=0,"",IF(ISBLANK(J54),"",IF(AND(D54>1202,D54<2001),"Err. N°",IF(AND(D54>499,D54<1141),"Err.N°",IF($I$29=$O$28,"",IF(AND($I$29=$O$29,D54<1000),"N° Flac.",IF(AND($I$29=$O$30,D54>1000),"N° Flac.",((44.66*P54)))))))))))) | S54: =IF(ISBLANK($R$16),"",IF(A54=0,"",IF(ISBLANK($R$17),"",IF(B54=0,"",IF(ISBLANK(J54),"",IF(AND(D54>1202,D54<2001),"Err. N°",IF(AND(D54>499,D54<1141),"Err.N°",IF($I$29=$O$28,"",IF(AND($I$29=$O$29,D54<1000),"N° Flac.",IF(AND($I$29=$O$30,D54>1000),"N° Flac.",((44.66*P54)/M54)))))))))))
A55: =IF(ISBLANK(VLOOKUP(D55,'Volumes flacons'!A5:C623,3)),0,1) -> 1 | B55: =IF(ISBLANK(D55),0,IF(ISBLANK(E55),0,IF(ISBLANK(F55),0,1))) -> 0 | C55: 21 | J55: =IF(ISBLANK(D55),"",IF(VLOOKUP(D55,'Volumes flacons'!$A$5:$C$989,2)=0,"",IF(D55>'Volumes flacons'!$A$989,"Mauvais numéro",IF(D55<'Volumes flacons'!$A$5,"Mauvais numéro",(VLOOKUP(D55,'Volumes flacons'!$A$5:$C$989,3)))))) | K55: =IF(ISBLANK(E55),"",(0.000824493-(0.0000040899*E55)+(0.000000076438*E55^2)-(0.00000000082467*E55^3)+(0.0000000000053875*E55^4))) | L55: =IF(ISBLANK(E55),"",(-0.00000572466+(0.00000010227*E55)-(0.0000000016546*E55^2))) | M55: =IF(ISBLANK(E55),"",IF(ISBLANK(G55),(O55+(K55*35)+(L55*35^1.5)+(0.00000048314*35^2)),(O55+(K55*G55)+(L55*G55^1.5)+(0.00000048314*G55^2)))) | N55: =IF(ISBLANK(D55),"",IF(ISBLANK(G55),J55*(1+0.00001*(35-20)),J55*(1+0.00001*(G55-20)))) | O55: =IF(ISBLANK(E55),"",(0.999842594+(0.00006793952*E55)-(0.00000909529*E55^2)+(0.0000001001685*E55^3)-(0.000000001120083*E55^4)+(0.000000000006536332*E55^5))) | P55: =IF(ISBLANK($R$16),"",IF(A55=0,"",IF(ISBLANK($R$17),"",IF(B55=0,"",IF($O$28=$I$29,"",IF(AND($I$29=$O$29,D55<1000),"N° Flac.",IF(AND($I$29=$O$30,D55>1000),"N° Flac.",IF(AND(D55>1202,D55<2001),"Err. N°",IF(AND(D55>499,D55<1141),"Err.N°",(((((F55)+'Correction de volume'!$G$7)*(($P$21)*($P$19)*5598)/(($R$16)-($R$17)))-(($P$27)*1000))/((N55)-($P$26)))))))))))) | Q55: =IF(ISBLANK($R$16),"",IF(A55=0,"",IF(ISBLANK($R$17),"",IF(AND(D55>1202,D55<2001),"Err. N°",IF(AND(D55>499,D55<1141),"Err.N°",IF(B55=0,"",IF($O$28=$I$29,"",IF(AND($I$29=$O$29,D55<1000),"N° Flac.",IF(AND($I$29=$O$30,D55>1000),"N° Flac.",P55/M55))))))))) | R55: =IF(ISBLANK($R$16),"",IF(A55=0,"",IF(ISBLANK($R$17),"",IF(B55=0,"",IF(ISBLANK(J55),"",IF(AND(D55>1202,D55<2001),"Err. N°",IF(AND(D55>499,D55<1141),"Err.N°",IF($I$29=$O$28,"",IF(AND($I$29=$O$29,D55<1000),"N° Flac.",IF(AND($I$29=$O$30,D55>1000),"N° Flac.",((44.66*P55)))))))))))) | S55: =IF(ISBLANK($R$16),"",IF(A55=0,"",IF(ISBLANK($R$17),"",IF(B55=0,"",IF(ISBLANK(J55),"",IF(AND(D55>1202,D55<2001),"Err. N°",IF(AND(D55>499,D55<1141),"Err.N°",IF($I$29=$O$28,"",IF(AND($I$29=$O$29,D55<1000),"N° Flac.",IF(AND($I$29=$O$30,D55>1000),"N° Flac.",((44.66*P55)/M55)))))))))))
A56: =IF(ISBLANK(VLOOKUP(D56,'Volumes flacons'!A5:C623,3)),0,1) -> 1 | B56: =IF(ISBLANK(D56),0,IF(ISBLANK(E56),0,IF(ISBLANK(F56),0,1))) -> 0 | C56: 22 | J56: =IF(ISBLANK(D56),"",IF(VLOOKUP(D56,'Volumes flacons'!$A$5:$C$989,2)=0,"",IF(D56>'Volumes flacons'!$A$989,"Mauvais numéro",IF(D56<'Volumes flacons'!$A$5,"Mauvais numéro",(VLOOKUP(D56,'Volumes flacons'!$A$5:$C$989,3)))))) | K56: =IF(ISBLANK(E56),"",(0.000824493-(0.0000040899*E56)+(0.000000076438*E56^2)-(0.00000000082467*E56^3)+(0.0000000000053875*E56^4))) | L56: =IF(ISBLANK(E56),"",(-0.00000572466+(0.00000010227*E56)-(0.0000000016546*E56^2))) | M56: =IF(ISBLANK(E56),"",IF(ISBLANK(G56),(O56+(K56*35)+(L56*35^1.5)+(0.00000048314*35^2)),(O56+(K56*G56)+(L56*G56^1.5)+(0.00000048314*G56^2)))) | N56: =IF(ISBLANK(D56),"",IF(ISBLANK(G56),J56*(1+0.00001*(35-20)),J56*(1+0.00001*(G56-20)))) | O56: =IF(ISBLANK(E56),"",(0.999842594+(0.00006793952*E56)-(0.00000909529*E56^2)+(0.0000001001685*E56^3)-(0.000000001120083*E56^4)+(0.000000000006536332*E56^5))) | P56: =IF(ISBLANK($R$16),"",IF(A56=0,"",IF(ISBLANK($R$17),"",IF(B56=0,"",IF($O$28=$I$29,"",IF(AND($I$29=$O$29,D56<1000),"N° Flac.",IF(AND($I$29=$O$30,D56>1000),"N° Flac.",IF(AND(D56>1202,D56<2001),"Err. N°",IF(AND(D56>499,D56<1141),"Err.N°",(((((F56)+'Correction de volume'!$G$7)*(($P$21)*($P$19)*5598)/(($R$16)-($R$17)))-(($P$27)*1000))/((N56)-($P$26)))))))))))) | Q56: =IF(ISBLANK($R$16),"",IF(A56=0,"",IF(ISBLANK($R$17),"",IF(AND(D56>1202,D56<2001),"Err. N°",IF(AND(D56>499,D56<1141),"Err.N°",IF(B56=0,"",IF($O$28=$I$29,"",IF(AND($I$29=$O$29,D56<1000),"N° Flac.",IF(AND($I$29=$O$30,D56>1000),"N° Flac.",P56/M56))))))))) | R56: =IF(ISBLANK($R$16),"",IF(A56=0,"",IF(ISBLANK($R$17),"",IF(B56=0,"",IF(ISBLANK(J56),"",IF(AND(D56>1202,D56<2001),"Err. N°",IF(AND(D56>499,D56<1141),"Err.N°",IF($I$29=$O$28,"",IF(AND($I$29=$O$29,D56<1000),"N° Flac.",IF(AND($I$29=$O$30,D56>1000),"N° Flac.",((44.66*P56)))))))))))) | S56: =IF(ISBLANK($R$16),"",IF(A56=0,"",IF(ISBLANK($R$17),"",IF(B56=0,"",IF(ISBLANK(J56),"",IF(AND(D56>1202,D56<2001),"Err. N°",IF(AND(D56>499,D56<1141),"Err.N°",IF($I$29=$O$28,"",IF(AND($I$29=$O$29,D56<1000),"N° Flac.",IF(AND($I$29=$O$30,D56>1000),"N° Flac.",((44.66*P56)/M56)))))))))))
A57: =IF(ISBLANK(VLOOKUP(D57,'Volumes flacons'!A5:C623,3)),0,1) -> 1 | B57: =IF(ISBLANK(D57),0,IF(ISBLANK(E57),0,IF(ISBLANK(F57),0,1))) -> 0 | C57: 23 | J57: =IF(ISBLANK(D57),"",IF(VLOOKUP(D57,'Volumes flacons'!$A$5:$C$989,2)=0,"",IF(D57>'Volumes flacons'!$A$989,"Mauvais numéro",IF(D57<'Volumes flacons'!$A$5,"Mauvais numéro",(VLOOKUP(D57,'Volumes flacons'!$A$5:$C$989,3)))))) | K57: =IF(ISBLANK(E57),"",(0.000824493-(0.0000040899*E57)+(0.000000076438*E57^2)-(0.00000000082467*E57^3)+(0.0000000000053875*E57^4))) | L57: =IF(ISBLANK(E57),"",(-0.00000572466+(0.00000010227*E57)-(0.0000000016546*E57^2))) | M57: =IF(ISBLANK(E57),"",IF(ISBLANK(G57),(O57+(K57*35)+(L57*35^1.5)+(0.00000048314*35^2)),(O57+(K57*G57)+(L57*G57^1.5)+(0.00000048314*G57^2)))) | N57: =IF(ISBLANK(D57),"",IF(ISBLANK(G57),J57*(1+0.00001*(35-20)),J57*(1+0.00001*(G57-20)))) | O57: =IF(ISBLANK(E57),"",(0.999842594+(0.00006793952*E57)-(0.00000909529*E57^2)+(0.0000001001685*E57^3)-(0.000000001120083*E57^4)+(0.000000000006536332*E57^5))) | P57: =IF(ISBLANK($R$16),"",IF(A57=0,"",IF(ISBLANK($R$17),"",IF(B57=0,"",IF($O$28=$I$29,"",IF(AND($I$29=$O$29,D57<1000),"N° Flac.",IF(AND($I$29=$O$30,D57>1000),"N° Flac.",IF(AND(D57>1202,D57<2001),"Err. N°",IF(AND(D57>499,D57<1141),"Err.N°",(((((F57)+'Correction de volume'!$G$7)*(($P$21)*($P$19)*5598)/(($R$16)-($R$17)))-(($P$27)*1000))/((N57)-($P$26)))))))))))) | Q57: =IF(ISBLANK($R$16),"",IF(A57=0,"",IF(ISBLANK($R$17),"",IF(AND(D57>1202,D57<2001),"Err. N°",IF(AND(D57>499,D57<1141),"Err.N°",IF(B57=0,"",IF($O$28=$I$29,"",IF(AND($I$29=$O$29,D57<1000),"N° Flac.",IF(AND($I$29=$O$30,D57>1000),"N° Flac.",P57/M57))))))))) | R57: =IF(ISBLANK($R$16),"",IF(A57=0,"",IF(ISBLANK($R$17),"",IF(B57=0,"",IF(ISBLANK(J57),"",IF(AND(D57>1202,D57<2001),"Err. N°",IF(AND(D57>499,D57<1141),"Err.N°",IF($I$29=$O$28,"",IF(AND($I$29=$O$29,D57<1000),"N° Flac.",IF(AND($I$29=$O$30,D57>1000),"N° Flac.",((44.66*P57)))))))))))) | S57: =IF(ISBLANK($R$16),"",IF(A57=0,"",IF(ISBLANK($R$17),"",IF(B57=0,"",IF(ISBLANK(J57),"",IF(AND(D57>1202,D57<2001),"Err. N°",IF(AND(D57>499,D57<1141),"Err.N°",IF($I$29=$O$28,"",IF(AND($I$29=$O$29,D57<1000),"N° Flac.",IF(AND($I$29=$O$30,D57>1000),"N° Flac.",((44.66*P57)/M57)))))))))))
A58: =IF(ISBLANK(VLOOKUP(D58,'Volumes flacons'!A5:C623,3)),0,1) -> 1 | B58: =IF(ISBLANK(D58),0,IF(ISBLANK(E58),0,IF(ISBLANK(F58),0,1))) -> 0 | C58: 24 | J58: =IF(ISBLANK(D58),"",IF(VLOOKUP(D58,'Volumes flacons'!$A$5:$C$989,2)=0,"",IF(D58>'Volumes flacons'!$A$989,"Mauvais numéro",IF(D58<'Volumes flacons'!$A$5,"Mauvais numéro",(VLOOKUP(D58,'Volumes flacons'!$A$5:$C$989,3)))))) | K58: =IF(ISBLANK(E58),"",(0.000824493-(0.0000040899*E58)+(0.000000076438*E58^2)-(0.00000000082467*E58^3)+(0.0000000000053875*E58^4))) | L58: =IF(ISBLANK(E58),"",(-0.00000572466+(0.00000010227*E58)-(0.0000000016546*E58^2))) | M58: =IF(ISBLANK(E58),"",IF(ISBLANK(G58),(O58+(K58*35)+(L58*35^1.5)+(0.00000048314*35^2)),(O58+(K58*G58)+(L58*G58^1.5)+(0.00000048314*G58^2)))) | N58: =IF(ISBLANK(D58),"",IF(ISBLANK(G58),J58*(1+0.00001*(35-20)),J58*(1+0.00001*(G58-20)))) | O58: =IF(ISBLANK(E58),"",(0.999842594+(0.00006793952*E58)-(0.00000909529*E58^2)+(0.0000001001685*E58^3)-(0.000000001120083*E58^4)+(0.000000000006536332*E58^5))) | P58: =IF(ISBLANK($R$16),"",IF(A58=0,"",IF(ISBLANK($R$17),"",IF(B58=0,"",IF($O$28=$I$29,"",IF(AND($I$29=$O$29,D58<1000),"N° Flac.",IF(AND($I$29=$O$30,D58>1000),"N° Flac.",IF(AND(D58>1202,D58<2001),"Err. N°",IF(AND(D58>499,D58<1141),"Err.N°",(((((F58)+'Correction de volume'!$G$7)*(($P$21)*($P$19)*5598)/(($R$16)-($R$17)))-(($P$27)*1000))/((N58)-($P$26)))))))))))) | Q58: =IF(ISBLANK($R$16),"",IF(A58=0,"",IF(ISBLANK($R$17),"",IF(AND(D58>1202,D58<2001),"Err. N°",IF(AND(D58>499,D58<1141),"Err.N°",IF(B58=0,"",IF($O$28=$I$29,"",IF(AND($I$29=$O$29,D58<1000),"N° Flac.",IF(AND($I$29=$O$30,D58>1000),"N° Flac.",P58/M58))))))))) | R58: =IF(ISBLANK($R$16),"",IF(A58=0,"",IF(ISBLANK($R$17),"",IF(B58=0,"",IF(ISBLANK(J58),"",IF(AND(D58>1202,D58<2001),"Err. N°",IF(AND(D58>499,D58<1141),"Err.N°",IF($I$29=$O$28,"",IF(AND($I$29=$O$29,D58<1000),"N° Flac.",IF(AND($I$29=$O$30,D58>1000),"N° Flac.",((44.66*P58)))))))))))) | S58: =IF(ISBLANK($R$16),"",IF(A58=0,"",IF(ISBLANK($R$17),"",IF(B58=0,"",IF(ISBLANK(J58),"",IF(AND(D58>1202,D58<2001),"Err. N°",IF(AND(D58>499,D58<1141),"Err.N°",IF($I$29=$O$28,"",IF(AND($I$29=$O$29,D58<1000),"N° Flac.",IF(AND($I$29=$O$30,D58>1000),"N° Flac.",((44.66*P58)/M58)))))))))))
C62: Profils des mesures en profondeur
U67: salinité
U68: =AVERAGE(G35:G38,G40:G41,G43:G45) -> 34.960444
U69: =STDEV(G35:G38,G40:G41,G43:G45) -> 0.00072648316
U71: 0 | V71: =U68-(2*$U$69) -> 34.958991 | W71: =U68 -> 34.960444 | X71: =U68+(2*$U$69) -> 34.961897
U72: 12 | V72: =U68-(2*$U$69) -> 34.958991 | W72: =U68 -> 34.960444 | X72: =U68+(2*$U$69) -> 34.961897
U74: oxygène
U75: µmol/kg | V75: ml/l
U76: =AVERAGE(S35:S38,S40:S41,S43:S45) -> 237.0386 | V76: =AVERAGE(P35:P38,P40:P41,P43:P45) -> 5.4525298
U77: =STDEV(S35:S38,S40:S41,S43:S45) -> 0.45817667 | V77: =STDEV(P35:P38,P40:P41,P43:P45) -> 0.010096659
U79: 0 | V79: =W79-(2*U77) -> 236.12225 | W79: =U76 -> 237.0386 | X79: =U76+(2*U77) -> 237.95496
U80: 12 | V80: =U76-(2*U77) -> 236.12225 | W80: =U76 -> 237.0386 | X80: =U76+(2*U77) -> 237.95496

Sheet Station 002
C2: Campagne : | F2: PIRATA Fr27
C4: Données de campagne
C6: N° de station : | F6: 2 | H6: N° de palanquée : | P6: 1 | R6: Date d'analyse : | T6: 41334
G8: Position | I8: Degrés | J8: Minutes | P8: Cardinal | Q8: Décimale
G9: Latitude | I9: 2 | J9: 0 | K9: : | L9: =IF(P9=M9,"+","-") -> + | M9: N | N9: E | O9: =IF(ISBLANK(I9),"",IF(ISBLANK(J9),"",IF(P9=M10,L9&N11,N11))) -> 2°0 | P9: N | Q9: =IF(ISBLANK(I9),"",IF(ISBLANK(J9),"",IF(J9>60,"ERREUR !!",O11*(I9+(J9/60))))) -> 2
G10: Longitude | I10: 23 | J10: 0 | K10: : | L10: =IF(P10=N9,"+","-") -> - | M10: S | N10: W | O10: =IF(ISBLANK(I10),"",IF(ISBLANK(J10),"",IF(P10=N10,L10&N12,N12))) -> -23°0 | P10: W | Q10: =IF(ISBLANK(I10),"",IF(ISBLANK(J10),"",IF(J10>60,"ERREUR !!",O12*(I10+(J10/60))))) -> -23
G11: Prélèvement | I11: Date | J11: 41334 | N11: =I9&"°"&J9 -> 2°0 | O11: =IF(P9=M10,-1,1) -> 1 | P11: =TEXT(J11,"aaaa-mm-jj")&"T"&TEXT(J12,"hh:mm:ss")&"z" -> 2017-03-02T00:02:00z
I12: Heure | J12: 0.0013888889 | N12: =I10&"°"&J10 -> 23°0 | O12: =IF(P10=N10,-1,1) -> -1
C13: Données :
C14: Température du laboratoire à la calibration ( t°c ) | Q14: t°c = | R14: 21.5 | S14: °C
C15: Température du laboratoire au début de la série d'analyses | Q15: t°lab = | R15: 21.2 | S15: °C
C16: Volume moyen de thiosulfate pour la titration à t°c | Q16: Vmoy.titr.t°c = | R16: 4.9894 | S16: mL
C17: Volume moyen de thiosulfate pour la détermination du blanc à t°c | Q17: Vmoy.titr.blanc.t°c = | R17: 0.005 | S17: mL
C18: Masse volumique de l'eau pure à la calibration | O18: ρ = | P18: =(0.999842594+(0.00006793952*$R$14)-(0.00000909529*$R$14^2)+(0.0000001001685*$R$14^3)-(0.000000001120083*$R$14^4)+(0.000000000006536332*$R$14^5)) -> 0.9978852 | U18: 4.973
C19: Normalite de l'iodate (NIO3) à la température de calibration | O19: N(IO3) = | P19: =$P$24*($P$18/'Titre d''iodate'!E19) -> 0.020045304 | Q19: N
C20: Vol. de la prise d'essai d'iodate (VIO3) à 20°C | O20: V(IO3)20°C = | P20: =5+'Correction de volume'!G8 -> 5.00309 | Q20: mL
C21: Vol. de la prise d'essai d'iodate (VIO3) à t°c | O21: V(IO3)t°c= | P21: =P20*(1+0.00001*(R14-20)) -> 5.003165 | Q21: mL
C22: Volume moyen de thiosulfate pour la titration à 20° C | O22: Vmoy.titr.20°C = | P22: =$R$16*(1+0.00001*(20-$R$14)) -> 4.9893252 | Q22: mL
C23: Volume moyen de thiosulfate pour la détermination du blanc à 20° C | O23: Vmoy.titr.blanc.20°C = | P23: =$R$17*(1+0.00001*(20-$R$14)) -> 0.004999925 | Q23: mL
C24: Normalite de l'iodate (NIO3) à 20°C | O24: N(IO3)20°C = | P24: =MAX('Titre d''iodate'!F7:F10) -> 0.020051755 | Q24: N
C25: Titre du thiosulfate à 20°C | O25: V(Thio)20°C = | P25: =IF(ISBLANK(R14),"",IF(ISBLANK(P21),"",IF(ISBLANK(R17),"",(($P$24*$P$18)/($P$22-$P$23))))) -> 0.004014455 | Q25: N
C26: Volume de réactif utilisé | O26: Vreg = | P26: =2+('Correction de volume'!G10+'Correction de volume'!G9) -> 2.016394 | Q26: mL
O27: DOreg = | P27: 0.0017
E29: Choix de la série de flacons : | I29: IRD | O29: IRD
O30: LPO
C31: N° | D31: N° des Flacons | E31: T° prélèv. | F31: Volume de thio. | G31: Salinité | H31: Prof. Théorique | I31: Prof. Effective | J31: V. flacons 20°C | K31: A | L31: B | M31: Densité eau de mer à t° | N31: Vol. à t° prél. des flacons | O31: Densité eau pure à t° | P31: Oxygène dissous | T31: NO2 | V31: NO3 + NO2 | X31: NO3 | Z31: Phosphate | AB31: Silicate | AD31: chlorophyll-c3 | AE31: chlorophyll-c1+c2 | AF31: peridinin | AG31: 19'-butanoyloxyfucoxanthin | AH31: fucoxanthine | AI31: neoxanthin | AJ31: prasinoxanthin | AK31: violaxanthin | AL31: 19'-hexanoyloxyfucoxanthin | AM31: diadinoxanthin | AN31: alloxanthin | AO31: diatoxanthin | AP31: zeaxanthin | AQ31: lutein | AR31: divinyl chlorophyll-b | AS31: chlorophyll-b | AT31: total chlorophyll-b | AU31: alpha-carotene | AV31: beta-carotene | AW31: pheophorbide | AX31: divinyl chlorophyll-a | AY31: chlorophyll-a | AZ31: total chlorophyll-a | BA31: pheophytin_a | BB31: crocoxanthin
C33: BTL | E33: °C | F33: ml | H33: m | I33: m | J33: ml | P33: DOX1 | R33: DOXY | S33: DOX2 | T33: NTRI | U33: NTIW | V33: NTRZ | W33: NTZW | X33: NTRA | Y33: NTAW | Z33: PHOS | AA33: PHOW | AB33: SLCA | AC33: SLCW | AD33: CHC3 | AE33: CHCZ | AF33: PERP | AG33: BFUP | AH33: FUCP | AI33: NXAP | AJ33: PXAP | AK33: VXAP | AL33: HFUP | AM33: DXAP | AN33: AXAP | AO33: TXAP | AP33: ZXAP | AQ33: LUTP | AR33: CHBD | AS33: CH2P | AT33: CHLB | AU33: AACP | AV33: BBCP | AW33: PHEP | AX33: CHAD | AY33: CH1P | AZ33: CPHL | BA33: PHEA | BB33: CXAP
N34: mL | P34: ml/l | Q34: ml/kg | R34: µmol/l | S34: µmol/kg | T34: µmol/l | U34: µmol/kg | V34: µmol/l | W34: µmol/kg | X34: µmol/l | Y34: µmol/kg | Z34: µmol/l | AA34: µmol/kg | AB34: µmol/l | AC34: µmol/kg | AD34: µg.l-1 | AE34: µg.l-1 | AF34: µg.l-1 | AG34: µg.l-1 | AH34: µg.l-1 | AI34: µg.l-1 | AJ34: µg.l-1 | AK34: µg.l-1 | AL34: µg.l-1 | AM34: µg.l-1 | AN34: µg.l-1 | AO34: µg.l-1 | AP34: µg.l-1 | AQ34: µg.l-1 | AR34: µg.l-1 | AS34: µg.l-1 | AT34: µg.l-1 | AU34: µg.l-1 | AV34: µg.l-1 | AW34: µg.l-1 | AX34: µg.l-1 | AY34: µg.l-1 | AZ34: µg.l-1 | BA34: µg.l-1 | BB34: µg.l-1
A35: =IF(ISBLANK(VLOOKUP(D35,'Volumes flacons'!A5:C623,3)),0,1) -> 1 | B35: =IF(ISBLANK(D35),0,IF(ISBLANK(E35),0,IF(ISBLANK(F35),0,1))) -> 1 | C35: 1 | D35: 2002 | E35: 9.8 | F35: 5.403 | G35: 34.961 | H35: 2000 | I35: 2020.8 | J35: =IF(ISBLANK(D35),"",IF(VLOOKUP(D35,'Volumes flacons'!$A$5:$C$978,2)=0,"",IF(D35>'Volumes flacons'!$A$978,"Mauvais numéro",IF(D35<'Volumes flacons'!$A$5,"Mauvais numéro",(VLOOKUP(D35,'Volumes flacons'!$A$5:$C$978,3)))))) -> 108.59 | K35: =IF(ISBLANK(E35),"",(0.000824493-(0.0000040899*E35)+(0.000000076438*E35^2)-(0.00000000082467*E35^3)+(0.0000000000053875*E35^4))) -> 0.00079102661 | L35: =IF(ISBLANK(E35),"",(-0.00000572466+(0.00000010227*E35)-(0.0000000016546*E35^2))) -> -4.8813218e-06 | M35: =IF(ISBLANK(E35),"",IF(ISBLANK(G35),(O35+(K35*35)+(L35*35^1.5)+(0.00000048314*35^2)),(O35+(K35*G35)+(L35*G35^1.5)+(0.00000048314*G35^2)))) -> 1.026956 | N35: =IF(ISBLANK(D35),"",IF(ISBLANK(G35),J35*(1+0.00001*(35-20)),J35*(1+0.00001*(G35-20)))) -> 108.60625 | O35: =IF(ISBLANK(E35),"",(0.999842594+(0.00006793952*E35)-(0.00000909529*E35^2)+(0.0000001001685*E35^3)-(0.000000001120083*E35^4)+(0.000000000006536332*E35^5))) -> 0.99971943 | P35: =IF(ISBLANK($R$16),"",IF(A35=0,"",IF(ISBLANK($R$17),"",IF(B35=0,"",IF($O$28=$I$29,"",IF(AND($I$29=$O$29,D35<1000),"N° Flac.",IF(AND($I$29=$O$30,D35>1000),"N° Flac.",IF(AND(D35>1202,D35<2001),"Err. N°",IF(AND(D35>499,D35<1141),"Err.N°",(((((F35)+'Correction de volume'!$G$7)*(($P$21)*($P$19)*5598)/(($R$16)-($R$17)))-(($P$27)*1000))/((N35)-($P$26)))))))))))) -> 5.6933731 | Q35: =IF(ISBLANK($R$16),"",IF(A35=0,"",IF(ISBLANK($R$17),"",IF(AND(D35>1202,D35<2001),"Err. N°",IF(AND(D35>499,D35<1141),"Err.N°",IF(B35=0,"",IF($O$28=$I$29,"",IF(AND($I$29=$O$29,D35<1000),"N° Flac.",IF(AND($I$29=$O$30,D35>1000),"N° Flac.",P35/M35))))))))) -> 5.543931 | R35: =IF(ISBLANK($R$16),"",IF(A35=0,"",IF(ISBLANK($R$17),"",IF(B35=0,"",IF(ISBLANK(J35),"",IF(AND(D35>1202,D35<2001),"Err. N°",IF(AND(D35>499,D35<1141),"Err.N°",IF($I$29=$O$28,"",IF(AND($I$29=$O$29,D35<1000),"N° Flac.",IF(AND($I$29=$O$30,D35>1000),"N° Flac.",((44.66*P35)))))))))))) -> 254.26604 | S35: =IF(ISBLANK($R$16),"",IF(A35=0,"",IF(ISBLANK($R$17),"",IF(B35=0,"",IF(ISBLANK(J35),"",IF(AND(D35>1202,D35<2001),"Err. N°",IF(AND(D35>499,D35<1141),"Err.N°",IF($I$29=$O$28,"",IF(AND($I$29=$O$29,D35<1000),"N° Flac.",IF(AND($I$29=$O$30,D35>1000),"N° Flac.",((44.66*P35)/M35))))))))))) -> 247.59196
A36: =IF(ISBLANK(VLOOKUP(D36,'Volumes flacons'!A5:C623,3)),0,1) -> 1 | B36: =IF(ISBLANK(D36),0,IF(ISBLANK(E36),0,IF(ISBLANK(F36),0,1))) -> 1 | C36: 2 | D36: 2004 | E36: 9.5 | F36: 5.502 | G36: 34.961 | H36: 2000 | I36: 2020.8 | J36: =IF(ISBLANK(D36),"",IF(VLOOKUP(D36,'Volumes flacons'!$A$5:$C$978,2)=0,"",IF(D36>'Volumes flacons'!$A$978,"Mauvais numéro",IF(D36<'Volumes flacons'!$A$5,"Mauvais numéro",(VLOOKUP(D36,'Volumes flacons'!$A$5:$C$978,3)))))) -> 110.33 | K36: =IF(ISBLANK(E36),"",(0.000824493-(0.0000040899*E36)+(0.000000076438*E36^2)-(0.00000000082467*E36^3)+(0.0000000000053875*E36^4))) -> 0.00079187431 | L36: =IF(ISBLANK(E36),"",(-0.00000572466+(0.00000010227*E36)-(0.0000000016546*E36^2))) -> -4.9024226e-06 | M36: =IF(ISBLANK(E36),"",IF(ISBLANK(G36),(O36+(K36*35)+(L36*35^1.5)+(0.00000048314*35^2)),(O36+(K36*G36)+(L36*G36^1.5)+(0.00000048314*G36^2)))) -> 1.0270063 | N36: =IF(ISBLANK(D36),"",IF(ISBLANK(G36),J36*(1+0.00001*(35-20)),J36*(1+0.00001*(G36-20)))) -> 110.34651 | O36: =IF(ISBLANK(E36),"",(0.999842594+(0.00006793952*E36)-(0.00000909529*E36^2)+(0.0000001001685*E36^3)-(0.000000001120083*E36^4)+(0.000000000006536332*E36^5))) -> 0.99974443 | P36: =IF(ISBLANK($R$16),"",IF(A36=0,"",IF(ISBLANK($R$17),"",IF(B36=0,"",IF($O$28=$I$29,"",IF(AND($I$29=$O$29,D36<1000),"N° Flac.",IF(AND($I$29=$O$30,D36>1000),"N° Flac.",IF(AND(D36>1202,D36<2001),"Err. N°",IF(AND(D36>499,D36<1141),"Err.N°",(((((F36)+'Correction de volume'!$G$7)*(($P$21)*($P$19)*5598)/(($R$16)-($R$17)))-(($P$27)*1000))/((N36)-($P$26)))))))))))) -> 5.7048475 | Q36: =IF(ISBLANK($R$16),"",IF(A36=0,"",IF(ISBLANK($R$17),"",IF(AND(D36>1202,D36<2001),"Err. N°",IF(AND(D36>499,D36<1141),"Err.N°",IF(B36=0,"",IF($O$28=$I$29,"",IF(AND($I$29=$O$29,D36<1000),"N° Flac.",IF(AND($I$29=$O$30,D36>1000),"N° Flac.",P36/M36))))))))) -> 5.5548322 | R36: =IF(ISBLANK($R$16),"",IF(A36=0,"",IF(ISBLANK($R$17),"",IF(B36=0,"",IF(ISBLANK(J36),"",IF(AND(D36>1202,D36<2001),"Err. N°",IF(AND(D36>499,D36<1141),"Err.N°",IF($I$29=$O$28,"",IF(AND($I$29=$O$29,D36<1000),"N° Flac.",IF(AND($I$29=$O$30,D36>1000),"N° Flac.",((44.66*P36)))))))))))) -> 254.77849 | S36: =IF(ISBLANK($R$16),"",IF(A36=0,"",IF(ISBLANK($R$17),"",IF(B36=0,"",IF(ISBLANK(J36),"",IF(AND(D36>1202,D36<2001),"Err. N°",IF(AND(D36>499,D36<1141),"Err.N°",IF($I$29=$O$28,"",IF(AND($I$29=$O$29,D36<1000),"N° Flac.",IF(AND($I$29=$O$30,D36>1000),"N° Flac.",((44.66*P36)/M36))))))))))) -> 248.0788
A37: =IF(ISBLANK(VLOOKUP(D37,'Volumes flacons'!A5:C623,3)),0,1) -> 1 | B37: =IF(ISBLANK(D37),0,IF(ISBLANK(E37),0,IF(ISBLANK(F37),0,1))) -> 1 | C37: 3 | D37: 2005 | E37: 10.6 | F37: 3.537 | G37: 34.665 | H37: 1000 | I37: 1009 | J37: =IF(ISBLANK(D37),"",IF(VLOOKUP(D37,'Volumes flacons'!$A$5:$C$978,2)=0,"",IF(D37>'Volumes flacons'!$A$978,"Mauvais numéro",IF(D37<'Volumes flacons'!$A$5,"Mauvais numéro",(VLOOKUP(D37,'Volumes flacons'!$A$5:$C$978,3)))))) -> 110.8 | K37: =IF(ISBLANK(E37),"",(0.000824493-(0.0000040899*E37)+(0.000000076438*E37^2)-(0.00000000082467*E37^3)+(0.0000000000053875*E37^4))) -> 0.00078881445 | L37: =IF(ISBLANK(E37),"",(-0.00000572466+(0.00000010227*E37)-(0.0000000016546*E37^2))) -> -4.8265089e-06 | M37: =IF(ISBLANK(E37),"",IF(ISBLANK(G37),(O37+(K37*35)+(L37*35^1.5)+(0.00000048314*35^2)),(O37+(K37*G37)+(L37*G37^1.5)+(0.00000048314*G37^2)))) -> 1.0265866 | N37: =IF(ISBLANK(D37),"",IF(ISBLANK(G37),J37*(1+0.00001*(35-20)),J37*(1+0.00001*(G37-20)))) -> 110.81625 | O37: =IF(ISBLANK(E37),"",(0.999842594+(0.00006793952*E37)-(0.00000909529*E37^2)+(0.0000001001685*E37^3)-(0.000000001120083*E37^4)+(0.000000000006536332*E37^5))) -> 0.99964684 | P37: =IF(ISBLANK($R$16),"",IF(A37=0,"",IF(ISBLANK($R$17),"",IF(B37=0,"",IF($O$28=$I$29,"",IF(AND($I$29=$O$29,D37<1000),"N° Flac.",IF(AND($I$29=$O$30,D37>1000),"N° Flac.",IF(AND(D37>1202,D37<2001),"Err. N°",IF(AND(D37>499,D37<1141),"Err.N°",(((((F37)+'Correction de volume'!$G$7)*(($P$21)*($P$19)*5598)/(($R$16)-($R$17)))-(($P$27)*1000))/((N37)-($P$26)))))))))))) -> 3.6459321 | Q37: =IF(ISBLANK($R$16),"",IF(A37=0,"",IF(ISBLANK($R$17),"",IF(AND(D37>1202,D37<2001),"Err. N°",IF(AND(D37>499,D37<1141),"Err.N°",IF(B37=0,"",IF($O$28=$I$29,"",IF(AND($I$29=$O$29,D37<1000),"N° Flac.",IF(AND($I$29=$O$30,D37>1000),"N° Flac.",P37/M37))))))))) -> 3.5515096 | R37: =IF(ISBLANK($R$16),"",IF(A37=0,"",IF(ISBLANK($R$17),"",IF(B37=0,"",IF(ISBLANK(J37),"",IF(AND(D37>1202,D37<2001),"Err. N°",IF(AND(D37>499,D37<1141),"Err.N°",IF($I$29=$O$28,"",IF(AND($I$29=$O$29,D37<1000),"N° Flac.",IF(AND($I$29=$O$30,D37>1000),"N° Flac.",((44.66*P37)))))))))))) -> 162.82733 | S37: =IF(ISBLANK($R$16),"",IF(A37=0,"",IF(ISBLANK($R$17),"",IF(B37=0,"",IF(ISBLANK(J37),"",IF(AND(D37>1202,D37<2001),"Err. N°",IF(AND(D37>499,D37<1141),"Err.N°",IF($I$29=$O$28,"",IF(AND($I$29=$O$29,D37<1000),"N° Flac.",IF(AND($I$29=$O$30,D37>1000),"N° Flac.",((44.66*P37)/M37))))))))))) -> 158.61042
A38: =IF(ISBLANK(VLOOKUP(D38,'Volumes flacons'!A5:C623,3)),0,1) -> 1 | B38: =IF(ISBLANK(D38),0,IF(ISBLANK(E38),0,IF(ISBLANK(F38),0,1))) -> 1 | C38: 4 | D38: 2006 | E38: 12.3 | F38: 2.586 | G38: 34.656 | H38: 500 | I38: 505 | J38: =IF(ISBLANK(D38),"",IF(VLOOKUP(D38,'Volumes flacons'!$A$5:$C$978,2)=0,"",IF(D38>'Volumes flacons'!$A$978,"Mauvais numéro",IF(D38<'Volumes flacons'!$A$5,"Mauvais numéro",(VLOOKUP(D38,'Volumes flacons'!$A$5:$C$978,3)))))) -> 108.87 | K38: =IF(ISBLANK(E38),"",(0.000824493-(0.0000040899*E38)+(0.000000076438*E38^2)-(0.00000000082467*E38^3)+(0.0000000000053875*E38^4))) -> 0.00078434025 | L38: =IF(ISBLANK(E38),"",(-0.00000572466+(0.00000010227*E38)-(0.0000000016546*E38^2))) -> -4.7170634e-06 | M38: =IF(ISBLANK(E38),"",IF(ISBLANK(G38),(O38+(K38*35)+(L38*35^1.5)+(0.00000048314*35^2)),(O38+(K38*G38)+(L38*G38^1.5)+(0.00000048314*G38^2)))) -> 1.0262648 | N38: =IF(ISBLANK(D38),"",IF(ISBLANK(G38),J38*(1+0.00001*(35-20)),J38*(1+0.00001*(G38-20)))) -> 108.88596 | O38: =IF(ISBLANK(E38),"",(0.999842594+(0.00006793952*E38)-(0.00000909529*E38^2)+(0.0000001001685*E38^3)-(0.000000001120083*E38^4)+(0.000000000006536332*E38^5))) -> 0.99946483 | P38: =IF(ISBLANK($R$16),"",IF(A38=0,"",IF(ISBLANK($R$17),"",IF(B38=0,"",IF($O$28=$I$29,"",IF(AND($I$29=$O$29,D38<1000),"N° Flac.",IF(AND($I$29=$O$30,D38>1000),"N° Flac.",IF(AND(D38>1202,D38<2001),"Err. N°",IF(AND(D38>499,D38<1141),"Err.N°",(((((F38)+'Correction de volume'!$G$7)*(($P$21)*($P$19)*5598)/(($R$16)-($R$17)))-(($P$27)*1000))/((N38)-($P$26)))))))))))) -> 2.709471 | Q38: =IF(ISBLANK($R$16),"",IF(A38=0,"",IF(ISBLANK($R$17),"",IF(AND(D38>1202,D38<2001),"Err. N°",IF(AND(D38>499,D38<1141),"Err.N°",IF(B38=0,"",IF($O$28=$I$29,"",IF(AND($I$29=$O$29,D38<1000),"N° Flac.",IF(AND($I$29=$O$30,D38>1000),"N° Flac.",P38/M38))))))))) -> 2.6401285 | R38: =IF(ISBLANK($R$16),"",IF(A38=0,"",IF(ISBLANK($R$17),"",IF(B38=0,"",IF(ISBLANK(J38),"",IF(AND(D38>1202,D38<2001),"Err. N°",IF(AND(D38>499,D38<1141),"Err.N°",IF($I$29=$O$28,"",IF(AND($I$29=$O$29,D38<1000),"N° Flac.",IF(AND($I$29=$O$30,D38>1000),"N° Flac.",((44.66*P38)))))))))))) -> 121.00498 | S38: =IF(ISBLANK($R$16),"",IF(A38=0,"",IF(ISBLANK($R$17),"",IF(B38=0,"",IF(ISBLANK(J38),"",IF(AND(D38>1202,D38<2001),"Err. N°",IF(AND(D38>499,D38<1141),"Err.N°",IF($I$29=$O$28,"",IF(AND($I$29=$O$29,D38<1000),"N° Flac.",IF(AND($I$29=$O$30,D38>1000),"N° Flac.",((44.66*P38)/M38))))))))))) -> 117.90814
A39: =IF(ISBLANK(VLOOKUP(D39,'Volumes flacons'!A5:C623,3)),0,1) -> 1 | B39: =IF(ISBLANK(D39),0,IF(ISBLANK(E39),0,IF(ISBLANK(F39),0,1))) -> 1 | C39: 5 | D39: 2007 | E39: 17.9 | F39: 2.497 | G39: 35.553 | H39: 100 | I39: 101 | J39: =IF(ISBLANK(D39),"",IF(VLOOKUP(D39,'Volumes flacons'!$A$5:$C$978,2)=0,"",IF(D39>'Volumes flacons'!$A$978,"Mauvais numéro",IF(D39<'Volumes flacons'!$A$5,"Mauvais numéro",(VLOOKUP(D39,'Volumes flacons'!$A$5:$C$978,3)))))) -> 109.77 | K39: =IF(ISBLANK(E39),"",(0.000824493-(0.0000040899*E39)+(0.000000076438*E39^2)-(0.00000000082467*E39^3)+(0.0000000000053875*E39^4))) -> 0.00077159862 | L39: =IF(ISBLANK(E39),"",(-0.00000572466+(0.00000010227*E39)-(0.0000000016546*E39^2))) -> -4.4241774e-06 | M39: =IF(ISBLANK(E39),"",IF(ISBLANK(G39),(O39+(K39*35)+(L39*35^1.5)+(0.00000048314*35^2)),(O39+(K39*G39)+(L39*G39^1.5)+(0.00000048314*G39^2)))) -> 1.0257215 | N39: =IF(ISBLANK(D39),"",IF(ISBLANK(G39),J39*(1+0.00001*(35-20)),J39*(1+0.00001*(G39-20)))) -> 109.78707 | O39: =IF(ISBLANK(E39),"",(0.999842594+(0.00006793952*E39)-(0.00000909529*E39^2)+(0.0000001001685*E39^3)-(0.000000001120083*E39^4)+(0.000000000006536332*E39^5))) -> 0.99861601 | P39: =IF(ISBLANK($R$16),"",IF(A39=0,"",IF(ISBLANK($R$17),"",IF(B39=0,"",IF($O$28=$I$29,"",IF(AND($I$29=$O$29,D39<1000),"N° Flac.",IF(AND($I$29=$O$30,D39>1000),"N° Flac.",IF(AND(D39>1202,D39<2001),"Err. N°",IF(AND(D39>499,D39<1141),"Err.N°",(((((F39)+'Correction de volume'!$G$7)*(($P$21)*($P$19)*5598)/(($R$16)-($R$17)))-(($P$27)*1000))/((N39)-($P$26)))))))))))) -> 2.593798 | Q39: =IF(ISBLANK($R$16),"",IF(A39=0,"",IF(ISBLANK($R$17),"",IF(AND(D39>1202,D39<2001),"Err. N°",IF(AND(D39>499,D39<1141),"Err.N°",IF(B39=0,"",IF($O$28=$I$29,"",IF(AND($I$29=$O$29,D39<1000),"N° Flac.",IF(AND($I$29=$O$30,D39>1000),"N° Flac.",P39/M39))))))))) -> 2.5287547 | R39: =IF(ISBLANK($R$16),"",IF(A39=0,"",IF(ISBLANK($R$17),"",IF(B39=0,"",IF(ISBLANK(J39),"",IF(AND(D39>1202,D39<2001),"Err. N°",IF(AND(D39>499,D39<1141),"Err.N°",IF($I$29=$O$28,"",IF(AND($I$29=$O$29,D39<1000),"N° Flac.",IF(AND($I$29=$O$30,D39>1000),"N° Flac.",((44.66*P39)))))))))))) -> 115.83902 | S39: =IF(ISBLANK($R$16),"",IF(A39=0,"",IF(ISBLANK($R$17),"",IF(B39=0,"",IF(ISBLANK(J39),"",IF(AND(D39>1202,D39<2001),"Err. N°",IF(AND(D39>499,D39<1141),"Err.N°",IF($I$29=$O$28,"",IF(AND($I$29=$O$29,D39<1000),"N° Flac.",IF(AND($I$29=$O$30,D39>1000),"N° Flac.",((44.66*P39)/M39))))))))))) -> 112.93419 | T39: 0 | U39: 0 | V39: 20 | W39: 19.6 | X39: 20 | Y39: 19.6 | Z39: 1.46 | AA39: 1.43 | AB39: 7.15 | AC39: 6.99 | AD39: 0.0099 | AE39: 0.0069 | AF39: -99999 | AG39: 0.0134 | AH39: 0.0072 | AI39: 0.0008 | AJ39: -99999 | AK39: -99999 | AL39: 0.0187 | AM39: 0.0017 | AN39: -99999 | AO39: -99999 | AP39: 0.001 | AR39: 0.016 | AS39: 0.0076 | AU39: 0.0054 | AV39: -99999 | AX39: 0.008 | AY39: 0.0361 | BA39: -99999
A40: =IF(ISBLANK(VLOOKUP(D40,'Volumes flacons'!A5:C623,3)),0,1) -> 1 | B40: =IF(ISBLANK(D40),0,IF(ISBLANK(E40),0,IF(ISBLANK(F40),0,1))) -> 1 | C40: 6 | D40: 2008 | E40: 18.4 | F40: 2.435 | G40: 35.617 | H40: 80 | I40: 81.9 | J40: =IF(ISBLANK(D40),"",IF(VLOOKUP(D40,'Volumes flacons'!$A$5:$C$978,2)=0,"",IF(D40>'Volumes flacons'!$A$978,"Mauvais numéro",IF(D40<'Volumes flacons'!$A$5,"Mauvais numéro",(VLOOKUP(D40,'Volumes flacons'!$A$5:$C$978,3)))))) -> 108.85 | K40: =IF(ISBLANK(E40),"",(0.000824493-(0.0000040899*E40)+(0.000000076438*E40^2)-(0.00000000082467*E40^3)+(0.0000000000053875*E40^4))) -> 0.00077059793 | L40: =IF(ISBLANK(E40),"",(-0.00000572466+(0.00000010227*E40)-(0.0000000016546*E40^2))) -> -4.4030734e-06 | M40: =IF(ISBLANK(E40),"",IF(ISBLANK(G40),(O40+(K40*35)+(L40*35^1.5)+(0.00000048314*35^2)),(O40+(K40*G40)+(L40*G40^1.5)+(0.00000048314*G40^2)))) -> 1.0256461 | N40: =IF(ISBLANK(D40),"",IF(ISBLANK(G40),J40*(1+0.00001*(35-20)),J40*(1+0.00001*(G40-20)))) -> 108.867 | O40: =IF(ISBLANK(E40),"",(0.999842594+(0.00006793952*E40)-(0.00000909529*E40^2)+(0.0000001001685*E40^3)-(0.000000001120083*E40^4)+(0.000000000006536332*E40^5))) -> 0.99852278 | P40: =IF(ISBLANK($R$16),"",IF(A40=0,"",IF(ISBLANK($R$17),"",IF(B40=0,"",IF($O$28=$I$29,"",IF(AND($I$29=$O$29,D40<1000),"N° Flac.",IF(AND($I$29=$O$30,D40>1000),"N° Flac.",IF(AND(D40>1202,D40<2001),"Err. N°",IF(AND(D40>499,D40<1141),"Err.N°",(((((F40)+'Correction de volume'!$G$7)*(($P$21)*($P$19)*5598)/(($R$16)-($R$17)))-(($P$27)*1000))/((N40)-($P$26)))))))))))) -> 2.5507758 | Q40: =IF(ISBLANK($R$16),"",IF(A40=0,"",IF(ISBLANK($R$17),"",IF(AND(D40>1202,D40<2001),"Err. N°",IF(AND(D40>499,D40<1141),"Err.N°",IF(B40=0,"",IF($O$28=$I$29,"",IF(AND($I$29=$O$29,D40<1000),"N° Flac.",IF(AND($I$29=$O$30,D40>1000),"N° Flac.",P40/M40))))))))) -> 2.486994 | R40: =IF(ISBLANK($R$16),"",IF(A40=0,"",IF(ISBLANK($R$17),"",IF(B40=0,"",IF(ISBLANK(J40),"",IF(AND(D40>1202,D40<2001),"Err. N°",IF(AND(D40>499,D40<1141),"Err.N°",IF($I$29=$O$28,"",IF(AND($I$29=$O$29,D40<1000),"N° Flac.",IF(AND($I$29=$O$30,D40>1000),"N° Flac.",((44.66*P40)))))))))))) -> 113.91765 | S40: =IF(ISBLANK($R$16),"",IF(A40=0,"",IF(ISBLANK($R$17),"",IF(B40=0,"",IF(ISBLANK(J40),"",IF(AND(D40>1202,D40<2001),"Err. N°",IF(AND(D40>499,D40<1141),"Err.N°",IF($I$29=$O$28,"",IF(AND($I$29=$O$29,D40<1000),"N° Flac.",IF(AND($I$29=$O$30,D40>1000),"N° Flac.",((44.66*P40)/M40))))))))))) -> 111.06915 | T40: 0.03 | U40: 0.03 | V40: 18.4 | W40: 18 | X40: 18.4 | Y40: 17.9 | Z40: 1.31 | AA40: 1.28 | AB40: 5.96 | AC40: 5.83 | AD40: 0.0219 | AE40: 0.0142 | AF40: -99999 | AG40: 0.0325 | AH40: 0.0124 | AI40: 0.0014 | AJ40: 0.0016 | AK40: 0.0008 | AL40: 0.0359 | AM40: 0.0032 | AN40: -99999 | AO40: -99999 | AP40: 0.0095 | AR40: 0.0714 | AS40: 0.0269 | AU40: 0.021 | AV40: -99999 | AX40: 0.0387 | AY40: 0.0937 | BA40: -99999
A41: =IF(ISBLANK(VLOOKUP(D41,'Volumes flacons'!A5:C623,3)),0,1) -> 1 | B41: =IF(ISBLANK(D41),0,IF(ISBLANK(E41),0,IF(ISBLANK(F41),0,1))) -> 1 | C41: 7 | D41: 2009 | E41: 20.3 | F41: 2.473 | G41: 35.751 | H41: 60 | I41: 61 | J41: =IF(ISBLANK(D41),"",IF(VLOOKUP(D41,'Volumes flacons'!$A$5:$C$978,2)=0,"",IF(D41>'Volumes flacons'!$A$978,"Mauvais numéro",IF(D41<'Volumes flacons'!$A$5,"Mauvais numéro",(VLOOKUP(D41,'Volumes flacons'!$A$5:$C$978,3)))))) -> 109.15 | K41: =IF(ISBLANK(E41),"",(0.000824493-(0.0000040899*E41)+(0.000000076438*E41^2)-(0.00000000082467*E41^3)+(0.0000000000053875*E41^4))) -> 0.00076698354 | L41: =IF(ISBLANK(E41),"",(-0.00000572466+(0.00000010227*E41)-(0.0000000016546*E41^2))) -> -4.3304231e-06 | M41: =IF(ISBLANK(E41),"",IF(ISBLANK(G41),(O41+(K41*35)+(L41*35^1.5)+(0.00000048314*35^2)),(O41+(K41*G41)+(L41*G41^1.5)+(0.00000048314*G41^2)))) -> 1.0252562 | N41: =IF(ISBLANK(D41),"",IF(ISBLANK(G41),J41*(1+0.00001*(35-20)),J41*(1+0.00001*(G41-20)))) -> 109.16719 | O41: =IF(ISBLANK(E41),"",(0.999842594+(0.00006793952*E41)-(0.00000909529*E41^2)+(0.0000001001685*E41^3)-(0.000000001120083*E41^4)+(0.000000000006536332*E41^5))) -> 0.99814396 | P41: =IF(ISBLANK($R$16),"",IF(A41=0,"",IF(ISBLANK($R$17),"",IF(B41=0,"",IF($O$28=$I$29,"",IF(AND($I$29=$O$29,D41<1000),"N° Flac.",IF(AND($I$29=$O$30,D41>1000),"N° Flac.",IF(AND(D41>1202,D41<2001),"Err. N°",IF(AND(D41>499,D41<1141),"Err.N°",(((((F41)+'Correction de volume'!$G$7)*(($P$21)*($P$19)*5598)/(($R$16)-($R$17)))-(($P$27)*1000))/((N41)-($P$26)))))))))))) -> 2.5835749 | Q41: =IF(ISBLANK($R$16),"",IF(A41=0,"",IF(ISBLANK($R$17),"",IF(AND(D41>1202,D41<2001),"Err. N°",IF(AND(D41>499,D41<1141),"Err.N°",IF(B41=0,"",IF($O$28=$I$29,"",IF(AND($I$29=$O$29,D41<1000),"N° Flac.",IF(AND($I$29=$O$30,D41>1000),"N° Flac.",P41/M41))))))))) -> 2.5199309 | R41: =IF(ISBLANK($R$16),"",IF(A41=0,"",IF(ISBLANK($R$17),"",IF(B41=0,"",IF(ISBLANK(J41),"",IF(AND(D41>1202,D41<2001),"Err. N°",IF(AND(D41>499,D41<1141),"Err.N°",IF($I$29=$O$28,"",IF(AND($I$29=$O$29,D41<1000),"N° Flac.",IF(AND($I$29=$O$30,D41>1000),"N° Flac.",((44.66*P41)))))))))))) -> 115.38245 | S41: =IF(ISBLANK($R$16),"",IF(A41=0,"",IF(ISBLANK($R$17),"",IF(B41=0,"",IF(ISBLANK(J41),"",IF(AND(D41>1202,D41<2001),"Err. N°",IF(AND(D41>499,D41<1141),"Err.N°",IF($I$29=$O$28,"",IF(AND($I$29=$O$29,D41<1000),"N° Flac.",IF(AND($I$29=$O$30,D41>1000),"N° Flac.",((44.66*P41)/M41))))))))))) -> 112.54011 | T41: 0.1 | U41: 0.09 | V41: 15.1 | W41: 14.8 | X41: 15 | Y41: 14.7 | Z41: 1.03 | AA41: 1 | AB41: 4.13 | AC41: 4.03 | AD41: 0.0463 | AE41: 0.0402 | AF41: 0.0068 | AG41: 0.0735 | AH41: 0.0248 | AI41: 0.0079 | AJ41: 0.0119 | AK41: 0.0043 | AL41: 0.0905 | AM41: 0.0086 | AN41: 0.0056 | AO41: -99999 | AP41: 0.0342 | AR41: 0.0593 | AS41: 0.1234 | AU41: 0.0326 | AV41: -99999 | AX41: 0.0656 | AY41: 0.3284 | BA41: -99999
A42: =IF(ISBLANK(VLOOKUP(D42,'Volumes flacons'!A5:C623,3)),0,1) -> 1 | B42: =IF(ISBLANK(D42),0,IF(ISBLANK(E42),0,IF(ISBLANK(F42),0,1))) -> 1 | C42: 8 | D42: 2010 | E42: 26.3 | F42: 3.939 | G42: 36.261 | H42: 40 | I42: 41 | J42: =IF(ISBLANK(D42),"",IF(VLOOKUP(D42,'Volumes flacons'!$A$5:$C$978,2)=0,"",IF(D42>'Volumes flacons'!$A$978,"Mauvais numéro",IF(D42<'Volumes flacons'!$A$5,"Mauvais numéro",(VLOOKUP(D42,'Volumes flacons'!$A$5:$C$978,3)))))) -> 109.42 | K42: =IF(ISBLANK(E42),"",(0.000824493-(0.0000040899*E42)+(0.000000076438*E42^2)-(0.00000000082467*E42^3)+(0.0000000000053875*E42^4))) -> 0.00075737566 | L42: =IF(ISBLANK(E42),"",(-0.00000572466+(0.00000010227*E42)-(0.0000000016546*E42^2))) -> -4.1794293e-06 | M42: =IF(ISBLANK(E42),"",IF(ISBLANK(G42),(O42+(K42*35)+(L42*35^1.5)+(0.00000048314*35^2)),(O42+(K42*G42)+(L42*G42^1.5)+(0.00000048314*G42^2)))) -> 1.0238927 | N42: =IF(ISBLANK(D42),"",IF(ISBLANK(G42),J42*(1+0.00001*(35-20)),J42*(1+0.00001*(G42-20)))) -> 109.43779 | O42: =IF(ISBLANK(E42),"",(0.999842594+(0.00006793952*E42)-(0.00000909529*E42^2)+(0.0000001001685*E42^3)-(0.000000001120083*E42^4)+(0.000000000006536332*E42^5))) -> 0.99670685 | P42: =IF(ISBLANK($R$16),"",IF(A42=0,"",IF(ISBLANK($R$17),"",IF(B42=0,"",IF($O$28=$I$29,"",IF(AND($I$29=$O$29,D42<1000),"N° Flac.",IF(AND($I$29=$O$30,D42>1000),"N° Flac.",IF(AND(D42>1202,D42<2001),"Err. N°",IF(AND(D42>499,D42<1141),"Err.N°",(((((F42)+'Correction de volume'!$G$7)*(($P$21)*($P$19)*5598)/(($R$16)-($R$17)))-(($P$27)*1000))/((N42)-($P$26)))))))))))) -> 4.1142323 | Q42: =IF(ISBLANK($R$16),"",IF(A42=0,"",IF(ISBLANK($R$17),"",IF(AND(D42>1202,D42<2001),"Err. N°",IF(AND(D42>499,D42<1141),"Err.N°",IF(B42=0,"",IF($O$28=$I$29,"",IF(AND($I$29=$O$29,D42<1000),"N° Flac.",IF(AND($I$29=$O$30,D42>1000),"N° Flac.",P42/M42))))))))) -> 4.0182259 | R42: =IF(ISBLANK($R$16),"",IF(A42=0,"",IF(ISBLANK($R$17),"",IF(B42=0,"",IF(ISBLANK(J42),"",IF(AND(D42>1202,D42<2001),"Err. N°",IF(AND(D42>499,D42<1141),"Err.N°",IF($I$29=$O$28,"",IF(AND($I$29=$O$29,D42<1000),"N° Flac.",IF(AND($I$29=$O$30,D42>1000),"N° Flac.",((44.66*P42)))))))))))) -> 183.74161 | S42: =IF(ISBLANK($R$16),"",IF(A42=0,"",IF(ISBLANK($R$17),"",IF(B42=0,"",IF(ISBLANK(J42),"",IF(AND(D42>1202,D42<2001),"Err. N°",IF(AND(D42>499,D42<1141),"Err.N°",IF($I$29=$O$28,"",IF(AND($I$29=$O$29,D42<1000),"N° Flac.",IF(AND($I$29=$O$30,D42>1000),"N° Flac.",((44.66*P42)/M42))))))))))) -> 179.45397 | T42: 0.14 | U42: 0.14 | V42: 1.57 | W42: 1.53 | X42: 1.43 | Y42: 1.39 | Z42: 0.21 | AA42: 0.2 | AB42: 1.69 | AC42: 1.65 | AD42: 0.0236 | AE42: 0.0279 | AF42: 0.0066 | AG42: 0.0304 | AH42: 0.0113 | AI42: 0.0037 | AJ42: 0.0058 | AK42: 0.004 | AL42: 0.0767 | AM42: 0.0085 | AN42: 0.0061 | AO42: -99999 | AP42: 0.1042 | AR42: 0.0832 | AS42: -99999 | AU42: 0.0449 | AV42: -99999 | AX42: 0.1147 | AY42: 0.2506 | BA42: -99999
A43: =IF(ISBLANK(VLOOKUP(D43,'Volumes flacons'!A5:C623,3)),0,1) -> 1 | B43: =IF(ISBLANK(D43),0,IF(ISBLANK(E43),0,IF(ISBLANK(F43),0,1))) -> 1 | C43: 9 | D43: 2011 | E43: 28.1 | F43: 4.493 | G43: 35.59 | H43: 20 | I43: 20.9 | J43: =IF(ISBLANK(D43),"",IF(VLOOKUP(D43,'Volumes flacons'!$A$5:$C$978,2)=0,"",IF(D43>'Volumes flacons'!$A$978,"Mauvais numéro",IF(D43<'Volumes flacons'!$A$5,"Mauvais numéro",(VLOOKUP(D43,'Volumes flacons'!$A$5:$C$978,3)))))) -> 110.81 | K43: =IF(ISBLANK(E43),"",(0.000824493-(0.0000040899*E43)+(0.000000076438*E43^2)-(0.00000000082467*E43^3)+(0.0000000000053875*E43^4))) -> 0.00075498423 | L43: =IF(ISBLANK(E43),"",(-0.00000572466+(0.00000010227*E43)-(0.0000000016546*E43^2))) -> -4.1573617e-06 | M43: =IF(ISBLANK(E43),"",IF(ISBLANK(G43),(O43+(K43*35)+(L43*35^1.5)+(0.00000048314*35^2)),(O43+(K43*G43)+(L43*G43^1.5)+(0.00000048314*G43^2)))) -> 1.0228078 | N43: =IF(ISBLANK(D43),"",IF(ISBLANK(G43),J43*(1+0.00001*(35-20)),J43*(1+0.00001*(G43-20)))) -> 110.82728 | O43: =IF(ISBLANK(E43),"",(0.999842594+(0.00006793952*E43)-(0.00000909529*E43^2)+(0.0000001001685*E43^3)-(0.000000001120083*E43^4)+(0.000000000006536332*E43^5))) -> 0.99620867 | P43: =IF(ISBLANK($R$16),"",IF(A43=0,"",IF(ISBLANK($R$17),"",IF(B43=0,"",IF($O$28=$I$29,"",IF(AND($I$29=$O$29,D43<1000),"N° Flac.",IF(AND($I$29=$O$30,D43>1000),"N° Flac.",IF(AND(D43>1202,D43<2001),"Err. N°",IF(AND(D43>499,D43<1141),"Err.N°",(((((F43)+'Correction de volume'!$G$7)*(($P$21)*($P$19)*5598)/(($R$16)-($R$17)))-(($P$27)*1000))/((N43)-($P$26)))))))))))) -> 4.6351704 | Q43: =IF(ISBLANK($R$16),"",IF(A43=0,"",IF(ISBLANK($R$17),"",IF(AND(D43>1202,D43<2001),"Err. N°",IF(AND(D43>499,D43<1141),"Err.N°",IF(B43=0,"",IF($O$28=$I$29,"",IF(AND($I$29=$O$29,D43<1000),"N° Flac.",IF(AND($I$29=$O$30,D43>1000),"N° Flac.",P43/M43))))))))) -> 4.5318096 | R43: =IF(ISBLANK($R$16),"",IF(A43=0,"",IF(ISBLANK($R$17),"",IF(B43=0,"",IF(ISBLANK(J43),"",IF(AND(D43>1202,D43<2001),"Err. N°",IF(AND(D43>499,D43<1141),"Err.N°",IF($I$29=$O$28,"",IF(AND($I$29=$O$29,D43<1000),"N° Flac.",IF(AND($I$29=$O$30,D43>1000),"N° Flac.",((44.66*P43)))))))))))) -> 207.00671 | S43: =IF(ISBLANK($R$16),"",IF(A43=0,"",IF(ISBLANK($R$17),"",IF(B43=0,"",IF(ISBLANK(J43),"",IF(AND(D43>1202,D43<2001),"Err. N°",IF(AND(D43>499,D43<1141),"Err.N°",IF($I$29=$O$28,"",IF(AND($I$29=$O$29,D43<1000),"N° Flac.",IF(AND($I$29=$O$30,D43>1000),"N° Flac.",((44.66*P43)/M43))))))))))) -> 202.39062 | T43: 0 | U43: 0 | V43: 0.05 | W43: 0.05 | X43: 0.05 | Y43: 0.05 | Z43: 0.1 | AA43: 0.1 | AB43: 0.92 | AC43: 0.9 | AD43: 0.004 | AE43: 0.0037 | AF43: 0.0058 | AG43: 0.0047 | AH43: 0.0032 | AI43: -99999 | AJ43: -99999 | AK43: -99999 | AL43: 0.0172 | AM43: 0.0038 | AN43: -99999 | AO43: -99999 | AP43: 0.0947 | AR43: 0.0039 | AS43: 0.006 | AU43: 0.0132 | AV43: -99999 | AX43: 0.0434 | AY43: 0.0613 | BA43: -99999
A44: =IF(ISBLANK(VLOOKUP(D44,'Volumes flacons'!A5:C623,3)),0,1) -> 1 | B44: =IF(ISBLANK(D44),0,IF(ISBLANK(E44),0,IF(ISBLANK(F44),0,1))) -> 1 | C44: 10 | D44: 2012 | E44: 28.5 | F44: 4.411 | G44: 34.92 | H44: 10 | I44: 10.6 | J44: =IF(ISBLANK(D44),"",IF(VLOOKUP(D44,'Volumes flacons'!$A$5:$C$978,2)=0,"",IF(D44>'Volumes flacons'!$A$978,"Mauvais numéro",IF(D44<'Volumes flacons'!$A$5,"Mauvais numéro",(VLOOKUP(D44,'Volumes flacons'!$A$5:$C$978,3)))))) -> 110.46 | K44: =IF(ISBLANK(E44),"",(0.000824493-(0.0000040899*E44)+(0.000000076438*E44^2)-(0.00000000082467*E44^3)+(0.0000000000053875*E44^4))) -> 0.00075448163 | L44: =IF(ISBLANK(E44),"",(-0.00000572466+(0.00000010227*E44)-(0.0000000016546*E44^2))) -> -4.1539139e-06 | M44: =IF(ISBLANK(E44),"",IF(ISBLANK(G44),(O44+(K44*35)+(L44*35^1.5)+(0.00000048314*35^2)),(O44+(K44*G44)+(L44*G44^1.5)+(0.00000048314*G44^2)))) -> 1.0221724 | N44: =IF(ISBLANK(D44),"",IF(ISBLANK(G44),J44*(1+0.00001*(35-20)),J44*(1+0.00001*(G44-20)))) -> 110.47648 | O44: =IF(ISBLANK(E44),"",(0.999842594+(0.00006793952*E44)-(0.00000909529*E44^2)+(0.0000001001685*E44^3)-(0.000000001120083*E44^4)+(0.000000000006536332*E44^5))) -> 0.99609396 | P44: =IF(ISBLANK($R$16),"",IF(A44=0,"",IF(ISBLANK($R$17),"",IF(B44=0,"",IF($O$28=$I$29,"",IF(AND($I$29=$O$29,D44<1000),"N° Flac.",IF(AND($I$29=$O$30,D44>1000),"N° Flac.",IF(AND(D44>1202,D44<2001),"Err. N°",IF(AND(D44>499,D44<1141),"Err.N°",(((((F44)+'Correction de volume'!$G$7)*(($P$21)*($P$19)*5598)/(($R$16)-($R$17)))-(($P$27)*1000))/((N44)-($P$26)))))))))))) -> 4.5650048 | Q44: =IF(ISBLANK($R$16),"",IF(A44=0,"",IF(ISBLANK($R$17),"",IF(AND(D44>1202,D44<2001),"Err. N°",IF(AND(D44>499,D44<1141),"Err.N°",IF(B44=0,"",IF($O$28=$I$29,"",IF(AND($I$29=$O$29,D44<1000),"N° Flac.",IF(AND($I$29=$O$30,D44>1000),"N° Flac.",P44/M44))))))))) -> 4.4659831 | R44: =IF(ISBLANK($R$16),"",IF(A44=0,"",IF(ISBLANK($R$17),"",IF(B44=0,"",IF(ISBLANK(J44),"",IF(AND(D44>1202,D44<2001),"Err. N°",IF(AND(D44>499,D44<1141),"Err.N°",IF($I$29=$O$28,"",IF(AND($I$29=$O$29,D44<1000),"N° Flac.",IF(AND($I$29=$O$30,D44>1000),"N° Flac.",((44.66*P44)))))))))))) -> 203.87311 | S44: =IF(ISBLANK($R$16),"",IF(A44=0,"",IF(ISBLANK($R$17),"",IF(B44=0,"",IF(ISBLANK(J44),"",IF(AND(D44>1202,D44<2001),"Err. N°",IF(AND(D44>499,D44<1141),"Err.N°",IF($I$29=$O$28,"",IF(AND($I$29=$O$29,D44<1000),"N° Flac.",IF(AND($I$29=$O$30,D44>1000),"N° Flac.",((44.66*P44)/M44))))))))))) -> 199.4508
A45: =IF(ISBLANK(VLOOKUP(D45,'Volumes flacons'!A5:C623,3)),0,1) -> 1 | B45: =IF(ISBLANK(D45),0,IF(ISBLANK(E45),0,IF(ISBLANK(F45),0,1))) -> 1 | C45: 11 | D45: 2013 | E45: 28.6 | F45: 4.354 | G45: 34.788 | H45: 0 | I45: 2.8 | J45: =IF(ISBLANK(D45),"",IF(VLOOKUP(D45,'Volumes flacons'!$A$5:$C$978,2)=0,"",IF(D45>'Volumes flacons'!$A$978,"Mauvais numéro",IF(D45<'Volumes flacons'!$A$5,"Mauvais numéro",(VLOOKUP(D45,'Volumes flacons'!$A$5:$C$978,3)))))) -> 109.83 | K45: =IF(ISBLANK(E45),"",(0.000824493-(0.0000040899*E45)+(0.000000076438*E45^2)-(0.00000000082467*E45^3)+(0.0000000000053875*E45^4))) -> 0.00075435759 | L45: =IF(ISBLANK(E45),"",(-0.00000572466+(0.00000010227*E45)-(0.0000000016546*E45^2))) -> -4.1531346e-06 | M45: =IF(ISBLANK(E45),"",IF(ISBLANK(G45),(O45+(K45*35)+(L45*35^1.5)+(0.00000048314*35^2)),(O45+(K45*G45)+(L45*G45^1.5)+(0.00000048314*G45^2)))) -> 1.0220402 | N45: =IF(ISBLANK(D45),"",IF(ISBLANK(G45),J45*(1+0.00001*(35-20)),J45*(1+0.00001*(G45-20)))) -> 109.84624 | O45: =IF(ISBLANK(E45),"",(0.999842594+(0.00006793952*E45)-(0.00000909529*E45^2)+(0.0000001001685*E45^3)-(0.000000001120083*E45^4)+(0.000000000006536332*E45^5))) -> 0.99606506 | P45: =IF(ISBLANK($R$16),"",IF(A45=0,"",IF(ISBLANK($R$17),"",IF(B45=0,"",IF($O$28=$I$29,"",IF(AND($I$29=$O$29,D45<1000),"N° Flac.",IF(AND($I$29=$O$30,D45>1000),"N° Flac.",IF(AND(D45>1202,D45<2001),"Err. N°",IF(AND(D45>499,D45<1141),"Err.N°",(((((F45)+'Correction de volume'!$G$7)*(($P$21)*($P$19)*5598)/(($R$16)-($R$17)))-(($P$27)*1000))/((N45)-($P$26)))))))))))) -> 4.5321455 | Q45: =IF(ISBLANK($R$16),"",IF(A45=0,"",IF(ISBLANK($R$17),"",IF(AND(D45>1202,D45<2001),"Err. N°",IF(AND(D45>499,D45<1141),"Err.N°",IF(B45=0,"",IF($O$28=$I$29,"",IF(AND($I$29=$O$29,D45<1000),"N° Flac.",IF(AND($I$29=$O$30,D45>1000),"N° Flac.",P45/M45))))))))) -> 4.4344102 | R45: =IF(ISBLANK($R$16),"",IF(A45=0,"",IF(ISBLANK($R$17),"",IF(B45=0,"",IF(ISBLANK(J45),"",IF(AND(D45>1202,D45<2001),"Err. N°",IF(AND(D45>499,D45<1141),"Err.N°",IF($I$29=$O$28,"",IF(AND($I$29=$O$29,D45<1000),"N° Flac.",IF(AND($I$29=$O$30,D45>1000),"N° Flac.",((44.66*P45)))))))))))) -> 202.40562 | S45: =IF(ISBLANK($R$16),"",IF(A45=0,"",IF(ISBLANK($R$17),"",IF(B45=0,"",IF(ISBLANK(J45),"",IF(AND(D45>1202,D45<2001),"Err. N°",IF(AND(D45>499,D45<1141),"Err.N°",IF($I$29=$O$28,"",IF(AND($I$29=$O$29,D45<1000),"N° Flac.",IF(AND($I$29=$O$30,D45>1000),"N° Flac.",((44.66*P45)/M45))))))))))) -> 198.04076 | T45: 0.01 | U45: 0 | V45: 0 | W45: 0 | X45: 0 | Y45: 0 | Z45: 0.07 | AA45: 0.06 | AB45: 0.83 | AC45: 0.81 | AD45: 0.0016 | AE45: 0.0025 | AF45: -99999 | AG45: 0.0036 | AH45: 0.0028 | AI45: -99999 | AJ45: -99999 | AK45: -99999 | AL45: 0.0163 | AM45: 0.0069 | AN45: -99999 | AO45: -99999 | AP45: 0.0833 | AR45: -99999 | AS45: -99999 | AU45: -99999 | AV45: 0.0136 | AX45: 0.0341 | AY45: 0.0639 | BA45: -99999
A46: =IF(ISBLANK(VLOOKUP(D46,'Volumes flacons'!A5:C623,3)),0,1) -> 1 | B46: =IF(ISBLANK(D46),0,IF(ISBLANK(E46),0,IF(ISBLANK(F46),0,1))) -> 0 | C46: 12 | J46: =IF(ISBLANK(D46),"",IF(VLOOKUP(D46,'Volumes flacons'!$A$5:$C$989,2)=0,"",IF(D46>'Volumes flacons'!$A$989,"Mauvais numéro",IF(D46<'Volumes flacons'!$A$5,"Mauvais numéro",(VLOOKUP(D46,'Volumes flacons'!$A$5:$C$989,3)))))) | K46: =IF(ISBLANK(E46),"",(0.000824493-(0.0000040899*E46)+(0.000000076438*E46^2)-(0.00000000082467*E46^3)+(0.0000000000053875*E46^4))) | L46: =IF(ISBLANK(E46),"",(-0.00000572466+(0.00000010227*E46)-(0.0000000016546*E46^2))) | M46: =IF(ISBLANK(E46),"",IF(ISBLANK(G46),(O46+(K46*35)+(L46*35^1.5)+(0.00000048314*35^2)),(O46+(K46*G46)+(L46*G46^1.5)+(0.00000048314*G46^2)))) | N46: =IF(ISBLANK(D46),"",IF(ISBLANK(G46),J46*(1+0.00001*(35-20)),J46*(1+0.00001*(G46-20)))) | O46: =IF(ISBLANK(E46),"",(0.999842594+(0.00006793952*E46)-(0.00000909529*E46^2)+(0.0000001001685*E46^3)-(0.000000001120083*E46^4)+(0.000000000006536332*E46^5))) | P46: =IF(ISBLANK($R$16),"",IF(A46=0,"",IF(ISBLANK($R$17),"",IF(B46=0,"",IF($O$28=$I$29,"",IF(AND($I$29=$O$29,D46<1000),"N° Flac.",IF(AND($I$29=$O$30,D46>1000),"N° Flac.",IF(AND(D46>1202,D46<2001),"Err. N°",IF(AND(D46>499,D46<1141),"Err.N°",(((((F46)+'Correction de volume'!$G$7)*(($P$21)*($P$19)*5598)/(($R$16)-($R$17)))-(($P$27)*1000))/((N46)-($P$26)))))))))))) | Q46: =IF(ISBLANK($R$16),"",IF(A46=0,"",IF(ISBLANK($R$17),"",IF(AND(D46>1202,D46<2001),"Err. N°",IF(AND(D46>499,D46<1141),"Err.N°",IF(B46=0,"",IF($O$28=$I$29,"",IF(AND($I$29=$O$29,D46<1000),"N° Flac.",IF(AND($I$29=$O$30,D46>1000),"N° Flac.",P46/M46))))))))) | R46: =IF(ISBLANK($R$16),"",IF(A46=0,"",IF(ISBLANK($R$17),"",IF(B46=0,"",IF(ISBLANK(J46),"",IF(AND(D46>1202,D46<2001),"Err. N°",IF(AND(D46>499,D46<1141),"Err.N°",IF($I$29=$O$28,"",IF(AND($I$29=$O$29,D46<1000),"N° Flac.",IF(AND($I$29=$O$30,D46>1000),"N° Flac.",((44.66*P46)))))))))))) | S46: =IF(ISBLANK($R$16),"",IF(A46=0,"",IF(ISBLANK($R$17),"",IF(B46=0,"",IF(ISBLANK(J46),"",IF(AND(D46>1202,D46<2001),"Err. N°",IF(AND(D46>499,D46<1141),"Err.N°",IF($I$29=$O$28,"",IF(AND($I$29=$O$29,D46<1000),"N° Flac.",IF(AND($I$29=$O$30,D46>1000),"N° Flac.",((44.66*P46)/M46)))))))))))
A47: =IF(ISBLANK(VLOOKUP(D47,'Volumes flacons'!A5:C623,3)),0,1) -> 1 | B47: =IF(ISBLANK(D47),0,IF(ISBLANK(E47),0,IF(ISBLANK(F47),0,1))) -> 0 | C47: 13 | J47: =IF(ISBLANK(D47),"",IF(VLOOKUP(D47,'Volumes flacons'!$A$5:$C$989,2)=0,"",IF(D47>'Volumes flacons'!$A$989,"Mauvais numéro",IF(D47<'Volumes flacons'!$A$5,"Mauvais numéro",(VLOOKUP(D47,'Volumes flacons'!$A$5:$C$989,3)))))) | K47: =IF(ISBLANK(E47),"",(0.000824493-(0.0000040899*E47)+(0.000000076438*E47^2)-(0.00000000082467*E47^3)+(0.0000000000053875*E47^4))) | L47: =IF(ISBLANK(E47),"",(-0.00000572466+(0.00000010227*E47)-(0.0000000016546*E47^2))) | M47: =IF(ISBLANK(E47),"",IF(ISBLANK(G47),(O47+(K47*35)+(L47*35^1.5)+(0.00000048314*35^2)),(O47+(K47*G47)+(L47*G47^1.5)+(0.00000048314*G47^2)))) | N47: =IF(ISBLANK(D47),"",IF(ISBLANK(G47),J47*(1+0.00001*(35-20)),J47*(1+0.00001*(G47-20)))) | O47: =IF(ISBLANK(E47),"",(0.999842594+(0.00006793952*E47)-(0.00000909529*E47^2)+(0.0000001001685*E47^3)-(0.000000001120083*E47^4)+(0.000000000006536332*E47^5))) | P47: =IF(ISBLANK($R$16),"",IF(A47=0,"",IF(ISBLANK($R$17),"",IF(B47=0,"",IF($O$28=$I$29,"",IF(AND($I$29=$O$29,D47<1000),"N° Flac.",IF(AND($I$29=$O$30,D47>1000),"N° Flac.",IF(AND(D47>1202,D47<2001),"Err. N°",IF(AND(D47>499,D47<1141),"Err.N°",(((((F47)+'Correction de volume'!$G$7)*(($P$21)*($P$19)*5598)/(($R$16)-($R$17)))-(($P$27)*1000))/((N47)-($P$26)))))))))))) | Q47: =IF(ISBLANK($R$16),"",IF(A47=0,"",IF(ISBLANK($R$17),"",IF(AND(D47>1202,D47<2001),"Err. N°",IF(AND(D47>499,D47<1141),"Err.N°",IF(B47=0,"",IF($O$28=$I$29,"",IF(AND($I$29=$O$29,D47<1000),"N° Flac.",IF(AND($I$29=$O$30,D47>1000),"N° Flac.",P47/M47))))))))) | R47: =IF(ISBLANK($R$16),"",IF(A47=0,"",IF(ISBLANK($R$17),"",IF(B47=0,"",IF(ISBLANK(J47),"",IF(AND(D47>1202,D47<2001),"Err. N°",IF(AND(D47>499,D47<1141),"Err.N°",IF($I$29=$O$28,"",IF(AND($I$29=$O$29,D47<1000),"N° Flac.",IF(AND($I$29=$O$30,D47>1000),"N° Flac.",((44.66*P47)))))))))))) | S47: =IF(ISBLANK($R$16),"",IF(A47=0,"",IF(ISBLANK($R$17),"",IF(B47=0,"",IF(ISBLANK(J47),"",IF(AND(D47>1202,D47<2001),"Err. N°",IF(AND(D47>499,D47<1141),"Err.N°",IF($I$29=$O$28,"",IF(AND($I$29=$O$29,D47<1000),"N° Flac.",IF(AND($I$29=$O$30,D47>1000),"N° Flac.",((44.66*P47)/M47)))))))))))
A48: =IF(ISBLANK(VLOOKUP(D48,'Volumes flacons'!A5:C623,3)),0,1) -> 1 | B48: =IF(ISBLANK(D48),0,IF(ISBLANK(E48),0,IF(ISBLANK(F48),0,1))) -> 0 | C48: 14 | J48: =IF(ISBLANK(D48),"",IF(VLOOKUP(D48,'Volumes flacons'!$A$5:$C$989,2)=0,"",IF(D48>'Volumes flacons'!$A$989,"Mauvais numéro",IF(D48<'Volumes flacons'!$A$5,"Mauvais numéro",(VLOOKUP(D48,'Volumes flacons'!$A$5:$C$989,3)))))) | K48: =IF(ISBLANK(E48),"",(0.000824493-(0.0000040899*E48)+(0.000000076438*E48^2)-(0.00000000082467*E48^3)+(0.0000000000053875*E48^4))) | L48: =IF(ISBLANK(E48),"",(-0.00000572466+(0.00000010227*E48)-(0.0000000016546*E48^2))) | M48: =IF(ISBLANK(E48),"",IF(ISBLANK(G48),(O48+(K48*35)+(L48*35^1.5)+(0.00000048314*35^2)),(O48+(K48*G48)+(L48*G48^1.5)+(0.00000048314*G48^2)))) | N48: =IF(ISBLANK(D48),"",IF(ISBLANK(G48),J48*(1+0.00001*(35-20)),J48*(1+0.00001*(G48-20)))) | O48: =IF(ISBLANK(E48),"",(0.999842594+(0.00006793952*E48)-(0.00000909529*E48^2)+(0.0000001001685*E48^3)-(0.000000001120083*E48^4)+(0.000000000006536332*E48^5))) | P48: =IF(ISBLANK($R$16),"",IF(A48=0,"",IF(ISBLANK($R$17),"",IF(B48=0,"",IF($O$28=$I$29,"",IF(AND($I$29=$O$29,D48<1000),"N° Flac.",IF(AND($I$29=$O$30,D48>1000),"N° Flac.",IF(AND(D48>1202,D48<2001),"Err. N°",IF(AND(D48>499,D48<1141),"Err.N°",(((((F48)+'Correction de volume'!$G$7)*(($P$21)*($P$19)*5598)/(($R$16)-($R$17)))-(($P$27)*1000))/((N48)-($P$26)))))))))))) | Q48: =IF(ISBLANK($R$16),"",IF(A48=0,"",IF(ISBLANK($R$17),"",IF(AND(D48>1202,D48<2001),"Err. N°",IF(AND(D48>499,D48<1141),"Err.N°",IF(B48=0,"",IF($O$28=$I$29,"",IF(AND($I$29=$O$29,D48<1000),"N° Flac.",IF(AND($I$29=$O$30,D48>1000),"N° Flac.",P48/M48))))))))) | R48: =IF(ISBLANK($R$16),"",IF(A48=0,"",IF(ISBLANK($R$17),"",IF(B48=0,"",IF(ISBLANK(J48),"",IF(AND(D48>1202,D48<2001),"Err. N°",IF(AND(D48>499,D48<1141),"Err.N°",IF($I$29=$O$28,"",IF(AND($I$29=$O$29,D48<1000),"N° Flac.",IF(AND($I$29=$O$30,D48>1000),"N° Flac.",((44.66*P48)))))))))))) | S48: =IF(ISBLANK($R$16),"",IF(A48=0,"",IF(ISBLANK($R$17),"",IF(B48=0,"",IF(ISBLANK(J48),"",IF(AND(D48>1202,D48<2001),"Err. N°",IF(AND(D48>499,D48<1141),"Err.N°",IF($I$29=$O$28,"",IF(AND($I$29=$O$29,D48<1000),"N° Flac.",IF(AND($I$29=$O$30,D48>1000),"N° Flac.",((44.66*P48)/M48)))))))))))
A49: =IF(ISBLANK(VLOOKUP(D49,'Volumes flacons'!A5:C623,3)),0,1) -> 1 | B49: =IF(ISBLANK(D49),0,IF(ISBLANK(E49),0,IF(ISBLANK(F49),0,1))) -> 0 | C49: 15 | J49: =IF(ISBLANK(D49),"",IF(VLOOKUP(D49,'Volumes flacons'!$A$5:$C$989,2)=0,"",IF(D49>'Volumes flacons'!$A$989,"Mauvais numéro",IF(D49<'Volumes flacons'!$A$5,"Mauvais numéro",(VLOOKUP(D49,'Volumes flacons'!$A$5:$C$989,3)))))) | K49: =IF(ISBLANK(E49),"",(0.000824493-(0.0000040899*E49)+(0.000000076438*E49^2)-(0.00000000082467*E49^3)+(0.0000000000053875*E49^4))) | L49: =IF(ISBLANK(E49),"",(-0.00000572466+(0.00000010227*E49)-(0.0000000016546*E49^2))) | M49: =IF(ISBLANK(E49),"",IF(ISBLANK(G49),(O49+(K49*35)+(L49*35^1.5)+(0.00000048314*35^2)),(O49+(K49*G49)+(L49*G49^1.5)+(0.00000048314*G49^2)))) | N49: =IF(ISBLANK(D49),"",IF(ISBLANK(G49),J49*(1+0.00001*(35-20)),J49*(1+0.00001*(G49-20)))) | O49: =IF(ISBLANK(E49),"",(0.999842594+(0.00006793952*E49)-(0.00000909529*E49^2)+(0.0000001001685*E49^3)-(0.000000001120083*E49^4)+(0.000000000006536332*E49^5))) | P49: =IF(ISBLANK($R$16),"",IF(A49=0,"",IF(ISBLANK($R$17),"",IF(B49=0,"",IF($O$28=$I$29,"",IF(AND($I$29=$O$29,D49<1000),"N° Flac.",IF(AND($I$29=$O$30,D49>1000),"N° Flac.",IF(AND(D49>1202,D49<2001),"Err. N°",IF(AND(D49>499,D49<1141),"Err.N°",(((((F49)+'Correction de volume'!$G$7)*(($P$21)*($P$19)*5598)/(($R$16)-($R$17)))-(($P$27)*1000))/((N49)-($P$26)))))))))))) | Q49: =IF(ISBLANK($R$16),"",IF(A49=0,"",IF(ISBLANK($R$17),"",IF(AND(D49>1202,D49<2001),"Err. N°",IF(AND(D49>499,D49<1141),"Err.N°",IF(B49=0,"",IF($O$28=$I$29,"",IF(AND($I$29=$O$29,D49<1000),"N° Flac.",IF(AND($I$29=$O$30,D49>1000),"N° Flac.",P49/M49))))))))) | R49: =IF(ISBLANK($R$16),"",IF(A49=0,"",IF(ISBLANK($R$17),"",IF(B49=0,"",IF(ISBLANK(J49),"",IF(AND(D49>1202,D49<2001),"Err. N°",IF(AND(D49>499,D49<1141),"Err.N°",IF($I$29=$O$28,"",IF(AND($I$29=$O$29,D49<1000),"N° Flac.",IF(AND($I$29=$O$30,D49>1000),"N° Flac.",((44.66*P49)))))))))))) | S49: =IF(ISBLANK($R$16),"",IF(A49=0,"",IF(ISBLANK($R$17),"",IF(B49=0,"",IF(ISBLANK(J49),"",IF(AND(D49>1202,D49<2001),"Err. N°",IF(AND(D49>499,D49<1141),"Err.N°",IF($I$29=$O$28,"",IF(AND($I$29=$O$29,D49<1000),"N° Flac.",IF(AND($I$29=$O$30,D49>1000),"N° Flac.",((44.66*P49)/M49)))))))))))
A50: =IF(ISBLANK(VLOOKUP(D50,'Volumes flacons'!A5:C623,3)),0,1) -> 1 | B50: =IF(ISBLANK(D50),0,IF(ISBLANK(E50),0,IF(ISBLANK(F50),0,1))) -> 0 | C50: 16 | J50: =IF(ISBLANK(D50),"",IF(VLOOKUP(D50,'Volumes flacons'!$A$5:$C$989,2)=0,"",IF(D50>'Volumes flacons'!$A$989,"Mauvais numéro",IF(D50<'Volumes flacons'!$A$5,"Mauvais numéro",(VLOOKUP(D50,'Volumes flacons'!$A$5:$C$989,3)))))) | K50: =IF(ISBLANK(E50),"",(0.000824493-(0.0000040899*E50)+(0.000000076438*E50^2)-(0.00000000082467*E50^3)+(0.0000000000053875*E50^4))) | L50: =IF(ISBLANK(E50),"",(-0.00000572466+(0.00000010227*E50)-(0.0000000016546*E50^2))) | M50: =IF(ISBLANK(E50),"",IF(ISBLANK(G50),(O50+(K50*35)+(L50*35^1.5)+(0.00000048314*35^2)),(O50+(K50*G50)+(L50*G50^1.5)+(0.00000048314*G50^2)))) | N50: =IF(ISBLANK(D50),"",IF(ISBLANK(G50),J50*(1+0.00001*(35-20)),J50*(1+0.00001*(G50-20)))) | O50: =IF(ISBLANK(E50),"",(0.999842594+(0.00006793952*E50)-(0.00000909529*E50^2)+(0.0000001001685*E50^3)-(0.000000001120083*E50^4)+(0.000000000006536332*E50^5))) | P50: =IF(ISBLANK($R$16),"",IF(A50=0,"",IF(ISBLANK($R$17),"",IF(B50=0,"",IF($O$28=$I$29,"",IF(AND($I$29=$O$29,D50<1000),"N° Flac.",IF(AND($I$29=$O$30,D50>1000),"N° Flac.",IF(AND(D50>1202,D50<2001),"Err. N°",IF(AND(D50>499,D50<1141),"Err.N°",(((((F50)+'Correction de volume'!$G$7)*(($P$21)*($P$19)*5598)/(($R$16)-($R$17)))-(($P$27)*1000))/((N50)-($P$26)))))))))))) | Q50: =IF(ISBLANK($R$16),"",IF(A50=0,"",IF(ISBLANK($R$17),"",IF(AND(D50>1202,D50<2001),"Err. N°",IF(AND(D50>499,D50<1141),"Err.N°",IF(B50=0,"",IF($O$28=$I$29,"",IF(AND($I$29=$O$29,D50<1000),"N° Flac.",IF(AND($I$29=$O$30,D50>1000),"N° Flac.",P50/M50))))))))) | R50: =IF(ISBLANK($R$16),"",IF(A50=0,"",IF(ISBLANK($R$17),"",IF(B50=0,"",IF(ISBLANK(J50),"",IF(AND(D50>1202,D50<2001),"Err. N°",IF(AND(D50>499,D50<1141),"Err.N°",IF($I$29=$O$28,"",IF(AND($I$29=$O$29,D50<1000),"N° Flac.",IF(AND($I$29=$O$30,D50>1000),"N° Flac.",((44.66*P50)))))))))))) | S50: =IF(ISBLANK($R$16),"",IF(A50=0,"",IF(ISBLANK($R$17),"",IF(B50=0,"",IF(ISBLANK(J50),"",IF(AND(D50>1202,D50<2001),"Err. N°",IF(AND(D50>499,D50<1141),"Err.N°",IF($I$29=$O$28,"",IF(AND($I$29=$O$29,D50<1000),"N° Flac.",IF(AND($I$29=$O$30,D50>1000),"N° Flac.",((44.66*P50)/M50)))))))))))
A51: =IF(ISBLANK(VLOOKUP(D51,'Volumes flacons'!A5:C623,3)),0,1) -> 1 | B51: =IF(ISBLANK(D51),0,IF(ISBLANK(E51),0,IF(ISBLANK(F51),0,1))) -> 0 | C51: 17 | J51: =IF(ISBLANK(D51),"",IF(VLOOKUP(D51,'Volumes flacons'!$A$5:$C$989,2)=0,"",IF(D51>'Volumes flacons'!$A$989,"Mauvais numéro",IF(D51<'Volumes flacons'!$A$5,"Mauvais numéro",(VLOOKUP(D51,'Volumes flacons'!$A$5:$C$989,3)))))) | K51: =IF(ISBLANK(E51),"",(0.000824493-(0.0000040899*E51)+(0.000000076438*E51^2)-(0.00000000082467*E51^3)+(0.0000000000053875*E51^4))) | L51: =IF(ISBLANK(E51),"",(-0.00000572466+(0.00000010227*E51)-(0.0000000016546*E51^2))) | M51: =IF(ISBLANK(E51),"",IF(ISBLANK(G51),(O51+(K51*35)+(L51*35^1.5)+(0.00000048314*35^2)),(O51+(K51*G51)+(L51*G51^1.5)+(0.00000048314*G51^2)))) | N51: =IF(ISBLANK(D51),"",IF(ISBLANK(G51),J51*(1+0.00001*(35-20)),J51*(1+0.00001*(G51-20)))) | O51: =IF(ISBLANK(E51),"",(0.999842594+(0.00006793952*E51)-(0.00000909529*E51^2)+(0.0000001001685*E51^3)-(0.000000001120083*E51^4)+(0.000000000006536332*E51^5))) | P51: =IF(ISBLANK($R$16),"",IF(A51=0,"",IF(ISBLANK($R$17),"",IF(B51=0,"",IF($O$28=$I$29,"",IF(AND($I$29=$O$29,D51<1000),"N° Flac.",IF(AND($I$29=$O$30,D51>1000),"N° Flac.",IF(AND(D51>1202,D51<2001),"Err. N°",IF(AND(D51>499,D51<1141),"Err.N°",(((((F51)+'Correction de volume'!$G$7)*(($P$21)*($P$19)*5598)/(($R$16)-($R$17)))-(($P$27)*1000))/((N51)-($P$26)))))))))))) | Q51: =IF(ISBLANK($R$16),"",IF(A51=0,"",IF(ISBLANK($R$17),"",IF(AND(D51>1202,D51<2001),"Err. N°",IF(AND(D51>499,D51<1141),"Err.N°",IF(B51=0,"",IF($O$28=$I$29,"",IF(AND($I$29=$O$29,D51<1000),"N° Flac.",IF(AND($I$29=$O$30,D51>1000),"N° Flac.",P51/M51))))))))) | R51: =IF(ISBLANK($R$16),"",IF(A51=0,"",IF(ISBLANK($R$17),"",IF(B51=0,"",IF(ISBLANK(J51),"",IF(AND(D51>1202,D51<2001),"Err. N°",IF(AND(D51>499,D51<1141),"Err.N°",IF($I$29=$O$28,"",IF(AND($I$29=$O$29,D51<1000),"N° Flac.",IF(AND($I$29=$O$30,D51>1000),"N° Flac.",((44.66*P51)))))))))))) | S51: =IF(ISBLANK($R$16),"",IF(A51=0,"",IF(ISBLANK($R$17),"",IF(B51=0,"",IF(ISBLANK(J51),"",IF(AND(D51>1202,D51<2001),"Err. N°",IF(AND(D51>499,D51<1141),"Err.N°",IF($I$29=$O$28,"",IF(AND($I$29=$O$29,D51<1000),"N° Flac.",IF(AND($I$29=$O$30,D51>1000),"N° Flac.",((44.66*P51)/M51)))))))))))
A52: =IF(ISBLANK(VLOOKUP(D52,'Volumes flacons'!A5:C623,3)),0,1) -> 1 | B52: =IF(ISBLANK(D52),0,IF(ISBLANK(E52),0,IF(ISBLANK(F52),0,1))) -> 0 | C52: 18 | J52: =IF(ISBLANK(D52),"",IF(VLOOKUP(D52,'Volumes flacons'!$A$5:$C$989,2)=0,"",IF(D52>'Volumes flacons'!$A$989,"Mauvais numéro",IF(D52<'Volumes flacons'!$A$5,"Mauvais numéro",(VLOOKUP(D52,'Volumes flacons'!$A$5:$C$989,3)))))) | K52: =IF(ISBLANK(E52),"",(0.000824493-(0.0000040899*E52)+(0.000000076438*E52^2)-(0.00000000082467*E52^3)+(0.0000000000053875*E52^4))) | L52: =IF(ISBLANK(E52),"",(-0.00000572466+(0.00000010227*E52)-(0.0000000016546*E52^2))) | M52: =IF(ISBLANK(E52),"",IF(ISBLANK(G52),(O52+(K52*35)+(L52*35^1.5)+(0.00000048314*35^2)),(O52+(K52*G52)+(L52*G52^1.5)+(0.00000048314*G52^2)))) | N52: =IF(ISBLANK(D52),"",IF(ISBLANK(G52),J52*(1+0.00001*(35-20)),J52*(1+0.00001*(G52-20)))) | O52: =IF(ISBLANK(E52),"",(0.999842594+(0.00006793952*E52)-(0.00000909529*E52^2)+(0.0000001001685*E52^3)-(0.000000001120083*E52^4)+(0.000000000006536332*E52^5))) | P52: =IF(ISBLANK($R$16),"",IF(A52=0,"",IF(ISBLANK($R$17),"",IF(B52=0,"",IF($O$28=$I$29,"",IF(AND($I$29=$O$29,D52<1000),"N° Flac.",IF(AND($I$29=$O$30,D52>1000),"N° Flac.",IF(AND(D52>1202,D52<2001),"Err. N°",IF(AND(D52>499,D52<1141),"Err.N°",(((((F52)+'Correction de volume'!$G$7)*(($P$21)*($P$19)*5598)/(($R$16)-($R$17)))-(($P$27)*1000))/((N52)-($P$26)))))))))))) | Q52: =IF(ISBLANK($R$16),"",IF(A52=0,"",IF(ISBLANK($R$17),"",IF(AND(D52>1202,D52<2001),"Err. N°",IF(AND(D52>499,D52<1141),"Err.N°",IF(B52=0,"",IF($O$28=$I$29,"",IF(AND($I$29=$O$29,D52<1000),"N° Flac.",IF(AND($I$29=$O$30,D52>1000),"N° Flac.",P52/M52))))))))) | R52: =IF(ISBLANK($R$16),"",IF(A52=0,"",IF(ISBLANK($R$17),"",IF(B52=0,"",IF(ISBLANK(J52),"",IF(AND(D52>1202,D52<2001),"Err. N°",IF(AND(D52>499,D52<1141),"Err.N°",IF($I$29=$O$28,"",IF(AND($I$29=$O$29,D52<1000),"N° Flac.",IF(AND($I$29=$O$30,D52>1000),"N° Flac.",((44.66*P52)))))))))))) | S52: =IF(ISBLANK($R$16),"",IF(A52=0,"",IF(ISBLANK($R$17),"",IF(B52=0,"",IF(ISBLANK(J52),"",IF(AND(D52>1202,D52<2001),"Err. N°",IF(AND(D52>499,D52<1141),"Err.N°",IF($I$29=$O$28,"",IF(AND($I$29=$O$29,D52<1000),"N° Flac.",IF(AND($I$29=$O$30,D52>1000),"N° Flac.",((44.66*P52)/M52)))))))))))
A53: =IF(ISBLANK(VLOOKUP(D53,'Volumes flacons'!A5:C623,3)),0,1) -> 1 | B53: =IF(ISBLANK(D53),0,IF(ISBLANK(E53),0,IF(ISBLANK(F53),0,1))) -> 0 | C53: 19 | J53: =IF(ISBLANK(D53),"",IF(VLOOKUP(D53,'Volumes flacons'!$A$5:$C$989,2)=0,"",IF(D53>'Volumes flacons'!$A$989,"Mauvais numéro",IF(D53<'Volumes flacons'!$A$5,"Mauvais numéro",(VLOOKUP(D53,'Volumes flacons'!$A$5:$C$989,3)))))) | K53: =IF(ISBLANK(E53),"",(0.000824493-(0.0000040899*E53)+(0.000000076438*E53^2)-(0.00000000082467*E53^3)+(0.0000000000053875*E53^4))) | L53: =IF(ISBLANK(E53),"",(-0.00000572466+(0.00000010227*E53)-(0.0000000016546*E53^2))) | M53: =IF(ISBLANK(E53),"",IF(ISBLANK(G53),(O53+(K53*35)+(L53*35^1.5)+(0.00000048314*35^2)),(O53+(K53*G53)+(L53*G53^1.5)+(0.00000048314*G53^2)))) | N53: =IF(ISBLANK(D53),"",IF(ISBLANK(G53),J53*(1+0.00001*(35-20)),J53*(1+0.00001*(G53-20)))) | O53: =IF(ISBLANK(E53),"",(0.999842594+(0.00006793952*E53)-(0.00000909529*E53^2)+(0.0000001001685*E53^3)-(0.000000001120083*E53^4)+(0.000000000006536332*E53^5))) | P53: =IF(ISBLANK($R$16),"",IF(A53=0,"",IF(ISBLANK($R$17),"",IF(B53=0,"",IF($O$28=$I$29,"",IF(AND($I$29=$O$29,D53<1000),"N° Flac.",IF(AND($I$29=$O$30,D53>1000),"N° Flac.",IF(AND(D53>1202,D53<2001),"Err. N°",IF(AND(D53>499,D53<1141),"Err.N°",(((((F53)+'Correction de volume'!$G$7)*(($P$21)*($P$19)*5598)/(($R$16)-($R$17)))-(($P$27)*1000))/((N53)-($P$26)))))))))))) | Q53: =IF(ISBLANK($R$16),"",IF(A53=0,"",IF(ISBLANK($R$17),"",IF(AND(D53>1202,D53<2001),"Err. N°",IF(AND(D53>499,D53<1141),"Err.N°",IF(B53=0,"",IF($O$28=$I$29,"",IF(AND($I$29=$O$29,D53<1000),"N° Flac.",IF(AND($I$29=$O$30,D53>1000),"N° Flac.",P53/M53))))))))) | R53: =IF(ISBLANK($R$16),"",IF(A53=0,"",IF(ISBLANK($R$17),"",IF(B53=0,"",IF(ISBLANK(J53),"",IF(AND(D53>1202,D53<2001),"Err. N°",IF(AND(D53>499,D53<1141),"Err.N°",IF($I$29=$O$28,"",IF(AND($I$29=$O$29,D53<1000),"N° Flac.",IF(AND($I$29=$O$30,D53>1000),"N° Flac.",((44.66*P53)))))))))))) | S53: =IF(ISBLANK($R$16),"",IF(A53=0,"",IF(ISBLANK($R$17),"",IF(B53=0,"",IF(ISBLANK(J53),"",IF(AND(D53>1202,D53<2001),"Err. N°",IF(AND(D53>499,D53<1141),"Err.N°",IF($I$29=$O$28,"",IF(AND($I$29=$O$29,D53<1000),"N° Flac.",IF(AND($I$29=$O$30,D53>1000),"N° Flac.",((44.66*P53)/M53)))))))))))
A54: =IF(ISBLANK(VLOOKUP(D54,'Volumes flacons'!A5:C623,3)),0,1) -> 1 | B54: =IF(ISBLANK(D54),0,IF(ISBLANK(E54),0,IF(ISBLANK(F54),0,1))) -> 0 | C54: 20 | J54: =IF(ISBLANK(D54),"",IF(VLOOKUP(D54,'Volumes flacons'!$A$5:$C$989,2)=0,"",IF(D54>'Volumes flacons'!$A$989,"Mauvais numéro",IF(D54<'Volumes flacons'!$A$5,"Mauvais numéro",(VLOOKUP(D54,'Volumes flacons'!$A$5:$C$989,3)))))) | K54: =IF(ISBLANK(E54),"",(0.000824493-(0.0000040899*E54)+(0.000000076438*E54^2)-(0.00000000082467*E54^3)+(0.0000000000053875*E54^4))) | L54: =IF(ISBLANK(E54),"",(-0.00000572466+(0.00000010227*E54)-(0.0000000016546*E54^2))) | M54: =IF(ISBLANK(E54),"",IF(ISBLANK(G54),(O54+(K54*35)+(L54*35^1.5)+(0.00000048314*35^2)),(O54+(K54*G54)+(L54*G54^1.5)+(0.00000048314*G54^2)))) | N54: =IF(ISBLANK(D54),"",IF(ISBLANK(G54),J54*(1+0.00001*(35-20)),J54*(1+0.00001*(G54-20)))) | O54: =IF(ISBLANK(E54),"",(0.999842594+(0.00006793952*E54)-(0.00000909529*E54^2)+(0.0000001001685*E54^3)-(0.000000001120083*E54^4)+(0.000000000006536332*E54^5))) | P54: =IF(ISBLANK($R$16),"",IF(A54=0,"",IF(ISBLANK($R$17),"",IF(B54=0,"",IF($O$28=$I$29,"",IF(AND($I$29=$O$29,D54<1000),"N° Flac.",IF(AND($I$29=$O$30,D54>1000),"N° Flac.",IF(AND(D54>1202,D54<2001),"Err. N°",IF(AND(D54>499,D54<1141),"Err.N°",(((((F54)+'Correction de volume'!$G$7)*(($P$21)*($P$19)*5598)/(($R$16)-($R$17)))-(($P$27)*1000))/((N54)-($P$26)))))))))))) | Q54: =IF(ISBLANK($R$16),"",IF(A54=0,"",IF(ISBLANK($R$17),"",IF(AND(D54>1202,D54<2001),"Err. N°",IF(AND(D54>499,D54<1141),"Err.N°",IF(B54=0,"",IF($O$28=$I$29,"",IF(AND($I$29=$O$29,D54<1000),"N° Flac.",IF(AND($I$29=$O$30,D54>1000),"N° Flac.",P54/M54))))))))) | R54: =IF(ISBLANK($R$16),"",IF(A54=0,"",IF(ISBLANK($R$17),"",IF(B54=0,"",IF(ISBLANK(J54),"",IF(AND(D54>1202,D54<2001),"Err. N°",IF(AND(D54>499,D54<1141),"Err.N°",IF($I$29=$O$28,"",IF(AND($I$29=$O$29,D54<1000),"N° Flac.",IF(AND($I$29=$O$30,D54>1000),"N° Flac.",((44.66*P54)))))))))))) | S54: =IF(ISBLANK($R$16),"",IF(A54=0,"",IF(ISBLANK($R$17),"",IF(B54=0,"",IF(ISBLANK(J54),"",IF(AND(D54>1202,D54<2001),"Err. N°",IF(AND(D54>499,D54<1141),"Err.N°",IF($I$29=$O$28,"",IF(AND($I$29=$O$29,D54<1000),"N° Flac.",IF(AND($I$29=$O$30,D54>1000),"N° Flac.",((44.66*P54)/M54)))))))))))
A55: =IF(ISBLANK(VLOOKUP(D55,'Volumes flacons'!A5:C623,3)),0,1) -> 1 | B55: =IF(ISBLANK(D55),0,IF(ISBLANK(E55),0,IF(ISBLANK(F55),0,1))) -> 0 | C55: 21 | J55: =IF(ISBLANK(D55),"",IF(VLOOKUP(D55,'Volumes flacons'!$A$5:$C$989,2)=0,"",IF(D55>'Volumes flacons'!$A$989,"Mauvais numéro",IF(D55<'Volumes flacons'!$A$5,"Mauvais numéro",(VLOOKUP(D55,'Volumes flacons'!$A$5:$C$989,3)))))) | K55: =IF(ISBLANK(E55),"",(0.000824493-(0.0000040899*E55)+(0.000000076438*E55^2)-(0.00000000082467*E55^3)+(0.0000000000053875*E55^4))) | L55: =IF(ISBLANK(E55),"",(-0.00000572466+(0.00000010227*E55)-(0.0000000016546*E55^2))) | M55: =IF(ISBLANK(E55),"",IF(ISBLANK(G55),(O55+(K55*35)+(L55*35^1.5)+(0.00000048314*35^2)),(O55+(K55*G55)+(L55*G55^1.5)+(0.00000048314*G55^2)))) | N55: =IF(ISBLANK(D55),"",IF(ISBLANK(G55),J55*(1+0.00001*(35-20)),J55*(1+0.00001*(G55-20)))) | O55: =IF(ISBLANK(E55),"",(0.999842594+(0.00006793952*E55)-(0.00000909529*E55^2)+(0.0000001001685*E55^3)-(0.000000001120083*E55^4)+(0.000000000006536332*E55^5))) | P55: =IF(ISBLANK($R$16),"",IF(A55=0,"",IF(ISBLANK($R$17),"",IF(B55=0,"",IF($O$28=$I$29,"",IF(AND($I$29=$O$29,D55<1000),"N° Flac.",IF(AND($I$29=$O$30,D55>1000),"N° Flac.",IF(AND(D55>1202,D55<2001),"Err. N°",IF(AND(D55>499,D55<1141),"Err.N°",(((((F55)+'Correction de volume'!$G$7)*(($P$21)*($P$19)*5598)/(($R$16)-($R$17)))-(($P$27)*1000))/((N55)-($P$26)))))))))))) | Q55: =IF(ISBLANK($R$16),"",IF(A55=0,"",IF(ISBLANK($R$17),"",IF(AND(D55>1202,D55<2001),"Err. N°",IF(AND(D55>499,D55<1141),"Err.N°",IF(B55=0,"",IF($O$28=$I$29,"",IF(AND($I$29=$O$29,D55<1000),"N° Flac.",IF(AND($I$29=$O$30,D55>1000),"N° Flac.",P55/M55))))))))) | R55: =IF(ISBLANK($R$16),"",IF(A55=0,"",IF(ISBLANK($R$17),"",IF(B55=0,"",IF(ISBLANK(J55),"",IF(AND(D55>1202,D55<2001),"Err. N°",IF(AND(D55>499,D55<1141),"Err.N°",IF($I$29=$O$28,"",IF(AND($I$29=$O$29,D55<1000),"N° Flac.",IF(AND($I$29=$O$30,D55>1000),"N° Flac.",((44.66*P55)))))))))))) | S55: =IF(ISBLANK($R$16),"",IF(A55=0,"",IF(ISBLANK($R$17),"",IF(B55=0,"",IF(ISBLANK(J55),"",IF(AND(D55>1202,D55<2001),"Err. N°",IF(AND(D55>499,D55<1141),"Err.N°",IF($I$29=$O$28,"",IF(AND($I$29=$O$29,D55<1000),"N° Flac.",IF(AND($I$29=$O$30,D55>1000),"N° Flac.",((44.66*P55)/M55)))))))))))
A56: =IF(ISBLANK(VLOOKUP(D56,'Volumes flacons'!A5:C623,3)),0,1) -> 1 | B56: =IF(ISBLANK(D56),0,IF(ISBLANK(E56),0,IF(ISBLANK(F56),0,1))) -> 0 | C56: 22 | J56: =IF(ISBLANK(D56),"",IF(VLOOKUP(D56,'Volumes flacons'!$A$5:$C$989,2)=0,"",IF(D56>'Volumes flacons'!$A$989,"Mauvais numéro",IF(D56<'Volumes flacons'!$A$5,"Mauvais numéro",(VLOOKUP(D56,'Volumes flacons'!$A$5:$C$989,3)))))) | K56: =IF(ISBLANK(E56),"",(0.000824493-(0.0000040899*E56)+(0.000000076438*E56^2)-(0.00000000082467*E56^3)+(0.0000000000053875*E56^4))) | L56: =IF(ISBLANK(E56),"",(-0.00000572466+(0.00000010227*E56)-(0.0000000016546*E56^2))) | M56: =IF(ISBLANK(E56),"",IF(ISBLANK(G56),(O56+(K56*35)+(L56*35^1.5)+(0.00000048314*35^2)),(O56+(K56*G56)+(L56*G56^1.5)+(0.00000048314*G56^2)))) | N56: =IF(ISBLANK(D56),"",IF(ISBLANK(G56),J56*(1+0.00001*(35-20)),J56*(1+0.00001*(G56-20)))) | O56: =IF(ISBLANK(E56),"",(0.999842594+(0.00006793952*E56)-(0.00000909529*E56^2)+(0.0000001001685*E56^3)-(0.000000001120083*E56^4)+(0.000000000006536332*E56^5))) | P56: =IF(ISBLANK($R$16),"",IF(A56=0,"",IF(ISBLANK($R$17),"",IF(B56=0,"",IF($O$28=$I$29,"",IF(AND($I$29=$O$29,D56<1000),"N° Flac.",IF(AND($I$29=$O$30,D56>1000),"N° Flac.",IF(AND(D56>1202,D56<2001),"Err. N°",IF(AND(D56>499,D56<1141),"Err.N°",(((((F56)+'Correction de volume'!$G$7)*(($P$21)*($P$19)*5598)/(($R$16)-($R$17)))-(($P$27)*1000))/((N56)-($P$26)))))))))))) | Q56: =IF(ISBLANK($R$16),"",IF(A56=0,"",IF(ISBLANK($R$17),"",IF(AND(D56>1202,D56<2001),"Err. N°",IF(AND(D56>499,D56<1141),"Err.N°",IF(B56=0,"",IF($O$28=$I$29,"",IF(AND($I$29=$O$29,D56<1000),"N° Flac.",IF(AND($I$29=$O$30,D56>1000),"N° Flac.",P56/M56))))))))) | R56: =IF(ISBLANK($R$16),"",IF(A56=0,"",IF(ISBLANK($R$17),"",IF(B56=0,"",IF(ISBLANK(J56),"",IF(AND(D56>1202,D56<2001),"Err. N°",IF(AND(D56>499,D56<1141),"Err.N°",IF($I$29=$O$28,"",IF(AND($I$29=$O$29,D56<1000),"N° Flac.",IF(AND($I$29=$O$30,D56>1000),"N° Flac.",((44.66*P56)))))))))))) | S56: =IF(ISBLANK($R$16),"",IF(A56=0,"",IF(ISBLANK($R$17),"",IF(B56=0,"",IF(ISBLANK(J56),"",IF(AND(D56>1202,D56<2001),"Err. N°",IF(AND(D56>499,D56<1141),"Err.N°",IF($I$29=$O$28,"",IF(AND($I$29=$O$29,D56<1000),"N° Flac.",IF(AND($I$29=$O$30,D56>1000),"N° Flac.",((44.66*P56)/M56)))))))))))
A57: =IF(ISBLANK(VLOOKUP(D57,'Volumes flacons'!A5:C623,3)),0,1) -> 1 | B57: =IF(ISBLANK(D57),0,IF(ISBLANK(E57),0,IF(ISBLANK(F57),0,1))) -> 0 | C57: 23 | J57: =IF(ISBLANK(D57),"",IF(VLOOKUP(D57,'Volumes flacons'!$A$5:$C$989,2)=0,"",IF(D57>'Volumes flacons'!$A$989,"Mauvais numéro",IF(D57<'Volumes flacons'!$A$5,"Mauvais numéro",(VLOOKUP(D57,'Volumes flacons'!$A$5:$C$989,3)))))) | K57: =IF(ISBLANK(E57),"",(0.000824493-(0.0000040899*E57)+(0.000000076438*E57^2)-(0.00000000082467*E57^3)+(0.0000000000053875*E57^4))) | L57: =IF(ISBLANK(E57),"",(-0.00000572466+(0.00000010227*E57)-(0.0000000016546*E57^2))) | M57: =IF(ISBLANK(E57),"",IF(ISBLANK(G57),(O57+(K57*35)+(L57*35^1.5)+(0.00000048314*35^2)),(O57+(K57*G57)+(L57*G57^1.5)+(0.00000048314*G57^2)))) | N57: =IF(ISBLANK(D57),"",IF(ISBLANK(G57),J57*(1+0.00001*(35-20)),J57*(1+0.00001*(G57-20)))) | O57: =IF(ISBLANK(E57),"",(0.999842594+(0.00006793952*E57)-(0.00000909529*E57^2)+(0.0000001001685*E57^3)-(0.000000001120083*E57^4)+(0.000000000006536332*E57^5))) | P57: =IF(ISBLANK($R$16),"",IF(A57=0,"",IF(ISBLANK($R$17),"",IF(B57=0,"",IF($O$28=$I$29,"",IF(AND($I$29=$O$29,D57<1000),"N° Flac.",IF(AND($I$29=$O$30,D57>1000),"N° Flac.",IF(AND(D57>1202,D57<2001),"Err. N°",IF(AND(D57>499,D57<1141),"Err.N°",(((((F57)+'Correction de volume'!$G$7)*(($P$21)*($P$19)*5598)/(($R$16)-($R$17)))-(($P$27)*1000))/((N57)-($P$26)))))))))))) | Q57: =IF(ISBLANK($R$16),"",IF(A57=0,"",IF(ISBLANK($R$17),"",IF(AND(D57>1202,D57<2001),"Err. N°",IF(AND(D57>499,D57<1141),"Err.N°",IF(B57=0,"",IF($O$28=$I$29,"",IF(AND($I$29=$O$29,D57<1000),"N° Flac.",IF(AND($I$29=$O$30,D57>1000),"N° Flac.",P57/M57))))))))) | R57: =IF(ISBLANK($R$16),"",IF(A57=0,"",IF(ISBLANK($R$17),"",IF(B57=0,"",IF(ISBLANK(J57),"",IF(AND(D57>1202,D57<2001),"Err. N°",IF(AND(D57>499,D57<1141),"Err.N°",IF($I$29=$O$28,"",IF(AND($I$29=$O$29,D57<1000),"N° Flac.",IF(AND($I$29=$O$30,D57>1000),"N° Flac.",((44.66*P57)))))))))))) | S57: =IF(ISBLANK($R$16),"",IF(A57=0,"",IF(ISBLANK($R$17),"",IF(B57=0,"",IF(ISBLANK(J57),"",IF(AND(D57>1202,D57<2001),"Err. N°",IF(AND(D57>499,D57<1141),"Err.N°",IF($I$29=$O$28,"",IF(AND($I$29=$O$29,D57<1000),"N° Flac.",IF(AND($I$29=$O$30,D57>1000),"N° Flac.",((44.66*P57)/M57)))))))))))
A58: =IF(ISBLANK(VLOOKUP(D58,'Volumes flacons'!A5:C623,3)),0,1) -> 1 | B58: =IF(ISBLANK(D58),0,IF(ISBLANK(E58),0,IF(ISBLANK(F58),0,1))) -> 0 | C58: 24 | J58: =IF(ISBLANK(D58),"",IF(VLOOKUP(D58,'Volumes flacons'!$A$5:$C$989,2)=0,"",IF(D58>'Volumes flacons'!$A$989,"Mauvais numéro",IF(D58<'Volumes flacons'!$A$5,"Mauvais numéro",(VLOOKUP(D58,'Volumes flacons'!$A$5:$C$989,3)))))) | K58: =IF(ISBLANK(E58),"",(0.000824493-(0.0000040899*E58)+(0.000000076438*E58^2)-(0.00000000082467*E58^3)+(0.0000000000053875*E58^4))) | L58: =IF(ISBLANK(E58),"",(-0.00000572466+(0.00000010227*E58)-(0.0000000016546*E58^2))) | M58: =IF(ISBLANK(E58),"",IF(ISBLANK(G58),(O58+(K58*35)+(L58*35^1.5)+(0.00000048314*35^2)),(O58+(K58*G58)+(L58*G58^1.5)+(0.00000048314*G58^2)))) | N58: =IF(ISBLANK(D58),"",IF(ISBLANK(G58),J58*(1+0.00001*(35-20)),J58*(1+0.00001*(G58-20)))) | O58: =IF(ISBLANK(E58),"",(0.999842594+(0.00006793952*E58)-(0.00000909529*E58^2)+(0.0000001001685*E58^3)-(0.000000001120083*E58^4)+(0.000000000006536332*E58^5))) | P58: =IF(ISBLANK($R$16),"",IF(A58=0,"",IF(ISBLANK($R$17),"",IF(B58=0,"",IF($O$28=$I$29,"",IF(AND($I$29=$O$29,D58<1000),"N° Flac.",IF(AND($I$29=$O$30,D58>1000),"N° Flac.",IF(AND(D58>1202,D58<2001),"Err. N°",IF(AND(D58>499,D58<1141),"Err.N°",(((((F58)+'Correction de volume'!$G$7)*(($P$21)*($P$19)*5598)/(($R$16)-($R$17)))-(($P$27)*1000))/((N58)-($P$26)))))))))))) | Q58: =IF(ISBLANK($R$16),"",IF(A58=0,"",IF(ISBLANK($R$17),"",IF(AND(D58>1202,D58<2001),"Err. N°",IF(AND(D58>499,D58<1141),"Err.N°",IF(B58=0,"",IF($O$28=$I$29,"",IF(AND($I$29=$O$29,D58<1000),"N° Flac.",IF(AND($I$29=$O$30,D58>1000),"N° Flac.",P58/M58))))))))) | R58: =IF(ISBLANK($R$16),"",IF(A58=0,"",IF(ISBLANK($R$17),"",IF(B58=0,"",IF(ISBLANK(J58),"",IF(AND(D58>1202,D58<2001),"Err. N°",IF(AND(D58>499,D58<1141),"Err.N°",IF($I$29=$O$28,"",IF(AND($I$29=$O$29,D58<1000),"N° Flac.",IF(AND($I$29=$O$30,D58>1000),"N° Flac.",((44.66*P58)))))))))))) | S58: =IF(ISBLANK($R$16),"",IF(A58=0,"",IF(ISBLANK($R$17),"",IF(B58=0,"",IF(ISBLANK(J58),"",IF(AND(D58>1202,D58<2001),"Err. N°",IF(AND(D58>499,D58<1141),"Err.N°",IF($I$29=$O$28,"",IF(AND($I$29=$O$29,D58<1000),"N° Flac.",IF(AND($I$29=$O$30,D58>1000),"N° Flac.",((44.66*P58)/M58)))))))))))
C62: Profils des mesures en profondeur

Sheet Station 003
C2: Campagne : | F2: PIRATA Fr27
W3: vol flac
C4: Données de campagne | W4: 112.01
W5: 111.83
C6: N° de station : | F6: 3 | H6: N° de palanquée : | P6: 1 | R6: Date d'analyse : | T6: 41334 | W6: 113.90
W7: 113.62
G8: Position | I8: Degrés | J8: Minutes | P8: Cardinal | Q8: Décimale | W8: 111.38
G9: Latitude | I9: 1 | J9: 0 | K9: : | L9: =IF(P9=M9,"+","-") -> + | M9: N | N9: E | O9: =IF(ISBLANK(I9),"",IF(ISBLANK(J9),"",IF(P9=M10,L9&N11,N11))) -> 1°0 | P9: N | Q9: =IF(ISBLANK(I9),"",IF(ISBLANK(J9),"",IF(J9>60,"ERREUR !!",O11*(I9+(J9/60))))) -> 1 | W9: 114.18
G10: Longitude | I10: 23 | J10: 0 | K10: : | L10: =IF(P10=N9,"+","-") -> - | M10: S | N10: W | O10: =IF(ISBLANK(I10),"",IF(ISBLANK(J10),"",IF(P10=N10,L10&N12,N12))) -> -23°0 | P10: W | Q10: =IF(ISBLANK(I10),"",IF(ISBLANK(J10),"",IF(J10>60,"ERREUR !!",O12*(I10+(J10/60))))) -> -23 | W10: 113.56
G11: Prélèvement | I11: Date | J11: 41334 | N11: =I9&"°"&J9 -> 1°0 | O11: =IF(P9=M10,-1,1) -> 1 | P11: =TEXT(J11,"aaaa-mm-jj")&"T"&TEXT(J12,"hh:mm:ss")&"z" -> 2017-03-02T08:54:00z | W11: 111.44
I12: Heure | J12: 0.37083333 | N12: =I10&"°"&J10 -> 23°0 | O12: =IF(P10=N10,-1,1) -> -1 | W12: 111.97
C13: Données : | W13: 113.81
C14: Température du laboratoire à la calibration ( t°c ) | Q14: t°c = | R14: 21.5 | S14: °C | W14: 113.13
C15: Température du laboratoire au début de la série d'analyses | Q15: t°lab = | R15: 21.2 | S15: °C
C16: Volume moyen de thiosulfate pour la titration à t°c | Q16: Vmoy.titr.t°c = | R16: 4.994 | S16: mL
C17: Volume moyen de thiosulfate pour la détermination du blanc à t°c | Q17: Vmoy.titr.blanc.t°c = | R17: 0.005 | S17: mL
C18: Masse volumique de l'eau pure à la calibration | O18: ρ = | P18: =(0.999842594+(0.00006793952*$R$14)-(0.00000909529*$R$14^2)+(0.0000001001685*$R$14^3)-(0.000000001120083*$R$14^4)+(0.000000000006536332*$R$14^5)) -> 0.9978852
C19: Normalite de l'iodate (NIO3) à la température de calibration | O19: N(IO3) = | P19: =$P$24*($P$18/'Titre d''iodate'!E19) -> 0.020045304 | Q19: N
C20: Vol. de la prise d'essai d'iodate (VIO3) à 20°C | O20: V(IO3)20°C = | P20: =5+'Correction de volume'!G8 -> 5.00309 | Q20: mL
C21: Vol. de la prise d'essai d'iodate (VIO3) à t°c | O21: V(IO3)t°c= | P21: =P20*(1+0.00001*(R14-20)) -> 5.003165 | Q21: mL
C22: Volume moyen de thiosulfate pour la titration à 20° C | O22: Vmoy.titr.20°C = | P22: =$R$16*(1+0.00001*(20-$R$14)) -> 4.9939251 | Q22: mL
C23: Volume moyen de thiosulfate pour la détermination du blanc à 20° C | O23: Vmoy.titr.blanc.20°C = | P23: =$R$17*(1+0.00001*(20-$R$14)) -> 0.004999925 | Q23: mL
C24: Normalite de l'iodate (NIO3) à 20°C | O24: N(IO3)20°C = | P24: =MAX('Titre d''iodate'!F7:F10) -> 0.020051755 | Q24: N
C25: Titre du thiosulfate à 20°C | O25: V(Thio)20°C = | P25: =IF(ISBLANK(R14),"",IF(ISBLANK(P21),"",IF(ISBLANK(R17),"",(($P$24*$P$18)/($P$22-$P$23))))) -> 0.0040107536 | Q25: N
C26: Volume de réactif utilisé | O26: Vreg = | P26: =2+('Correction de volume'!G10+'Correction de volume'!G9) -> 2.016394 | Q26: mL
O27: DOreg = | P27: 0.0017
E29: Choix de la série de flacons : | I29: IRD | O29: IRD
O30: LPO
C31: N° | D31: N° des Flacons | E31: T° prélèv. | F31: Volume de thio. | G31: Salinité | H31: Prof. Théorique | I31: Prof. Effective | J31: V. flacons 20°C | K31: A | L31: B | M31: Densité eau de mer à t° | N31: Vol. à t° prél. des flacons | O31: Densité eau pure à t° | P31: Oxygène dissous | T31: NO2 | V31: NO3 + NO2 | X31: NO3 | Z31: Phosphate | AB31: Silicate | AE31: chlorophyll-c1+c2 | AF31: peridinin | AG31: 19'-butanoyloxyfucoxanthin | AH31: fucoxanthine | AI31: neoxanthin | AJ31: prasinoxanthin | AK31: violaxanthin | AL31: 19'-hexanoyloxyfucoxanthin | AM31: diadinoxanthin | AN31: alloxanthin | AO31: diatoxanthin | AP31: zeaxanthin | AQ31: lutein | AR31: divinyl chlorophyll-b | AS31: chlorophyll-b | AT31: total chlorophyll-b | AU31: alpha-carotene | AV31: beta-carotene | AW31: pheophorbide | AX31: divinyl chlorophyll-a | AY31: chlorophyll-a | AZ31: total chlorophyll-a | BA31: pheophytin_a | BB31: crocoxanthin
C33: BTL | E33: °C | F33: ml | H33: m | I33: m | J33: ml | P33: DOX1 | R33: DOXY | S33: DOX2 | T33: NTRI | U33: NTIW | V33: NTRZ | W33: NTZW | X33: NTRA | Y33: NTAW | Z33: PHOS | AA33: PHOW | AB33: SLCA | AC33: SLCW | AD33: CHC3 | AE33: CHCZ | AF33: PERP | AG33: BFUP | AH33: FUCP | AI33: NXAP | AJ33: PXAP | AK33: VXAP | AL33: HFUP | AM33: DXAP | AN33: AXAP | AO33: TXAP | AP33: ZXAP | AQ33: LUTP | AR33: CHBD | AS33: CH2P | AT33: CHLB | AU33: AACP | AV33: BBCP | AW33: PHEP | AX33: CHAD | AY33: CH1P | AZ33: CPHL | BA33: PHEA | BB33: CXAP
N34: mL | P34: ml/l | Q34: ml/kg | R34: µmol/l | S34: µmol/kg | T34: µmol/l | U34: µmol/kg | V34: µmol/l | W34: µmol/kg | X34: µmol/l | Y34: µmol/kg | Z34: µmol/l | AA34: µmol/kg | AB34: µmol/l | AC34: µmol/kg | AD34: µg.l-1 | AE34: µg.l-1 | AF34: µg.l-1 | AG34: µg.l-1 | AH34: µg.l-1 | AI34: µg.l-1 | AJ34: µg.l-1 | AK34: µg.l-1 | AL34: µg.l-1 | AM34: µg.l-1 | AN34: µg.l-1 | AO34: µg.l-1 | AP34: µg.l-1 | AQ34: µg.l-1 | AR34: µg.l-1 | AS34: µg.l-1 | AT34: µg.l-1 | AU34: µg.l-1 | AV34: µg.l-1 | AW34: µg.l-1 | AX34: µg.l-1 | AY34: µg.l-1 | AZ34: µg.l-1 | BA34: µg.l-1 | BB34: µg.l-1
A35: =IF(ISBLANK(VLOOKUP(D35,'Volumes flacons'!A5:C623,3)),0,1) -> 1 | B35: =IF(ISBLANK(D35),0,IF(ISBLANK(E35),0,IF(ISBLANK(F35),0,1))) -> 1 | C35: 1 | D35: 2186 | E35: 8.7 | F35: 5.594 | G35: 34.961 | H35: 2000 | I35: 2022 | J35: 112.01 | K35: =IF(ISBLANK(E35),"",(0.000824493-(0.0000040899*E35)+(0.000000076438*E35^2)-(0.00000000082467*E35^3)+(0.0000000000053875*E35^4))) -> 0.00079418428 | L35: =IF(ISBLANK(E35),"",(-0.00000572466+(0.00000010227*E35)-(0.0000000016546*E35^2))) -> -4.9601477e-06 | M35: =IF(ISBLANK(E35),"",IF(ISBLANK(G35),(O35+(K35*35)+(L35*35^1.5)+(0.00000048314*35^2)),(O35+(K35*G35)+(L35*G35^1.5)+(0.00000048314*G35^2)))) -> 1.0271358 | N35: =IF(ISBLANK(D35),"",IF(ISBLANK(G35),J35*(1+0.00001*(35-20)),J35*(1+0.00001*(G35-20)))) -> 112.02676 | O35: =IF(ISBLANK(E35),"",(0.999842594+(0.00006793952*E35)-(0.00000909529*E35^2)+(0.0000001001685*E35^3)-(0.000000001120083*E35^4)+(0.000000000006536332*E35^5))) -> 0.99980512 | P35: =IF(ISBLANK($R$16),"",IF(A35=0,"",IF(ISBLANK($R$17),"",IF(B35=0,"",IF($O$28=$I$29,"",IF(AND($I$29=$O$29,D35<1000),"N° Flac.",IF(AND($I$29=$O$30,D35>1000),"N° Flac.",IF(AND(D35>1202,D35<2001),"Err. N°",IF(AND(D35>499,D35<1141),"Err.N°",(((((F35)+'Correction de volume'!$G$7)*(($P$21)*($P$19)*5598)/(($R$16)-($R$17)))-(($P$27)*1000))/((N35)-($P$26)))))))))))) -> 5.7066291 | Q35: =IF(ISBLANK($R$16),"",IF(A35=0,"",IF(ISBLANK($R$17),"",IF(AND(D35>1202,D35<2001),"Err. N°",IF(AND(D35>499,D35<1141),"Err.N°",IF(B35=0,"",IF($O$28=$I$29,"",IF(AND($I$29=$O$29,D35<1000),"N° Flac.",IF(AND($I$29=$O$30,D35>1000),"N° Flac.",P35/M35))))))))) -> 5.5558664 | R35: =IF(ISBLANK($R$16),"",IF(A35=0,"",IF(ISBLANK($R$17),"",IF(B35=0,"",IF(ISBLANK(J35),"",IF(AND(D35>1202,D35<2001),"Err. N°",IF(AND(D35>499,D35<1141),"Err.N°",IF($I$29=$O$28,"",IF(AND($I$29=$O$29,D35<1000),"N° Flac.",IF(AND($I$29=$O$30,D35>1000),"N° Flac.",((44.66*P35)))))))))))) -> 254.85806 | S35: =IF(ISBLANK($R$16),"",IF(A35=0,"",IF(ISBLANK($R$17),"",IF(B35=0,"",IF(ISBLANK(J35),"",IF(AND(D35>1202,D35<2001),"Err. N°",IF(AND(D35>499,D35<1141),"Err.N°",IF($I$29=$O$28,"",IF(AND($I$29=$O$29,D35<1000),"N° Flac.",IF(AND($I$29=$O$30,D35>1000),"N° Flac.",((44.66*P35)/M35))))))))))) -> 248.12499
A36: =IF(ISBLANK(VLOOKUP(D36,'Volumes flacons'!A5:C623,3)),0,1) -> 1 | B36: =IF(ISBLANK(D36),0,IF(ISBLANK(E36),0,IF(ISBLANK(F36),0,1))) -> 1 | C36: 2 | D36: 2187 | E36: 9.6 | F36: 3.566 | G36: 34.651 | H36: 1000 | I36: 1009 | J36: 111.83 | K36: =IF(ISBLANK(E36),"",(0.000824493-(0.0000040899*E36)+(0.000000076438*E36^2)-(0.00000000082467*E36^3)+(0.0000000000053875*E36^4))) -> 0.00079159063 | L36: =IF(ISBLANK(E36),"",(-0.00000572466+(0.00000010227*E36)-(0.0000000016546*E36^2))) -> -4.8953559e-06 | M36: =IF(ISBLANK(E36),"",IF(ISBLANK(G36),(O36+(K36*35)+(L36*35^1.5)+(0.00000048314*35^2)),(O36+(K36*G36)+(L36*G36^1.5)+(0.00000048314*G36^2)))) -> 1.0267472 | N36: =IF(ISBLANK(D36),"",IF(ISBLANK(G36),J36*(1+0.00001*(35-20)),J36*(1+0.00001*(G36-20)))) -> 111.84638 | O36: =IF(ISBLANK(E36),"",(0.999842594+(0.00006793952*E36)-(0.00000909529*E36^2)+(0.0000001001685*E36^3)-(0.000000001120083*E36^4)+(0.000000000006536332*E36^5))) -> 0.99973623 | P36: =IF(ISBLANK($R$16),"",IF(A36=0,"",IF(ISBLANK($R$17),"",IF(B36=0,"",IF($O$28=$I$29,"",IF(AND($I$29=$O$29,D36<1000),"N° Flac.",IF(AND($I$29=$O$30,D36>1000),"N° Flac.",IF(AND(D36>1202,D36<2001),"Err. N°",IF(AND(D36>499,D36<1141),"Err.N°",(((((F36)+'Correction de volume'!$G$7)*(($P$21)*($P$19)*5598)/(($R$16)-($R$17)))-(($P$27)*1000))/((N36)-($P$26)))))))))))) -> 3.6381047 | Q36: =IF(ISBLANK($R$16),"",IF(A36=0,"",IF(ISBLANK($R$17),"",IF(AND(D36>1202,D36<2001),"Err. N°",IF(AND(D36>499,D36<1141),"Err.N°",IF(B36=0,"",IF($O$28=$I$29,"",IF(AND($I$29=$O$29,D36<1000),"N° Flac.",IF(AND($I$29=$O$30,D36>1000),"N° Flac.",P36/M36))))))))) -> 3.5433305 | R36: =IF(ISBLANK($R$16),"",IF(A36=0,"",IF(ISBLANK($R$17),"",IF(B36=0,"",IF(ISBLANK(J36),"",IF(AND(D36>1202,D36<2001),"Err. N°",IF(AND(D36>499,D36<1141),"Err.N°",IF($I$29=$O$28,"",IF(AND($I$29=$O$29,D36<1000),"N° Flac.",IF(AND($I$29=$O$30,D36>1000),"N° Flac.",((44.66*P36)))))))))))) -> 162.47776 | S36: =IF(ISBLANK($R$16),"",IF(A36=0,"",IF(ISBLANK($R$17),"",IF(B36=0,"",IF(ISBLANK(J36),"",IF(AND(D36>1202,D36<2001),"Err. N°",IF(AND(D36>499,D36<1141),"Err.N°",IF($I$29=$O$28,"",IF(AND($I$29=$O$29,D36<1000),"N° Flac.",IF(AND($I$29=$O$30,D36>1000),"N° Flac.",((44.66*P36)/M36))))))))))) -> 158.24514
A37: =IF(ISBLANK(VLOOKUP(D37,'Volumes flacons'!A5:C623,3)),0,1) -> 1 | B37: =IF(ISBLANK(D37),0,IF(ISBLANK(E37),0,IF(ISBLANK(F37),0,1))) -> 1 | C37: 3 | D37: 2188 | E37: 20.7 | F37: 2.682 | G37: 35.838 | H37: 500 | I37: 504 | J37: 113.9 | K37: =IF(ISBLANK(E37),"",(0.000824493-(0.0000040899*E37)+(0.000000076438*E37^2)-(0.00000000082467*E37^3)+(0.0000000000053875*E37^4))) -> 0.00076625954 | L37: =IF(ISBLANK(E37),"",(-0.00000572466+(0.00000010227*E37)-(0.0000000016546*E37^2))) -> -4.3166506e-06 | M37: =IF(ISBLANK(E37),"",IF(ISBLANK(G37),(O37+(K37*35)+(L37*35^1.5)+(0.00000048314*35^2)),(O37+(K37*G37)+(L37*G37^1.5)+(0.00000048314*G37^2)))) -> 1.025215 | N37: =IF(ISBLANK(D37),"",IF(ISBLANK(G37),J37*(1+0.00001*(35-20)),J37*(1+0.00001*(G37-20)))) -> 113.91804 | O37: =IF(ISBLANK(E37),"",(0.999842594+(0.00006793952*E37)-(0.00000909529*E37^2)+(0.0000001001685*E37^3)-(0.000000001120083*E37^4)+(0.000000000006536332*E37^5))) -> 0.99805936 | P37: =IF(ISBLANK($R$16),"",IF(A37=0,"",IF(ISBLANK($R$17),"",IF(B37=0,"",IF($O$28=$I$29,"",IF(AND($I$29=$O$29,D37<1000),"N° Flac.",IF(AND($I$29=$O$30,D37>1000),"N° Flac.",IF(AND(D37>1202,D37<2001),"Err. N°",IF(AND(D37>499,D37<1141),"Err.N°",(((((F37)+'Correction de volume'!$G$7)*(($P$21)*($P$19)*5598)/(($R$16)-($R$17)))-(($P$27)*1000))/((N37)-($P$26)))))))))))) -> 2.6817705 | Q37: =IF(ISBLANK($R$16),"",IF(A37=0,"",IF(ISBLANK($R$17),"",IF(AND(D37>1202,D37<2001),"Err. N°",IF(AND(D37>499,D37<1141),"Err.N°",IF(B37=0,"",IF($O$28=$I$29,"",IF(AND($I$29=$O$29,D37<1000),"N° Flac.",IF(AND($I$29=$O$30,D37>1000),"N° Flac.",P37/M37))))))))) -> 2.6158128 | R37: =IF(ISBLANK($R$16),"",IF(A37=0,"",IF(ISBLANK($R$17),"",IF(B37=0,"",IF(ISBLANK(J37),"",IF(AND(D37>1202,D37<2001),"Err. N°",IF(AND(D37>499,D37<1141),"Err.N°",IF($I$29=$O$28,"",IF(AND($I$29=$O$29,D37<1000),"N° Flac.",IF(AND($I$29=$O$30,D37>1000),"N° Flac.",((44.66*P37)))))))))))) -> 119.76787 | S37: =IF(ISBLANK($R$16),"",IF(A37=0,"",IF(ISBLANK($R$17),"",IF(B37=0,"",IF(ISBLANK(J37),"",IF(AND(D37>1202,D37<2001),"Err. N°",IF(AND(D37>499,D37<1141),"Err.N°",IF($I$29=$O$28,"",IF(AND($I$29=$O$29,D37<1000),"N° Flac.",IF(AND($I$29=$O$30,D37>1000),"N° Flac.",((44.66*P37)/M37))))))))))) -> 116.8222
A38: =IF(ISBLANK(VLOOKUP(D38,'Volumes flacons'!A5:C623,3)),0,1) -> 1 | B38: =IF(ISBLANK(D38),0,IF(ISBLANK(E38),0,IF(ISBLANK(F38),0,1))) -> 1 | C38: 4 | D38: 2189 | E38: 12.1 | F38: 3.041 | G38: 34.657 | H38: 500 | I38: 504 | J38: 113.62 | K38: =IF(ISBLANK(E38),"",(0.000824493-(0.0000040899*E38)+(0.000000076438*E38^2)-(0.00000000082467*E38^3)+(0.0000000000053875*E38^4))) -> 0.00078485103 | L38: =IF(ISBLANK(E38),"",(-0.00000572466+(0.00000010227*E38)-(0.0000000016546*E38^2))) -> -4.729443e-06 | M38: =IF(ISBLANK(E38),"",IF(ISBLANK(G38),(O38+(K38*35)+(L38*35^1.5)+(0.00000048314*35^2)),(O38+(K38*G38)+(L38*G38^1.5)+(0.00000048314*G38^2)))) -> 1.0263041 | N38: =IF(ISBLANK(D38),"",IF(ISBLANK(G38),J38*(1+0.00001*(35-20)),J38*(1+0.00001*(G38-20)))) -> 113.63665 | O38: =IF(ISBLANK(E38),"",(0.999842594+(0.00006793952*E38)-(0.00000909529*E38^2)+(0.0000001001685*E38^3)-(0.000000001120083*E38^4)+(0.000000000006536332*E38^5))) -> 0.99948816 | P38: =IF(ISBLANK($R$16),"",IF(A38=0,"",IF(ISBLANK($R$17),"",IF(B38=0,"",IF($O$28=$I$29,"",IF(AND($I$29=$O$29,D38<1000),"N° Flac.",IF(AND($I$29=$O$30,D38>1000),"N° Flac.",IF(AND(D38>1202,D38<2001),"Err. N°",IF(AND(D38>499,D38<1141),"Err.N°",(((((F38)+'Correction de volume'!$G$7)*(($P$21)*($P$19)*5598)/(($R$16)-($R$17)))-(($P$27)*1000))/((N38)-($P$26)))))))))))) -> 3.0504641 | Q38: =IF(ISBLANK($R$16),"",IF(A38=0,"",IF(ISBLANK($R$17),"",IF(AND(D38>1202,D38<2001),"Err. N°",IF(AND(D38>499,D38<1141),"Err.N°",IF(B38=0,"",IF($O$28=$I$29,"",IF(AND($I$29=$O$29,D38<1000),"N° Flac.",IF(AND($I$29=$O$30,D38>1000),"N° Flac.",P38/M38))))))))) -> 2.9722809 | R38: =IF(ISBLANK($R$16),"",IF(A38=0,"",IF(ISBLANK($R$17),"",IF(B38=0,"",IF(ISBLANK(J38),"",IF(AND(D38>1202,D38<2001),"Err. N°",IF(AND(D38>499,D38<1141),"Err.N°",IF($I$29=$O$28,"",IF(AND($I$29=$O$29,D38<1000),"N° Flac.",IF(AND($I$29=$O$30,D38>1000),"N° Flac.",((44.66*P38)))))))))))) -> 136.23373 | S38: =IF(ISBLANK($R$16),"",IF(A38=0,"",IF(ISBLANK($R$17),"",IF(B38=0,"",IF(ISBLANK(J38),"",IF(AND(D38>1202,D38<2001),"Err. N°",IF(AND(D38>499,D38<1141),"Err.N°",IF($I$29=$O$28,"",IF(AND($I$29=$O$29,D38<1000),"N° Flac.",IF(AND($I$29=$O$30,D38>1000),"N° Flac.",((44.66*P38)/M38))))))))))) -> 132.74206
A39: =IF(ISBLANK(VLOOKUP(D39,'Volumes flacons'!A5:C623,3)),0,1) -> 1 | B39: =IF(ISBLANK(D39),0,IF(ISBLANK(E39),0,IF(ISBLANK(F39),0,1))) -> 1 | C39: 5 | D39: 2190 | E39: 17.5 | F39: 2.352 | G39: 35.522 | H39: 100 | I39: 101 | J39: 111.38 | K39: =IF(ISBLANK(E39),"",(0.000824493-(0.0000040899*E39)+(0.000000076438*E39^2)-(0.00000000082467*E39^3)+(0.0000000000053875*E39^4))) -> 0.00077241446 | L39: =IF(ISBLANK(E39),"",(-0.00000572466+(0.00000010227*E39)-(0.0000000016546*E39^2))) -> -4.4416562e-06 | M39: =IF(ISBLANK(E39),"",IF(ISBLANK(G39),(O39+(K39*35)+(L39*35^1.5)+(0.00000048314*35^2)),(O39+(K39*G39)+(L39*G39^1.5)+(0.00000048314*G39^2)))) -> 1.0257956 | N39: =IF(ISBLANK(D39),"",IF(ISBLANK(G39),J39*(1+0.00001*(35-20)),J39*(1+0.00001*(G39-20)))) -> 111.39729 | O39: =IF(ISBLANK(E39),"",(0.999842594+(0.00006793952*E39)-(0.00000909529*E39^2)+(0.0000001001685*E39^3)-(0.000000001120083*E39^4)+(0.000000000006536332*E39^5))) -> 0.99868862 | P39: =IF(ISBLANK($R$16),"",IF(A39=0,"",IF(ISBLANK($R$17),"",IF(B39=0,"",IF($O$28=$I$29,"",IF(AND($I$29=$O$29,D39<1000),"N° Flac.",IF(AND($I$29=$O$30,D39>1000),"N° Flac.",IF(AND(D39>1202,D39<2001),"Err. N°",IF(AND(D39>499,D39<1141),"Err.N°",(((((F39)+'Correction de volume'!$G$7)*(($P$21)*($P$19)*5598)/(($R$16)-($R$17)))-(($P$27)*1000))/((N39)-($P$26)))))))))))) -> 2.4040661 | Q39: =IF(ISBLANK($R$16),"",IF(A39=0,"",IF(ISBLANK($R$17),"",IF(AND(D39>1202,D39<2001),"Err. N°",IF(AND(D39>499,D39<1141),"Err.N°",IF(B39=0,"",IF($O$28=$I$29,"",IF(AND($I$29=$O$29,D39<1000),"N° Flac.",IF(AND($I$29=$O$30,D39>1000),"N° Flac.",P39/M39))))))))) -> 2.3436112 | R39: =IF(ISBLANK($R$16),"",IF(A39=0,"",IF(ISBLANK($R$17),"",IF(B39=0,"",IF(ISBLANK(J39),"",IF(AND(D39>1202,D39<2001),"Err. N°",IF(AND(D39>499,D39<1141),"Err.N°",IF($I$29=$O$28,"",IF(AND($I$29=$O$29,D39<1000),"N° Flac.",IF(AND($I$29=$O$30,D39>1000),"N° Flac.",((44.66*P39)))))))))))) -> 107.36559 | S39: =IF(ISBLANK($R$16),"",IF(A39=0,"",IF(ISBLANK($R$17),"",IF(B39=0,"",IF(ISBLANK(J39),"",IF(AND(D39>1202,D39<2001),"Err. N°",IF(AND(D39>499,D39<1141),"Err.N°",IF($I$29=$O$28,"",IF(AND($I$29=$O$29,D39<1000),"N° Flac.",IF(AND($I$29=$O$30,D39>1000),"N° Flac.",((44.66*P39)/M39))))))))))) -> 104.66568 | T39: 0.02 | U39: 0.02 | V39: 19.1 | W39: 18.6 | X39: 19 | Y39: 18.6 | Z39: 1.4 | AA39: 1.37 | AB39: 6.97 | AC39: 6.81 | AD39: 0.0035 | AE39: 0.0017 | AF39: -99999 | AG39: 0.0046 | AH39: 0.0024 | AI39: -99999 | AJ39: -99999 | AK39: -99999 | AL39: 0.0104 | AM39: 0.0013 | AN39: -99999 | AO39: -99999 | AP39: -99999 | AR39: 0.0042 | AS39: 0.0048 | AU39: 0.0015 | AV39: -99999 | AX39: 0.0019 | AY39: 0.0184 | BA39: -99999
A40: =IF(ISBLANK(VLOOKUP(D40,'Volumes flacons'!A5:C623,3)),0,1) -> 1 | B40: =IF(ISBLANK(D40),0,IF(ISBLANK(E40),0,IF(ISBLANK(F40),0,1))) -> 1 | C40: 6 | D40: 2191 | E40: 18.7 | F40: 2.355 | G40: 35.69 | H40: 80 | I40: 81 | J40: 114.18 | K40: =IF(ISBLANK(E40),"",(0.000824493-(0.0000040899*E40)+(0.000000076438*E40^2)-(0.00000000082467*E40^3)+(0.0000000000053875*E40^4))) -> 0.00077000759 | L40: =IF(ISBLANK(E40),"",(-0.00000572466+(0.00000010227*E40)-(0.0000000016546*E40^2))) -> -4.3908081e-06 | M40: =IF(ISBLANK(E40),"",IF(ISBLANK(G40),(O40+(K40*35)+(L40*35^1.5)+(0.00000048314*35^2)),(O40+(K40*G40)+(L40*G40^1.5)+(0.00000048314*G40^2)))) -> 1.0256263 | N40: =IF(ISBLANK(D40),"",IF(ISBLANK(G40),J40*(1+0.00001*(35-20)),J40*(1+0.00001*(G40-20)))) -> 114.19791 | O40: =IF(ISBLANK(E40),"",(0.999842594+(0.00006793952*E40)-(0.00000909529*E40^2)+(0.0000001001685*E40^3)-(0.000000001120083*E40^4)+(0.000000000006536332*E40^5))) -> 0.99846553 | P40: =IF(ISBLANK($R$16),"",IF(A40=0,"",IF(ISBLANK($R$17),"",IF(B40=0,"",IF($O$28=$I$29,"",IF(AND($I$29=$O$29,D40<1000),"N° Flac.",IF(AND($I$29=$O$30,D40>1000),"N° Flac.",IF(AND(D40>1202,D40<2001),"Err. N°",IF(AND(D40>499,D40<1141),"Err.N°",(((((F40)+'Correction de volume'!$G$7)*(($P$21)*($P$19)*5598)/(($R$16)-($R$17)))-(($P$27)*1000))/((N40)-($P$26)))))))))))) -> 2.3470576 | Q40: =IF(ISBLANK($R$16),"",IF(A40=0,"",IF(ISBLANK($R$17),"",IF(AND(D40>1202,D40<2001),"Err. N°",IF(AND(D40>499,D40<1141),"Err.N°",IF(B40=0,"",IF($O$28=$I$29,"",IF(AND($I$29=$O$29,D40<1000),"N° Flac.",IF(AND($I$29=$O$30,D40>1000),"N° Flac.",P40/M40))))))))) -> 2.288414 | R40: =IF(ISBLANK($R$16),"",IF(A40=0,"",IF(ISBLANK($R$17),"",IF(B40=0,"",IF(ISBLANK(J40),"",IF(AND(D40>1202,D40<2001),"Err. N°",IF(AND(D40>499,D40<1141),"Err.N°",IF($I$29=$O$28,"",IF(AND($I$29=$O$29,D40<1000),"N° Flac.",IF(AND($I$29=$O$30,D40>1000),"N° Flac.",((44.66*P40)))))))))))) -> 104.81959 | S40: =IF(ISBLANK($R$16),"",IF(A40=0,"",IF(ISBLANK($R$17),"",IF(B40=0,"",IF(ISBLANK(J40),"",IF(AND(D40>1202,D40<2001),"Err. N°",IF(AND(D40>499,D40<1141),"Err.N°",IF($I$29=$O$28,"",IF(AND($I$29=$O$29,D40<1000),"N° Flac.",IF(AND($I$29=$O$30,D40>1000),"N° Flac.",((44.66*P40)/M40))))))))))) -> 102.20057 | T40: 0.03 | U40: 0.03 | V40: 18.6 | W40: 18.2 | X40: 18.6 | Y40: 18.2 | Z40: 1.35 | AA40: 1.31 | AB40: 6.44 | AC40: 6.3 | AD40: 0.0275 | AE40: 0.0182 | AF40: -99999 | AG40: 0.0427 | AH40: 0.0164 | AI40: 0.0019 | AJ40: 0.0023 | AK40: -99999 | AL40: 0.0373 | AM40: 0.0037 | AN40: -99999 | AO40: -99999 | AP40: 0.0118 | AR40: 0.0805 | AS40: 0.0383 | AU40: 0.0253 | AV40: -99999 | AX40: 0.0489 | AY40: 0.1232 | BA40: -99999
A41: =IF(ISBLANK(VLOOKUP(D41,'Volumes flacons'!A5:C623,3)),0,1) -> 1 | B41: =IF(ISBLANK(D41),0,IF(ISBLANK(E41),0,IF(ISBLANK(F41),0,1))) -> 1 | C41: 7 | D41: 2192 | E41: 20.4 | F41: 2.545 | G41: 35.79 | H41: 60 | I41: 61 | J41: 113.56 | K41: =IF(ISBLANK(E41),"",(0.000824493-(0.0000040899*E41)+(0.000000076438*E41^2)-(0.00000000082467*E41^3)+(0.0000000000053875*E41^4))) -> 0.00076680136 | L41: =IF(ISBLANK(E41),"",(-0.00000572466+(0.00000010227*E41)-(0.0000000016546*E41^2))) -> -4.3269303e-06 | M41: =IF(ISBLANK(E41),"",IF(ISBLANK(G41),(O41+(K41*35)+(L41*35^1.5)+(0.00000048314*35^2)),(O41+(K41*G41)+(L41*G41^1.5)+(0.00000048314*G41^2)))) -> 1.0252592 | N41: =IF(ISBLANK(D41),"",IF(ISBLANK(G41),J41*(1+0.00001*(35-20)),J41*(1+0.00001*(G41-20)))) -> 113.57793 | O41: =IF(ISBLANK(E41),"",(0.999842594+(0.00006793952*E41)-(0.00000909529*E41^2)+(0.0000001001685*E41^3)-(0.000000001120083*E41^4)+(0.000000000006536332*E41^5))) -> 0.99812297 | P41: =IF(ISBLANK($R$16),"",IF(A41=0,"",IF(ISBLANK($R$17),"",IF(B41=0,"",IF($O$28=$I$29,"",IF(AND($I$29=$O$29,D41<1000),"N° Flac.",IF(AND($I$29=$O$30,D41>1000),"N° Flac.",IF(AND(D41>1202,D41<2001),"Err. N°",IF(AND(D41>499,D41<1141),"Err.N°",(((((F41)+'Correction de volume'!$G$7)*(($P$21)*($P$19)*5598)/(($R$16)-($R$17)))-(($P$27)*1000))/((N41)-($P$26)))))))))))) -> 2.5517541 | Q41: =IF(ISBLANK($R$16),"",IF(A41=0,"",IF(ISBLANK($R$17),"",IF(AND(D41>1202,D41<2001),"Err. N°",IF(AND(D41>499,D41<1141),"Err.N°",IF(B41=0,"",IF($O$28=$I$29,"",IF(AND($I$29=$O$29,D41<1000),"N° Flac.",IF(AND($I$29=$O$30,D41>1000),"N° Flac.",P41/M41))))))))) -> 2.4888868 | R41: =IF(ISBLANK($R$16),"",IF(A41=0,"",IF(ISBLANK($R$17),"",IF(B41=0,"",IF(ISBLANK(J41),"",IF(AND(D41>1202,D41<2001),"Err. N°",IF(AND(D41>499,D41<1141),"Err.N°",IF($I$29=$O$28,"",IF(AND($I$29=$O$29,D41<1000),"N° Flac.",IF(AND($I$29=$O$30,D41>1000),"N° Flac.",((44.66*P41)))))))))))) -> 113.96134 | S41: =IF(ISBLANK($R$16),"",IF(A41=0,"",IF(ISBLANK($R$17),"",IF(B41=0,"",IF(ISBLANK(J41),"",IF(AND(D41>1202,D41<2001),"Err. N°",IF(AND(D41>499,D41<1141),"Err.N°",IF($I$29=$O$28,"",IF(AND($I$29=$O$29,D41<1000),"N° Flac.",IF(AND($I$29=$O$30,D41>1000),"N° Flac.",((44.66*P41)/M41))))))))))) -> 111.15369 | T41: 0.17 | U41: 0.17 | V41: 15 | W41: 14.7 | X41: 14.9 | Y41: 14.5 | Z41: 1 | AA41: 0.98 | AB41: 4.48 | AC41: 4.38 | AD41: 0.083 | AE41: 0.0907 | AF41: 0.0153 | AG41: 0.1085 | AH41: 0.0397 | AI41: 0.009 | AJ41: 0.0146 | AK41: 0.0067 | AL41: 0.2069 | AM41: 0.0155 | AN41: 0.0101 | AO41: -99999 | AP41: 0.0748 | AR41: 0.0419 | AS41: 0.1359 | AU41: 0.0548 | AV41: -99999 | AX41: 0.1303 | AY41: 0.5984 | BA41: -99999
A42: =IF(ISBLANK(VLOOKUP(D42,'Volumes flacons'!A5:C623,3)),0,1) -> 1 | B42: =IF(ISBLANK(D42),0,IF(ISBLANK(E42),0,IF(ISBLANK(F42),0,1))) -> 1 | C42: 8 | D42: 2193 | E42: 25.1 | F42: 3.798 | G42: 36.106 | H42: 40 | I42: 41 | J42: 111.44 | K42: =IF(ISBLANK(E42),"",(0.000824493-(0.0000040899*E42)+(0.000000076438*E42^2)-(0.00000000082467*E42^3)+(0.0000000000053875*E42^4))) -> 0.00075909087 | L42: =IF(ISBLANK(E42),"",(-0.00000572466+(0.00000010227*E42)-(0.0000000016546*E42^2))) -> -4.2000975e-06 | M42: =IF(ISBLANK(E42),"",IF(ISBLANK(G42),(O42+(K42*35)+(L42*35^1.5)+(0.00000048314*35^2)),(O42+(K42*G42)+(L42*G42^1.5)+(0.00000048314*G42^2)))) -> 1.0241486 | N42: =IF(ISBLANK(D42),"",IF(ISBLANK(G42),J42*(1+0.00001*(35-20)),J42*(1+0.00001*(G42-20)))) -> 111.45795 | O42: =IF(ISBLANK(E42),"",(0.999842594+(0.00006793952*E42)-(0.00000909529*E42^2)+(0.0000001001685*E42^3)-(0.000000001120083*E42^4)+(0.000000000006536332*E42^5))) -> 0.99702229 | P42: =IF(ISBLANK($R$16),"",IF(A42=0,"",IF(ISBLANK($R$17),"",IF(B42=0,"",IF($O$28=$I$29,"",IF(AND($I$29=$O$29,D42<1000),"N° Flac.",IF(AND($I$29=$O$30,D42>1000),"N° Flac.",IF(AND(D42>1202,D42<2001),"Err. N°",IF(AND(D42>499,D42<1141),"Err.N°",(((((F42)+'Correction de volume'!$G$7)*(($P$21)*($P$19)*5598)/(($R$16)-($R$17)))-(($P$27)*1000))/((N42)-($P$26)))))))))))) -> 3.889569 | Q42: =IF(ISBLANK($R$16),"",IF(A42=0,"",IF(ISBLANK($R$17),"",IF(AND(D42>1202,D42<2001),"Err. N°",IF(AND(D42>499,D42<1141),"Err.N°",IF(B42=0,"",IF($O$28=$I$29,"",IF(AND($I$29=$O$29,D42<1000),"N° Flac.",IF(AND($I$29=$O$30,D42>1000),"N° Flac.",P42/M42))))))))) -> 3.797856 | R42: =IF(ISBLANK($R$16),"",IF(A42=0,"",IF(ISBLANK($R$17),"",IF(B42=0,"",IF(ISBLANK(J42),"",IF(AND(D42>1202,D42<2001),"Err. N°",IF(AND(D42>499,D42<1141),"Err.N°",IF($I$29=$O$28,"",IF(AND($I$29=$O$29,D42<1000),"N° Flac.",IF(AND($I$29=$O$30,D42>1000),"N° Flac.",((44.66*P42)))))))))))) -> 173.70815 | S42: =IF(ISBLANK($R$16),"",IF(A42=0,"",IF(ISBLANK($R$17),"",IF(B42=0,"",IF(ISBLANK(J42),"",IF(AND(D42>1202,D42<2001),"Err. N°",IF(AND(D42>499,D42<1141),"Err.N°",IF($I$29=$O$28,"",IF(AND($I$29=$O$29,D42<1000),"N° Flac.",IF(AND($I$29=$O$30,D42>1000),"N° Flac.",((44.66*P42)/M42))))))))))) -> 169.61225 | T42: 0.01 | U42: 0.01 | V42: 0 | W42: 0 | X42: 0 | Y42: 0 | Z42: 0.03 | AA42: 0.03 | AB42: 1.27 | AC42: 1.24 | AD42: 0.0802 | AE42: 0.0809 | AF42: 0.0135 | AG42: 0.0998 | AH42: 0.0367 | AI42: 0.01 | AJ42: 0.0141 | AK42: 0.0066 | AL42: 0.1871 | AM42: 0.0147 | AN42: 0.0093 | AO42: -99999 | AP42: 0.0671 | AR42: 0.0365 | AS42: 0.1391 | AU42: 0.0498 | AV42: -99999 | AX42: 0.1134 | AY42: 0.5567 | BA42: -99999
A43: =IF(ISBLANK(VLOOKUP(D43,'Volumes flacons'!A5:C623,3)),0,1) -> 1 | B43: =IF(ISBLANK(D43),0,IF(ISBLANK(E43),0,IF(ISBLANK(F43),0,1))) -> 1 | C43: 9 | D43: 2194 | E43: 27.7 | F43: 4.503 | G43: 35.897 | H43: 20 | I43: 21 | J43: 111.97 | K43: =IF(ISBLANK(E43),"",(0.000824493-(0.0000040899*E43)+(0.000000076438*E43^2)-(0.00000000082467*E43^3)+(0.0000000000053875*E43^4))) -> 0.00075549721 | L43: =IF(ISBLANK(E43),"",(-0.00000572466+(0.00000010227*E43)-(0.0000000016546*E43^2))) -> -4.161339e-06 | M43: =IF(ISBLANK(E43),"",IF(ISBLANK(G43),(O43+(K43*35)+(L43*35^1.5)+(0.00000048314*35^2)),(O43+(K43*G43)+(L43*G43^1.5)+(0.00000048314*G43^2)))) -> 1.0231696 | N43: =IF(ISBLANK(D43),"",IF(ISBLANK(G43),J43*(1+0.00001*(35-20)),J43*(1+0.00001*(G43-20)))) -> 111.9878 | O43: =IF(ISBLANK(E43),"",(0.999842594+(0.00006793952*E43)-(0.00000909529*E43^2)+(0.0000001001685*E43^3)-(0.000000001120083*E43^4)+(0.000000000006536332*E43^5))) -> 0.99632193 | P43: =IF(ISBLANK($R$16),"",IF(A43=0,"",IF(ISBLANK($R$17),"",IF(B43=0,"",IF($O$28=$I$29,"",IF(AND($I$29=$O$29,D43<1000),"N° Flac.",IF(AND($I$29=$O$30,D43>1000),"N° Flac.",IF(AND(D43>1202,D43<2001),"Err. N°",IF(AND(D43>499,D43<1141),"Err.N°",(((((F43)+'Correction de volume'!$G$7)*(($P$21)*($P$19)*5598)/(($R$16)-($R$17)))-(($P$27)*1000))/((N43)-($P$26)))))))))))) -> 4.5922455 | Q43: =IF(ISBLANK($R$16),"",IF(A43=0,"",IF(ISBLANK($R$17),"",IF(AND(D43>1202,D43<2001),"Err. N°",IF(AND(D43>499,D43<1141),"Err.N°",IF(B43=0,"",IF($O$28=$I$29,"",IF(AND($I$29=$O$29,D43<1000),"N° Flac.",IF(AND($I$29=$O$30,D43>1000),"N° Flac.",P43/M43))))))))) -> 4.4882545 | R43: =IF(ISBLANK($R$16),"",IF(A43=0,"",IF(ISBLANK($R$17),"",IF(B43=0,"",IF(ISBLANK(J43),"",IF(AND(D43>1202,D43<2001),"Err. N°",IF(AND(D43>499,D43<1141),"Err.N°",IF($I$29=$O$28,"",IF(AND($I$29=$O$29,D43<1000),"N° Flac.",IF(AND($I$29=$O$30,D43>1000),"N° Flac.",((44.66*P43)))))))))))) -> 205.08968 | S43: =IF(ISBLANK($R$16),"",IF(A43=0,"",IF(ISBLANK($R$17),"",IF(B43=0,"",IF(ISBLANK(J43),"",IF(AND(D43>1202,D43<2001),"Err. N°",IF(AND(D43>499,D43<1141),"Err.N°",IF($I$29=$O$28,"",IF(AND($I$29=$O$29,D43<1000),"N° Flac.",IF(AND($I$29=$O$30,D43>1000),"N° Flac.",((44.66*P43)/M43))))))))))) -> 200.44545 | T43: 0.01 | U43: 0.01 | V43: 0 | W43: 0 | X43: 0 | Y43: 0 | Z43: 0.01 | AA43: 0.01 | AB43: 0.77 | AC43: 0.75 | AD43: 0.0056 | AE43: 0.0104 | AF43: 0.0058 | AG43: 0.0076 | AH43: 0.0067 | AI43: -99999 | AJ43: -99999 | AK43: -99999 | AL43: 0.0245 | AM43: 0.0046 | AN43: -99999 | AO43: -99999 | AP43: 0.0802 | AR43: 0.0073 | AS43: 0.0088 | AU43: 0.0172 | AV43: -99999 | AX43: 0.0585 | AY43: 0.0773 | BA43: -99999
A44: =IF(ISBLANK(VLOOKUP(D44,'Volumes flacons'!A5:C623,3)),0,1) -> 1 | B44: =IF(ISBLANK(D44),0,IF(ISBLANK(E44),0,IF(ISBLANK(F44),0,1))) -> 1 | C44: 10 | D44: 2197 | E44: 28 | F44: 4.559 | G44: 35.547 | H44: 10 | I44: 10 | J44: 113.81 | K44: =IF(ISBLANK(E44),"",(0.000824493-(0.0000040899*E44)+(0.000000076438*E44^2)-(0.00000000082467*E44^3)+(0.0000000000053875*E44^4))) -> 0.0007551115 | L44: =IF(ISBLANK(E44),"",(-0.00000572466+(0.00000010227*E44)-(0.0000000016546*E44^2))) -> -4.1583064e-06 | M44: =IF(ISBLANK(E44),"",IF(ISBLANK(G44),(O44+(K44*35)+(L44*35^1.5)+(0.00000048314*35^2)),(O44+(K44*G44)+(L44*G44^1.5)+(0.00000048314*G44^2)))) -> 1.0228083 | N44: =IF(ISBLANK(D44),"",IF(ISBLANK(G44),J44*(1+0.00001*(35-20)),J44*(1+0.00001*(G44-20)))) -> 113.82769 | O44: =IF(ISBLANK(E44),"",(0.999842594+(0.00006793952*E44)-(0.00000909529*E44^2)+(0.0000001001685*E44^3)-(0.000000001120083*E44^4)+(0.000000000006536332*E44^5))) -> 0.99623712 | P44: =IF(ISBLANK($R$16),"",IF(A44=0,"",IF(ISBLANK($R$17),"",IF(B44=0,"",IF($O$28=$I$29,"",IF(AND($I$29=$O$29,D44<1000),"N° Flac.",IF(AND($I$29=$O$30,D44>1000),"N° Flac.",IF(AND(D44>1202,D44<2001),"Err. N°",IF(AND(D44>499,D44<1141),"Err.N°",(((((F44)+'Correction de volume'!$G$7)*(($P$21)*($P$19)*5598)/(($R$16)-($R$17)))-(($P$27)*1000))/((N44)-($P$26)))))))))))) -> 4.5730396 | Q44: =IF(ISBLANK($R$16),"",IF(A44=0,"",IF(ISBLANK($R$17),"",IF(AND(D44>1202,D44<2001),"Err. N°",IF(AND(D44>499,D44<1141),"Err.N°",IF(B44=0,"",IF($O$28=$I$29,"",IF(AND($I$29=$O$29,D44<1000),"N° Flac.",IF(AND($I$29=$O$30,D44>1000),"N° Flac.",P44/M44))))))))) -> 4.4710624 | R44: =IF(ISBLANK($R$16),"",IF(A44=0,"",IF(ISBLANK($R$17),"",IF(B44=0,"",IF(ISBLANK(J44),"",IF(AND(D44>1202,D44<2001),"Err. N°",IF(AND(D44>499,D44<1141),"Err.N°",IF($I$29=$O$28,"",IF(AND($I$29=$O$29,D44<1000),"N° Flac.",IF(AND($I$29=$O$30,D44>1000),"N° Flac.",((44.66*P44)))))))))))) -> 204.23195 | S44: =IF(ISBLANK($R$16),"",IF(A44=0,"",IF(ISBLANK($R$17),"",IF(B44=0,"",IF(ISBLANK(J44),"",IF(AND(D44>1202,D44<2001),"Err. N°",IF(AND(D44>499,D44<1141),"Err.N°",IF($I$29=$O$28,"",IF(AND($I$29=$O$29,D44<1000),"N° Flac.",IF(AND($I$29=$O$30,D44>1000),"N° Flac.",((44.66*P44)/M44))))))))))) -> 199.67765
A45: =IF(ISBLANK(VLOOKUP(D45,'Volumes flacons'!A5:C623,3)),0,1) -> 1 | B45: =IF(ISBLANK(D45),0,IF(ISBLANK(E45),0,IF(ISBLANK(F45),0,1))) -> 1 | C45: 11 | D45: 2198 | E45: 28.3 | F45: 4.469 | G45: 34.584 | H45: 0 | I45: 2.8 | J45: 113.13 | K45: =IF(ISBLANK(E45),"",(0.000824493-(0.0000040899*E45)+(0.000000076438*E45^2)-(0.00000000082467*E45^3)+(0.0000000000053875*E45^4))) -> 0.00075473164 | L45: =IF(ISBLANK(E45),"",(-0.00000572466+(0.00000010227*E45)-(0.0000000016546*E45^2))) -> -4.1555716e-06 | M45: =IF(ISBLANK(E45),"",IF(ISBLANK(G45),(O45+(K45*35)+(L45*35^1.5)+(0.00000048314*35^2)),(O45+(K45*G45)+(L45*G45^1.5)+(0.00000048314*G45^2)))) -> 1.0219858 | N45: =IF(ISBLANK(D45),"",IF(ISBLANK(G45),J45*(1+0.00001*(35-20)),J45*(1+0.00001*(G45-20)))) -> 113.1465 | O45: =IF(ISBLANK(E45),"",(0.999842594+(0.00006793952*E45)-(0.00000909529*E45^2)+(0.0000001001685*E45^3)-(0.000000001120083*E45^4)+(0.000000000006536332*E45^5))) -> 0.99615149 | P45: =IF(ISBLANK($R$16),"",IF(A45=0,"",IF(ISBLANK($R$17),"",IF(B45=0,"",IF($O$28=$I$29,"",IF(AND($I$29=$O$29,D45<1000),"N° Flac.",IF(AND($I$29=$O$30,D45>1000),"N° Flac.",IF(AND(D45>1202,D45<2001),"Err. N°",IF(AND(D45>499,D45<1141),"Err.N°",(((((F45)+'Correction de volume'!$G$7)*(($P$21)*($P$19)*5598)/(($R$16)-($R$17)))-(($P$27)*1000))/((N45)-($P$26)))))))))))) -> 4.5099354 | Q45: =IF(ISBLANK($R$16),"",IF(A45=0,"",IF(ISBLANK($R$17),"",IF(AND(D45>1202,D45<2001),"Err. N°",IF(AND(D45>499,D45<1141),"Err.N°",IF(B45=0,"",IF($O$28=$I$29,"",IF(AND($I$29=$O$29,D45<1000),"N° Flac.",IF(AND($I$29=$O$30,D45>1000),"N° Flac.",P45/M45))))))))) -> 4.4129139 | R45: =IF(ISBLANK($R$16),"",IF(A45=0,"",IF(ISBLANK($R$17),"",IF(B45=0,"",IF(ISBLANK(J45),"",IF(AND(D45>1202,D45<2001),"Err. N°",IF(AND(D45>499,D45<1141),"Err.N°",IF($I$29=$O$28,"",IF(AND($I$29=$O$29,D45<1000),"N° Flac.",IF(AND($I$29=$O$30,D45>1000),"N° Flac.",((44.66*P45)))))))))))) -> 201.41372 | S45: =IF(ISBLANK($R$16),"",IF(A45=0,"",IF(ISBLANK($R$17),"",IF(B45=0,"",IF(ISBLANK(J45),"",IF(AND(D45>1202,D45<2001),"Err. N°",IF(AND(D45>499,D45<1141),"Err.N°",IF($I$29=$O$28,"",IF(AND($I$29=$O$29,D45<1000),"N° Flac.",IF(AND($I$29=$O$30,D45>1000),"N° Flac.",((44.66*P45)/M45))))))))))) -> 197.08073 | T45: 0 | U45: 0 | V45: 0 | W45: 0 | X45: 0 | Y45: 0 | Z45: 0.03 | AA45: 0.03 | AB45: 0.8 | AC45: 0.78 | AD45: 0.0037 | AE45: 0.009 | AF45: -99999 | AG45: 0.0068 | AH45: 0.0064 | AI45: -99999 | AJ45: -99999 | AK45: -99999 | AL45: 0.0289 | AM45: 0.0052 | AN45: -99999 | AO45: -99999 | AP45: 0.0998 | AR45: 0.0043 | AS45: 0.008 | AU45: -99999 | AV45: 0.0231 | AX45: 0.0575 | AY45: 0.1346 | BA45: -99999
A46: =IF(ISBLANK(VLOOKUP(D46,'Volumes flacons'!A5:C623,3)),0,1) -> 1 | B46: =IF(ISBLANK(D46),0,IF(ISBLANK(E46),0,IF(ISBLANK(F46),0,1))) -> 0 | C46: 12 | J46: =IF(ISBLANK(D46),"",IF(VLOOKUP(D46,'Volumes flacons'!$A$5:$C$989,2)=0,"",IF(D46>'Volumes flacons'!$A$989,"Mauvais numéro",IF(D46<'Volumes flacons'!$A$5,"Mauvais numéro",(VLOOKUP(D46,'Volumes flacons'!$A$5:$C$989,3)))))) | K46: =IF(ISBLANK(E46),"",(0.000824493-(0.0000040899*E46)+(0.000000076438*E46^2)-(0.00000000082467*E46^3)+(0.0000000000053875*E46^4))) | L46: =IF(ISBLANK(E46),"",(-0.00000572466+(0.00000010227*E46)-(0.0000000016546*E46^2))) | M46: =IF(ISBLANK(E46),"",IF(ISBLANK(G46),(O46+(K46*35)+(L46*35^1.5)+(0.00000048314*35^2)),(O46+(K46*G46)+(L46*G46^1.5)+(0.00000048314*G46^2)))) | N46: =IF(ISBLANK(D46),"",IF(ISBLANK(G46),J46*(1+0.00001*(35-20)),J46*(1+0.00001*(G46-20)))) | O46: =IF(ISBLANK(E46),"",(0.999842594+(0.00006793952*E46)-(0.00000909529*E46^2)+(0.0000001001685*E46^3)-(0.000000001120083*E46^4)+(0.000000000006536332*E46^5))) | P46: =IF(ISBLANK($R$16),"",IF(A46=0,"",IF(ISBLANK($R$17),"",IF(B46=0,"",IF($O$28=$I$29,"",IF(AND($I$29=$O$29,D46<1000),"N° Flac.",IF(AND($I$29=$O$30,D46>1000),"N° Flac.",IF(AND(D46>1202,D46<2001),"Err. N°",IF(AND(D46>499,D46<1141),"Err.N°",(((((F46)+'Correction de volume'!$G$7)*(($P$21)*($P$19)*5598)/(($R$16)-($R$17)))-(($P$27)*1000))/((N46)-($P$26)))))))))))) | Q46: =IF(ISBLANK($R$16),"",IF(A46=0,"",IF(ISBLANK($R$17),"",IF(AND(D46>1202,D46<2001),"Err. N°",IF(AND(D46>499,D46<1141),"Err.N°",IF(B46=0,"",IF($O$28=$I$29,"",IF(AND($I$29=$O$29,D46<1000),"N° Flac.",IF(AND($I$29=$O$30,D46>1000),"N° Flac.",P46/M46))))))))) | R46: =IF(ISBLANK($R$16),"",IF(A46=0,"",IF(ISBLANK($R$17),"",IF(B46=0,"",IF(ISBLANK(J46),"",IF(AND(D46>1202,D46<2001),"Err. N°",IF(AND(D46>499,D46<1141),"Err.N°",IF($I$29=$O$28,"",IF(AND($I$29=$O$29,D46<1000),"N° Flac.",IF(AND($I$29=$O$30,D46>1000),"N° Flac.",((44.66*P46)))))))))))) | S46: =IF(ISBLANK($R$16),"",IF(A46=0,"",IF(ISBLANK($R$17),"",IF(B46=0,"",IF(ISBLANK(J46),"",IF(AND(D46>1202,D46<2001),"Err. N°",IF(AND(D46>499,D46<1141),"Err.N°",IF($I$29=$O$28,"",IF(AND($I$29=$O$29,D46<1000),"N° Flac.",IF(AND($I$29=$O$30,D46>1000),"N° Flac.",((44.66*P46)/M46)))))))))))
A47: =IF(ISBLANK(VLOOKUP(D47,'Volumes flacons'!A5:C623,3)),0,1) -> 1 | B47: =IF(ISBLANK(D47),0,IF(ISBLANK(E47),0,IF(ISBLANK(F47),0,1))) -> 0 | C47: 13 | E47: Problème | F47: Problème : bouteille 3 pas fermée à la bonne immersion | J47: =IF(ISBLANK(D47),"",IF(VLOOKUP(D47,'Volumes flacons'!$A$5:$C$989,2)=0,"",IF(D47>'Volumes flacons'!$A$989,"Mauvais numéro",IF(D47<'Volumes flacons'!$A$5,"Mauvais numéro",(VLOOKUP(D47,'Volumes flacons'!$A$5:$C$989,3)))))) | K47: =IF(ISBLANK(E47),"",(0.000824493-(0.0000040899*E47)+(0.000000076438*E47^2)-(0.00000000082467*E47^3)+(0.0000000000053875*E47^4))) -> #VALUE! | L47: =IF(ISBLANK(E47),"",(-0.00000572466+(0.00000010227*E47)-(0.0000000016546*E47^2))) -> #VALUE! | M47: =IF(ISBLANK(E47),"",IF(ISBLANK(G47),(O47+(K47*35)+(L47*35^1.5)+(0.00000048314*35^2)),(O47+(K47*G47)+(L47*G47^1.5)+(0.00000048314*G47^2)))) -> #VALUE! | N47: =IF(ISBLANK(D47),"",IF(ISBLANK(G47),J47*(1+0.00001*(35-20)),J47*(1+0.00001*(G47-20)))) | O47: =IF(ISBLANK(E47),"",(0.999842594+(0.00006793952*E47)-(0.00000909529*E47^2)+(0.0000001001685*E47^3)-(0.000000001120083*E47^4)+(0.000000000006536332*E47^5))) -> #VALUE! | P47: =IF(ISBLANK($R$16),"",IF(A47=0,"",IF(ISBLANK($R$17),"",IF(B47=0,"",IF($O$28=$I$29,"",IF(AND($I$29=$O$29,D47<1000),"N° Flac.",IF(AND($I$29=$O$30,D47>1000),"N° Flac.",IF(AND(D47>1202,D47<2001),"Err. N°",IF(AND(D47>499,D47<1141),"Err.N°",(((((F47)+'Correction de volume'!$G$7)*(($P$21)*($P$19)*5598)/(($R$16)-($R$17)))-(($P$27)*1000))/((N47)-($P$26)))))))))))) | Q47: =IF(ISBLANK($R$16),"",IF(A47=0,"",IF(ISBLANK($R$17),"",IF(AND(D47>1202,D47<2001),"Err. N°",IF(AND(D47>499,D47<1141),"Err.N°",IF(B47=0,"",IF($O$28=$I$29,"",IF(AND($I$29=$O$29,D47<1000),"N° Flac.",IF(AND($I$29=$O$30,D47>1000),"N° Flac.",P47/M47))))))))) | R47: =IF(ISBLANK($R$16),"",IF(A47=0,"",IF(ISBLANK($R$17),"",IF(B47=0,"",IF(ISBLANK(J47),"",IF(AND(D47>1202,D47<2001),"Err. N°",IF(AND(D47>499,D47<1141),"Err.N°",IF($I$29=$O$28,"",IF(AND($I$29=$O$29,D47<1000),"N° Flac.",IF(AND($I$29=$O$30,D47>1000),"N° Flac.",((44.66*P47)))))))))))) | S47: =IF(ISBLANK($R$16),"",IF(A47=0,"",IF(ISBLANK($R$17),"",IF(B47=0,"",IF(ISBLANK(J47),"",IF(AND(D47>1202,D47<2001),"Err. N°",IF(AND(D47>499,D47<1141),"Err.N°",IF($I$29=$O$28,"",IF(AND($I$29=$O$29,D47<1000),"N° Flac.",IF(AND($I$29=$O$30,D47>1000),"N° Flac.",((44.66*P47)/M47)))))))))))
A48: =IF(ISBLANK(VLOOKUP(D48,'Volumes flacons'!A5:C623,3)),0,1) -> 1 | B48: =IF(ISBLANK(D48),0,IF(ISBLANK(E48),0,IF(ISBLANK(F48),0,1))) -> 0 | C48: 14 | J48: =IF(ISBLANK(D48),"",IF(VLOOKUP(D48,'Volumes flacons'!$A$5:$C$989,2)=0,"",IF(D48>'Volumes flacons'!$A$989,"Mauvais numéro",IF(D48<'Volumes flacons'!$A$5,"Mauvais numéro",(VLOOKUP(D48,'Volumes flacons'!$A$5:$C$989,3)))))) | K48: =IF(ISBLANK(E48),"",(0.000824493-(0.0000040899*E48)+(0.000000076438*E48^2)-(0.00000000082467*E48^3)+(0.0000000000053875*E48^4))) | L48: =IF(ISBLANK(E48),"",(-0.00000572466+(0.00000010227*E48)-(0.0000000016546*E48^2))) | M48: =IF(ISBLANK(E48),"",IF(ISBLANK(G48),(O48+(K48*35)+(L48*35^1.5)+(0.00000048314*35^2)),(O48+(K48*G48)+(L48*G48^1.5)+(0.00000048314*G48^2)))) | N48: =IF(ISBLANK(D48),"",IF(ISBLANK(G48),J48*(1+0.00001*(35-20)),J48*(1+0.00001*(G48-20)))) | O48: =IF(ISBLANK(E48),"",(0.999842594+(0.00006793952*E48)-(0.00000909529*E48^2)+(0.0000001001685*E48^3)-(0.000000001120083*E48^4)+(0.000000000006536332*E48^5))) | P48: =IF(ISBLANK($R$16),"",IF(A48=0,"",IF(ISBLANK($R$17),"",IF(B48=0,"",IF($O$28=$I$29,"",IF(AND($I$29=$O$29,D48<1000),"N° Flac.",IF(AND($I$29=$O$30,D48>1000),"N° Flac.",IF(AND(D48>1202,D48<2001),"Err. N°",IF(AND(D48>499,D48<1141),"Err.N°",(((((F48)+'Correction de volume'!$G$7)*(($P$21)*($P$19)*5598)/(($R$16)-($R$17)))-(($P$27)*1000))/((N48)-($P$26)))))))))))) | Q48: =IF(ISBLANK($R$16),"",IF(A48=0,"",IF(ISBLANK($R$17),"",IF(AND(D48>1202,D48<2001),"Err. N°",IF(AND(D48>499,D48<1141),"Err.N°",IF(B48=0,"",IF($O$28=$I$29,"",IF(AND($I$29=$O$29,D48<1000),"N° Flac.",IF(AND($I$29=$O$30,D48>1000),"N° Flac.",P48/M48))))))))) | R48: =IF(ISBLANK($R$16),"",IF(A48=0,"",IF(ISBLANK($R$17),"",IF(B48=0,"",IF(ISBLANK(J48),"",IF(AND(D48>1202,D48<2001),"Err. N°",IF(AND(D48>499,D48<1141),"Err.N°",IF($I$29=$O$28,"",IF(AND($I$29=$O$29,D48<1000),"N° Flac.",IF(AND($I$29=$O$30,D48>1000),"N° Flac.",((44.66*P48)))))))))))) | S48: =IF(ISBLANK($R$16),"",IF(A48=0,"",IF(ISBLANK($R$17),"",IF(B48=0,"",IF(ISBLANK(J48),"",IF(AND(D48>1202,D48<2001),"Err. N°",IF(AND(D48>499,D48<1141),"Err.N°",IF($I$29=$O$28,"",IF(AND($I$29=$O$29,D48<1000),"N° Flac.",IF(AND($I$29=$O$30,D48>1000),"N° Flac.",((44.66*P48)/M48)))))))))))
A49: =IF(ISBLANK(VLOOKUP(D49,'Volumes flacons'!A5:C623,3)),0,1) -> 1 | B49: =IF(ISBLANK(D49),0,IF(ISBLANK(E49),0,IF(ISBLANK(F49),0,1))) -> 0 | C49: 15 | J49: =IF(ISBLANK(D49),"",IF(VLOOKUP(D49,'Volumes flacons'!$A$5:$C$989,2)=0,"",IF(D49>'Volumes flacons'!$A$989,"Mauvais numéro",IF(D49<'Volumes flacons'!$A$5,"Mauvais numéro",(VLOOKUP(D49,'Volumes flacons'!$A$5:$C$989,3)))))) | K49: =IF(ISBLANK(E49),"",(0.000824493-(0.0000040899*E49)+(0.000000076438*E49^2)-(0.00000000082467*E49^3)+(0.0000000000053875*E49^4))) | L49: =IF(ISBLANK(E49),"",(-0.00000572466+(0.00000010227*E49)-(0.0000000016546*E49^2))) | M49: =IF(ISBLANK(E49),"",IF(ISBLANK(G49),(O49+(K49*35)+(L49*35^1.5)+(0.00000048314*35^2)),(O49+(K49*G49)+(L49*G49^1.5)+(0.00000048314*G49^2)))) | N49: =IF(ISBLANK(D49),"",IF(ISBLANK(G49),J49*(1+0.00001*(35-20)),J49*(1+0.00001*(G49-20)))) | O49: =IF(ISBLANK(E49),"",(0.999842594+(0.00006793952*E49)-(0.00000909529*E49^2)+(0.0000001001685*E49^3)-(0.000000001120083*E49^4)+(0.000000000006536332*E49^5))) | P49: =IF(ISBLANK($R$16),"",IF(A49=0,"",IF(ISBLANK($R$17),"",IF(B49=0,"",IF($O$28=$I$29,"",IF(AND($I$29=$O$29,D49<1000),"N° Flac.",IF(AND($I$29=$O$30,D49>1000),"N° Flac.",IF(AND(D49>1202,D49<2001),"Err. N°",IF(AND(D49>499,D49<1141),"Err.N°",(((((F49)+'Correction de volume'!$G$7)*(($P$21)*($P$19)*5598)/(($R$16)-($R$17)))-(($P$27)*1000))/((N49)-($P$26)))))))))))) | Q49: =IF(ISBLANK($R$16),"",IF(A49=0,"",IF(ISBLANK($R$17),"",IF(AND(D49>1202,D49<2001),"Err. N°",IF(AND(D49>499,D49<1141),"Err.N°",IF(B49=0,"",IF($O$28=$I$29,"",IF(AND($I$29=$O$29,D49<1000),"N° Flac.",IF(AND($I$29=$O$30,D49>1000),"N° Flac.",P49/M49))))))))) | R49: =IF(ISBLANK($R$16),"",IF(A49=0,"",IF(ISBLANK($R$17),"",IF(B49=0,"",IF(ISBLANK(J49),"",IF(AND(D49>1202,D49<2001),"Err. N°",IF(AND(D49>499,D49<1141),"Err.N°",IF($I$29=$O$28,"",IF(AND($I$29=$O$29,D49<1000),"N° Flac.",IF(AND($I$29=$O$30,D49>1000),"N° Flac.",((44.66*P49)))))))))))) | S49: =IF(ISBLANK($R$16),"",IF(A49=0,"",IF(ISBLANK($R$17),"",IF(B49=0,"",IF(ISBLANK(J49),"",IF(AND(D49>1202,D49<2001),"Err. N°",IF(AND(D49>499,D49<1141),"Err.N°",IF($I$29=$O$28,"",IF(AND($I$29=$O$29,D49<1000),"N° Flac.",IF(AND($I$29=$O$30,D49>1000),"N° Flac.",((44.66*P49)/M49)))))))))))
A50: =IF(ISBLANK(VLOOKUP(D50,'Volumes flacons'!A5:C623,3)),0,1) -> 1 | B50: =IF(ISBLANK(D50),0,IF(ISBLANK(E50),0,IF(ISBLANK(F50),0,1))) -> 0 | C50: 16 | J50: =IF(ISBLANK(D50),"",IF(VLOOKUP(D50,'Volumes flacons'!$A$5:$C$989,2)=0,"",IF(D50>'Volumes flacons'!$A$989,"Mauvais numéro",IF(D50<'Volumes flacons'!$A$5,"Mauvais numéro",(VLOOKUP(D50,'Volumes flacons'!$A$5:$C$989,3)))))) | K50: =IF(ISBLANK(E50),"",(0.000824493-(0.0000040899*E50)+(0.000000076438*E50^2)-(0.00000000082467*E50^3)+(0.0000000000053875*E50^4))) | L50: =IF(ISBLANK(E50),"",(-0.00000572466+(0.00000010227*E50)-(0.0000000016546*E50^2))) | M50: =IF(ISBLANK(E50),"",IF(ISBLANK(G50),(O50+(K50*35)+(L50*35^1.5)+(0.00000048314*35^2)),(O50+(K50*G50)+(L50*G50^1.5)+(0.00000048314*G50^2)))) | N50: =IF(ISBLANK(D50),"",IF(ISBLANK(G50),J50*(1+0.00001*(35-20)),J50*(1+0.00001*(G50-20)))) | O50: =IF(ISBLANK(E50),"",(0.999842594+(0.00006793952*E50)-(0.00000909529*E50^2)+(0.0000001001685*E50^3)-(0.000000001120083*E50^4)+(0.000000000006536332*E50^5))) | P50: =IF(ISBLANK($R$16),"",IF(A50=0,"",IF(ISBLANK($R$17),"",IF(B50=0,"",IF($O$28=$I$29,"",IF(AND($I$29=$O$29,D50<1000),"N° Flac.",IF(AND($I$29=$O$30,D50>1000),"N° Flac.",IF(AND(D50>1202,D50<2001),"Err. N°",IF(AND(D50>499,D50<1141),"Err.N°",(((((F50)+'Correction de volume'!$G$7)*(($P$21)*($P$19)*5598)/(($R$16)-($R$17)))-(($P$27)*1000))/((N50)-($P$26)))))))))))) | Q50: =IF(ISBLANK($R$16),"",IF(A50=0,"",IF(ISBLANK($R$17),"",IF(AND(D50>1202,D50<2001),"Err. N°",IF(AND(D50>499,D50<1141),"Err.N°",IF(B50=0,"",IF($O$28=$I$29,"",IF(AND($I$29=$O$29,D50<1000),"N° Flac.",IF(AND($I$29=$O$30,D50>1000),"N° Flac.",P50/M50))))))))) | R50: =IF(ISBLANK($R$16),"",IF(A50=0,"",IF(ISBLANK($R$17),"",IF(B50=0,"",IF(ISBLANK(J50),"",IF(AND(D50>1202,D50<2001),"Err. N°",IF(AND(D50>499,D50<1141),"Err.N°",IF($I$29=$O$28,"",IF(AND($I$29=$O$29,D50<1000),"N° Flac.",IF(AND($I$29=$O$30,D50>1000),"N° Flac.",((44.66*P50)))))))))))) | S50: =IF(ISBLANK($R$16),"",IF(A50=0,"",IF(ISBLANK($R$17),"",IF(B50=0,"",IF(ISBLANK(J50),"",IF(AND(D50>1202,D50<2001),"Err. N°",IF(AND(D50>499,D50<1141),"Err.N°",IF($I$29=$O$28,"",IF(AND($I$29=$O$29,D50<1000),"N° Flac.",IF(AND($I$29=$O$30,D50>1000),"N° Flac.",((44.66*P50)/M50)))))))))))
A51: =IF(ISBLANK(VLOOKUP(D51,'Volumes flacons'!A5:C623,3)),0,1) -> 1 | B51: =IF(ISBLANK(D51),0,IF(ISBLANK(E51),0,IF(ISBLANK(F51),0,1))) -> 0 | C51: 17 | J51: =IF(ISBLANK(D51),"",IF(VLOOKUP(D51,'Volumes flacons'!$A$5:$C$989,2)=0,"",IF(D51>'Volumes flacons'!$A$989,"Mauvais numéro",IF(D51<'Volumes flacons'!$A$5,"Mauvais numéro",(VLOOKUP(D51,'Volumes flacons'!$A$5:$C$989,3)))))) | K51: =IF(ISBLANK(E51),"",(0.000824493-(0.0000040899*E51)+(0.000000076438*E51^2)-(0.00000000082467*E51^3)+(0.0000000000053875*E51^4))) | L51: =IF(ISBLANK(E51),"",(-0.00000572466+(0.00000010227*E51)-(0.0000000016546*E51^2))) | M51: =IF(ISBLANK(E51),"",IF(ISBLANK(G51),(O51+(K51*35)+(L51*35^1.5)+(0.00000048314*35^2)),(O51+(K51*G51)+(L51*G51^1.5)+(0.00000048314*G51^2)))) | N51: =IF(ISBLANK(D51),"",IF(ISBLANK(G51),J51*(1+0.00001*(35-20)),J51*(1+0.00001*(G51-20)))) | O51: =IF(ISBLANK(E51),"",(0.999842594+(0.00006793952*E51)-(0.00000909529*E51^2)+(0.0000001001685*E51^3)-(0.000000001120083*E51^4)+(0.000000000006536332*E51^5))) | P51: =IF(ISBLANK($R$16),"",IF(A51=0,"",IF(ISBLANK($R$17),"",IF(B51=0,"",IF($O$28=$I$29,"",IF(AND($I$29=$O$29,D51<1000),"N° Flac.",IF(AND($I$29=$O$30,D51>1000),"N° Flac.",IF(AND(D51>1202,D51<2001),"Err. N°",IF(AND(D51>499,D51<1141),"Err.N°",(((((F51)+'Correction de volume'!$G$7)*(($P$21)*($P$19)*5598)/(($R$16)-($R$17)))-(($P$27)*1000))/((N51)-($P$26)))))))))))) | Q51: =IF(ISBLANK($R$16),"",IF(A51=0,"",IF(ISBLANK($R$17),"",IF(AND(D51>1202,D51<2001),"Err. N°",IF(AND(D51>499,D51<1141),"Err.N°",IF(B51=0,"",IF($O$28=$I$29,"",IF(AND($I$29=$O$29,D51<1000),"N° Flac.",IF(AND($I$29=$O$30,D51>1000),"N° Flac.",P51/M51))))))))) | R51: =IF(ISBLANK($R$16),"",IF(A51=0,"",IF(ISBLANK($R$17),"",IF(B51=0,"",IF(ISBLANK(J51),"",IF(AND(D51>1202,D51<2001),"Err. N°",IF(AND(D51>499,D51<1141),"Err.N°",IF($I$29=$O$28,"",IF(AND($I$29=$O$29,D51<1000),"N° Flac.",IF(AND($I$29=$O$30,D51>1000),"N° Flac.",((44.66*P51)))))))))))) | S51: =IF(ISBLANK($R$16),"",IF(A51=0,"",IF(ISBLANK($R$17),"",IF(B51=0,"",IF(ISBLANK(J51),"",IF(AND(D51>1202,D51<2001),"Err. N°",IF(AND(D51>499,D51<1141),"Err.N°",IF($I$29=$O$28,"",IF(AND($I$29=$O$29,D51<1000),"N° Flac.",IF(AND($I$29=$O$30,D51>1000),"N° Flac.",((44.66*P51)/M51)))))))))))
A52: =IF(ISBLANK(VLOOKUP(D52,'Volumes flacons'!A5:C623,3)),0,1) -> 1 | B52: =IF(ISBLANK(D52),0,IF(ISBLANK(E52),0,IF(ISBLANK(F52),0,1))) -> 0 | C52: 18 | J52: =IF(ISBLANK(D52),"",IF(VLOOKUP(D52,'Volumes flacons'!$A$5:$C$989,2)=0,"",IF(D52>'Volumes flacons'!$A$989,"Mauvais numéro",IF(D52<'Volumes flacons'!$A$5,"Mauvais numéro",(VLOOKUP(D52,'Volumes flacons'!$A$5:$C$989,3)))))) | K52: =IF(ISBLANK(E52),"",(0.000824493-(0.0000040899*E52)+(0.000000076438*E52^2)-(0.00000000082467*E52^3)+(0.0000000000053875*E52^4))) | L52: =IF(ISBLANK(E52),"",(-0.00000572466+(0.00000010227*E52)-(0.0000000016546*E52^2))) | M52: =IF(ISBLANK(E52),"",IF(ISBLANK(G52),(O52+(K52*35)+(L52*35^1.5)+(0.00000048314*35^2)),(O52+(K52*G52)+(L52*G52^1.5)+(0.00000048314*G52^2)))) | N52: =IF(ISBLANK(D52),"",IF(ISBLANK(G52),J52*(1+0.00001*(35-20)),J52*(1+0.00001*(G52-20)))) | O52: =IF(ISBLANK(E52),"",(0.999842594+(0.00006793952*E52)-(0.00000909529*E52^2)+(0.0000001001685*E52^3)-(0.000000001120083*E52^4)+(0.000000000006536332*E52^5))) | P52: =IF(ISBLANK($R$16),"",IF(A52=0,"",IF(ISBLANK($R$17),"",IF(B52=0,"",IF($O$28=$I$29,"",IF(AND($I$29=$O$29,D52<1000),"N° Flac.",IF(AND($I$29=$O$30,D52>1000),"N° Flac.",IF(AND(D52>1202,D52<2001),"Err. N°",IF(AND(D52>499,D52<1141),"Err.N°",(((((F52)+'Correction de volume'!$G$7)*(($P$21)*($P$19)*5598)/(($R$16)-($R$17)))-(($P$27)*1000))/((N52)-($P$26)))))))))))) | Q52: =IF(ISBLANK($R$16),"",IF(A52=0,"",IF(ISBLANK($R$17),"",IF(AND(D52>1202,D52<2001),"Err. N°",IF(AND(D52>499,D52<1141),"Err.N°",IF(B52=0,"",IF($O$28=$I$29,"",IF(AND($I$29=$O$29,D52<1000),"N° Flac.",IF(AND($I$29=$O$30,D52>1000),"N° Flac.",P52/M52))))))))) | R52: =IF(ISBLANK($R$16),"",IF(A52=0,"",IF(ISBLANK($R$17),"",IF(B52=0,"",IF(ISBLANK(J52),"",IF(AND(D52>1202,D52<2001),"Err. N°",IF(AND(D52>499,D52<1141),"Err.N°",IF($I$29=$O$28,"",IF(AND($I$29=$O$29,D52<1000),"N° Flac.",IF(AND($I$29=$O$30,D52>1000),"N° Flac.",((44.66*P52)))))))))))) | S52: =IF(ISBLANK($R$16),"",IF(A52=0,"",IF(ISBLANK($R$17),"",IF(B52=0,"",IF(ISBLANK(J52),"",IF(AND(D52>1202,D52<2001),"Err. N°",IF(AND(D52>499,D52<1141),"Err.N°",IF($I$29=$O$28,"",IF(AND($I$29=$O$29,D52<1000),"N° Flac.",IF(AND($I$29=$O$30,D52>1000),"N° Flac.",((44.66*P52)/M52)))))))))))
A53: =IF(ISBLANK(VLOOKUP(D53,'Volumes flacons'!A5:C623,3)),0,1) -> 1 | B53: =IF(ISBLANK(D53),0,IF(ISBLANK(E53),0,IF(ISBLANK(F53),0,1))) -> 0 | C53: 19 | J53: =IF(ISBLANK(D53),"",IF(VLOOKUP(D53,'Volumes flacons'!$A$5:$C$989,2)=0,"",IF(D53>'Volumes flacons'!$A$989,"Mauvais numéro",IF(D53<'Volumes flacons'!$A$5,"Mauvais numéro",(VLOOKUP(D53,'Volumes flacons'!$A$5:$C$989,3)))))) | K53: =IF(ISBLANK(E53),"",(0.000824493-(0.0000040899*E53)+(0.000000076438*E53^2)-(0.00000000082467*E53^3)+(0.0000000000053875*E53^4))) | L53: =IF(ISBLANK(E53),"",(-0.00000572466+(0.00000010227*E53)-(0.0000000016546*E53^2))) | M53: =IF(ISBLANK(E53),"",IF(ISBLANK(G53),(O53+(K53*35)+(L53*35^1.5)+(0.00000048314*35^2)),(O53+(K53*G53)+(L53*G53^1.5)+(0.00000048314*G53^2)))) | N53: =IF(ISBLANK(D53),"",IF(ISBLANK(G53),J53*(1+0.00001*(35-20)),J53*(1+0.00001*(G53-20)))) | O53: =IF(ISBLANK(E53),"",(0.999842594+(0.00006793952*E53)-(0.00000909529*E53^2)+(0.0000001001685*E53^3)-(0.000000001120083*E53^4)+(0.000000000006536332*E53^5))) | P53: =IF(ISBLANK($R$16),"",IF(A53=0,"",IF(ISBLANK($R$17),"",IF(B53=0,"",IF($O$28=$I$29,"",IF(AND($I$29=$O$29,D53<1000),"N° Flac.",IF(AND($I$29=$O$30,D53>1000),"N° Flac.",IF(AND(D53>1202,D53<2001),"Err. N°",IF(AND(D53>499,D53<1141),"Err.N°",(((((F53)+'Correction de volume'!$G$7)*(($P$21)*($P$19)*5598)/(($R$16)-($R$17)))-(($P$27)*1000))/((N53)-($P$26)))))))))))) | Q53: =IF(ISBLANK($R$16),"",IF(A53=0,"",IF(ISBLANK($R$17),"",IF(AND(D53>1202,D53<2001),"Err. N°",IF(AND(D53>499,D53<1141),"Err.N°",IF(B53=0,"",IF($O$28=$I$29,"",IF(AND($I$29=$O$29,D53<1000),"N° Flac.",IF(AND($I$29=$O$30,D53>1000),"N° Flac.",P53/M53))))))))) | R53: =IF(ISBLANK($R$16),"",IF(A53=0,"",IF(ISBLANK($R$17),"",IF(B53=0,"",IF(ISBLANK(J53),"",IF(AND(D53>1202,D53<2001),"Err. N°",IF(AND(D53>499,D53<1141),"Err.N°",IF($I$29=$O$28,"",IF(AND($I$29=$O$29,D53<1000),"N° Flac.",IF(AND($I$29=$O$30,D53>1000),"N° Flac.",((44.66*P53)))))))))))) | S53: =IF(ISBLANK($R$16),"",IF(A53=0,"",IF(ISBLANK($R$17),"",IF(B53=0,"",IF(ISBLANK(J53),"",IF(AND(D53>1202,D53<2001),"Err. N°",IF(AND(D53>499,D53<1141),"Err.N°",IF($I$29=$O$28,"",IF(AND($I$29=$O$29,D53<1000),"N° Flac.",IF(AND($I$29=$O$30,D53>1000),"N° Flac.",((44.66*P53)/M53)))))))))))
A54: =IF(ISBLANK(VLOOKUP(D54,'Volumes flacons'!A5:C623,3)),0,1) -> 1 | B54: =IF(ISBLANK(D54),0,IF(ISBLANK(E54),0,IF(ISBLANK(F54),0,1))) -> 0 | C54: 20 | J54: =IF(ISBLANK(D54),"",IF(VLOOKUP(D54,'Volumes flacons'!$A$5:$C$989,2)=0,"",IF(D54>'Volumes flacons'!$A$989,"Mauvais numéro",IF(D54<'Volumes flacons'!$A$5,"Mauvais numéro",(VLOOKUP(D54,'Volumes flacons'!$A$5:$C$989,3)))))) | K54: =IF(ISBLANK(E54),"",(0.000824493-(0.0000040899*E54)+(0.000000076438*E54^2)-(0.00000000082467*E54^3)+(0.0000000000053875*E54^4))) | L54: =IF(ISBLANK(E54),"",(-0.00000572466+(0.00000010227*E54)-(0.0000000016546*E54^2))) | M54: =IF(ISBLANK(E54),"",IF(ISBLANK(G54),(O54+(K54*35)+(L54*35^1.5)+(0.00000048314*35^2)),(O54+(K54*G54)+(L54*G54^1.5)+(0.00000048314*G54^2)))) | N54: =IF(ISBLANK(D54),"",IF(ISBLANK(G54),J54*(1+0.00001*(35-20)),J54*(1+0.00001*(G54-20)))) | O54: =IF(ISBLANK(E54),"",(0.999842594+(0.00006793952*E54)-(0.00000909529*E54^2)+(0.0000001001685*E54^3)-(0.000000001120083*E54^4)+(0.000000000006536332*E54^5))) | P54: =IF(ISBLANK($R$16),"",IF(A54=0,"",IF(ISBLANK($R$17),"",IF(B54=0,"",IF($O$28=$I$29,"",IF(AND($I$29=$O$29,D54<1000),"N° Flac.",IF(AND($I$29=$O$30,D54>1000),"N° Flac.",IF(AND(D54>1202,D54<2001),"Err. N°",IF(AND(D54>499,D54<1141),"Err.N°",(((((F54)+'Correction de volume'!$G$7)*(($P$21)*($P$19)*5598)/(($R$16)-($R$17)))-(($P$27)*1000))/((N54)-($P$26)))))))))))) | Q54: =IF(ISBLANK($R$16),"",IF(A54=0,"",IF(ISBLANK($R$17),"",IF(AND(D54>1202,D54<2001),"Err. N°",IF(AND(D54>499,D54<1141),"Err.N°",IF(B54=0,"",IF($O$28=$I$29,"",IF(AND($I$29=$O$29,D54<1000),"N° Flac.",IF(AND($I$29=$O$30,D54>1000),"N° Flac.",P54/M54))))))))) | R54: =IF(ISBLANK($R$16),"",IF(A54=0,"",IF(ISBLANK($R$17),"",IF(B54=0,"",IF(ISBLANK(J54),"",IF(AND(D54>1202,D54<2001),"Err. N°",IF(AND(D54>499,D54<1141),"Err.N°",IF($I$29=$O$28,"",IF(AND($I$29=$O$29,D54<1000),"N° Flac.",IF(AND($I$29=$O$30,D54>1000),"N° Flac.",((44.66*P54)))))))))))) | S54: =IF(ISBLANK($R$16),"",IF(A54=0,"",IF(ISBLANK($R$17),"",IF(B54=0,"",IF(ISBLANK(J54),"",IF(AND(D54>1202,D54<2001),"Err. N°",IF(AND(D54>499,D54<1141),"Err.N°",IF($I$29=$O$28,"",IF(AND($I$29=$O$29,D54<1000),"N° Flac.",IF(AND($I$29=$O$30,D54>1000),"N° Flac.",((44.66*P54)/M54)))))))))))
A55: =IF(ISBLANK(VLOOKUP(D55,'Volumes flacons'!A5:C623,3)),0,1) -> 1 | B55: =IF(ISBLANK(D55),0,IF(ISBLANK(E55),0,IF(ISBLANK(F55),0,1))) -> 0 | C55: 21 | J55: =IF(ISBLANK(D55),"",IF(VLOOKUP(D55,'Volumes flacons'!$A$5:$C$989,2)=0,"",IF(D55>'Volumes flacons'!$A$989,"Mauvais numéro",IF(D55<'Volumes flacons'!$A$5,"Mauvais numéro",(VLOOKUP(D55,'Volumes flacons'!$A$5:$C$989,3)))))) | K55: =IF(ISBLANK(E55),"",(0.000824493-(0.0000040899*E55)+(0.000000076438*E55^2)-(0.00000000082467*E55^3)+(0.0000000000053875*E55^4))) | L55: =IF(ISBLANK(E55),"",(-0.00000572466+(0.00000010227*E55)-(0.0000000016546*E55^2))) | M55: =IF(ISBLANK(E55),"",IF(ISBLANK(G55),(O55+(K55*35)+(L55*35^1.5)+(0.00000048314*35^2)),(O55+(K55*G55)+(L55*G55^1.5)+(0.00000048314*G55^2)))) | N55: =IF(ISBLANK(D55),"",IF(ISBLANK(G55),J55*(1+0.00001*(35-20)),J55*(1+0.00001*(G55-20)))) | O55: =IF(ISBLANK(E55),"",(0.999842594+(0.00006793952*E55)-(0.00000909529*E55^2)+(0.0000001001685*E55^3)-(0.000000001120083*E55^4)+(0.000000000006536332*E55^5))) | P55: =IF(ISBLANK($R$16),"",IF(A55=0,"",IF(ISBLANK($R$17),"",IF(B55=0,"",IF($O$28=$I$29,"",IF(AND($I$29=$O$29,D55<1000),"N° Flac.",IF(AND($I$29=$O$30,D55>1000),"N° Flac.",IF(AND(D55>1202,D55<2001),"Err. N°",IF(AND(D55>499,D55<1141),"Err.N°",(((((F55)+'Correction de volume'!$G$7)*(($P$21)*($P$19)*5598)/(($R$16)-($R$17)))-(($P$27)*1000))/((N55)-($P$26)))))))))))) | Q55: =IF(ISBLANK($R$16),"",IF(A55=0,"",IF(ISBLANK($R$17),"",IF(AND(D55>1202,D55<2001),"Err. N°",IF(AND(D55>499,D55<1141),"Err.N°",IF(B55=0,"",IF($O$28=$I$29,"",IF(AND($I$29=$O$29,D55<1000),"N° Flac.",IF(AND($I$29=$O$30,D55>1000),"N° Flac.",P55/M55))))))))) | R55: =IF(ISBLANK($R$16),"",IF(A55=0,"",IF(ISBLANK($R$17),"",IF(B55=0,"",IF(ISBLANK(J55),"",IF(AND(D55>1202,D55<2001),"Err. N°",IF(AND(D55>499,D55<1141),"Err.N°",IF($I$29=$O$28,"",IF(AND($I$29=$O$29,D55<1000),"N° Flac.",IF(AND($I$29=$O$30,D55>1000),"N° Flac.",((44.66*P55)))))))))))) | S55: =IF(ISBLANK($R$16),"",IF(A55=0,"",IF(ISBLANK($R$17),"",IF(B55=0,"",IF(ISBLANK(J55),"",IF(AND(D55>1202,D55<2001),"Err. N°",IF(AND(D55>499,D55<1141),"Err.N°",IF($I$29=$O$28,"",IF(AND($I$29=$O$29,D55<1000),"N° Flac.",IF(AND($I$29=$O$30,D55>1000),"N° Flac.",((44.66*P55)/M55)))))))))))
A56: =IF(ISBLANK(VLOOKUP(D56,'Volumes flacons'!A5:C623,3)),0,1) -> 1 | B56: =IF(ISBLANK(D56),0,IF(ISBLANK(E56),0,IF(ISBLANK(F56),0,1))) -> 0 | C56: 22 | J56: =IF(ISBLANK(D56),"",IF(VLOOKUP(D56,'Volumes flacons'!$A$5:$C$989,2)=0,"",IF(D56>'Volumes flacons'!$A$989,"Mauvais numéro",IF(D56<'Volumes flacons'!$A$5,"Mauvais numéro",(VLOOKUP(D56,'Volumes flacons'!$A$5:$C$989,3)))))) | K56: =IF(ISBLANK(E56),"",(0.000824493-(0.0000040899*E56)+(0.000000076438*E56^2)-(0.00000000082467*E56^3)+(0.0000000000053875*E56^4))) | L56: =IF(ISBLANK(E56),"",(-0.00000572466+(0.00000010227*E56)-(0.0000000016546*E56^2))) | M56: =IF(ISBLANK(E56),"",IF(ISBLANK(G56),(O56+(K56*35)+(L56*35^1.5)+(0.00000048314*35^2)),(O56+(K56*G56)+(L56*G56^1.5)+(0.00000048314*G56^2)))) | N56: =IF(ISBLANK(D56),"",IF(ISBLANK(G56),J56*(1+0.00001*(35-20)),J56*(1+0.00001*(G56-20)))) | O56: =IF(ISBLANK(E56),"",(0.999842594+(0.00006793952*E56)-(0.00000909529*E56^2)+(0.0000001001685*E56^3)-(0.000000001120083*E56^4)+(0.000000000006536332*E56^5))) | P56: =IF(ISBLANK($R$16),"",IF(A56=0,"",IF(ISBLANK($R$17),"",IF(B56=0,"",IF($O$28=$I$29,"",IF(AND($I$29=$O$29,D56<1000),"N° Flac.",IF(AND($I$29=$O$30,D56>1000),"N° Flac.",IF(AND(D56>1202,D56<2001),"Err. N°",IF(AND(D56>499,D56<1141),"Err.N°",(((((F56)+'Correction de volume'!$G$7)*(($P$21)*($P$19)*5598)/(($R$16)-($R$17)))-(($P$27)*1000))/((N56)-($P$26)))))))))))) | Q56: =IF(ISBLANK($R$16),"",IF(A56=0,"",IF(ISBLANK($R$17),"",IF(AND(D56>1202,D56<2001),"Err. N°",IF(AND(D56>499,D56<1141),"Err.N°",IF(B56=0,"",IF($O$28=$I$29,"",IF(AND($I$29=$O$29,D56<1000),"N° Flac.",IF(AND($I$29=$O$30,D56>1000),"N° Flac.",P56/M56))))))))) | R56: =IF(ISBLANK($R$16),"",IF(A56=0,"",IF(ISBLANK($R$17),"",IF(B56=0,"",IF(ISBLANK(J56),"",IF(AND(D56>1202,D56<2001),"Err. N°",IF(AND(D56>499,D56<1141),"Err.N°",IF($I$29=$O$28,"",IF(AND($I$29=$O$29,D56<1000),"N° Flac.",IF(AND($I$29=$O$30,D56>1000),"N° Flac.",((44.66*P56)))))))))))) | S56: =IF(ISBLANK($R$16),"",IF(A56=0,"",IF(ISBLANK($R$17),"",IF(B56=0,"",IF(ISBLANK(J56),"",IF(AND(D56>1202,D56<2001),"Err. N°",IF(AND(D56>499,D56<1141),"Err.N°",IF($I$29=$O$28,"",IF(AND($I$29=$O$29,D56<1000),"N° Flac.",IF(AND($I$29=$O$30,D56>1000),"N° Flac.",((44.66*P56)/M56)))))))))))
A57: =IF(ISBLANK(VLOOKUP(D57,'Volumes flacons'!A5:C623,3)),0,1) -> 1 | B57: =IF(ISBLANK(D57),0,IF(ISBLANK(E57),0,IF(ISBLANK(F57),0,1))) -> 0 | C57: 23 | J57: =IF(ISBLANK(D57),"",IF(VLOOKUP(D57,'Volumes flacons'!$A$5:$C$989,2)=0,"",IF(D57>'Volumes flacons'!$A$989,"Mauvais numéro",IF(D57<'Volumes flacons'!$A$5,"Mauvais numéro",(VLOOKUP(D57,'Volumes flacons'!$A$5:$C$989,3)))))) | K57: =IF(ISBLANK(E57),"",(0.000824493-(0.0000040899*E57)+(0.000000076438*E57^2)-(0.00000000082467*E57^3)+(0.0000000000053875*E57^4))) | L57: =IF(ISBLANK(E57),"",(-0.00000572466+(0.00000010227*E57)-(0.0000000016546*E57^2))) | M57: =IF(ISBLANK(E57),"",IF(ISBLANK(G57),(O57+(K57*35)+(L57*35^1.5)+(0.00000048314*35^2)),(O57+(K57*G57)+(L57*G57^1.5)+(0.00000048314*G57^2)))) | N57: =IF(ISBLANK(D57),"",IF(ISBLANK(G57),J57*(1+0.00001*(35-20)),J57*(1+0.00001*(G57-20)))) | O57: =IF(ISBLANK(E57),"",(0.999842594+(0.00006793952*E57)-(0.00000909529*E57^2)+(0.0000001001685*E57^3)-(0.000000001120083*E57^4)+(0.000000000006536332*E57^5))) | P57: =IF(ISBLANK($R$16),"",IF(A57=0,"",IF(ISBLANK($R$17),"",IF(B57=0,"",IF($O$28=$I$29,"",IF(AND($I$29=$O$29,D57<1000),"N° Flac.",IF(AND($I$29=$O$30,D57>1000),"N° Flac.",IF(AND(D57>1202,D57<2001),"Err. N°",IF(AND(D57>499,D57<1141),"Err.N°",(((((F57)+'Correction de volume'!$G$7)*(($P$21)*($P$19)*5598)/(($R$16)-($R$17)))-(($P$27)*1000))/((N57)-($P$26)))))))))))) | Q57: =IF(ISBLANK($R$16),"",IF(A57=0,"",IF(ISBLANK($R$17),"",IF(AND(D57>1202,D57<2001),"Err. N°",IF(AND(D57>499,D57<1141),"Err.N°",IF(B57=0,"",IF($O$28=$I$29,"",IF(AND($I$29=$O$29,D57<1000),"N° Flac.",IF(AND($I$29=$O$30,D57>1000),"N° Flac.",P57/M57))))))))) | R57: =IF(ISBLANK($R$16),"",IF(A57=0,"",IF(ISBLANK($R$17),"",IF(B57=0,"",IF(ISBLANK(J57),"",IF(AND(D57>1202,D57<2001),"Err. N°",IF(AND(D57>499,D57<1141),"Err.N°",IF($I$29=$O$28,"",IF(AND($I$29=$O$29,D57<1000),"N° Flac.",IF(AND($I$29=$O$30,D57>1000),"N° Flac.",((44.66*P57)))))))))))) | S57: =IF(ISBLANK($R$16),"",IF(A57=0,"",IF(ISBLANK($R$17),"",IF(B57=0,"",IF(ISBLANK(J57),"",IF(AND(D57>1202,D57<2001),"Err. N°",IF(AND(D57>499,D57<1141),"Err.N°",IF($I$29=$O$28,"",IF(AND($I$29=$O$29,D57<1000),"N° Flac.",IF(AND($I$29=$O$30,D57>1000),"N° Flac.",((44.66*P57)/M57)))))))))))
A58: =IF(ISBLANK(VLOOKUP(D58,'Volumes flacons'!A5:C623,3)),0,1) -> 1 | B58: =IF(ISBLANK(D58),0,IF(ISBLANK(E58),0,IF(ISBLANK(F58),0,1))) -> 0 | C58: 24 | J58: =IF(ISBLANK(D58),"",IF(VLOOKUP(D58,'Volumes flacons'!$A$5:$C$989,2)=0,"",IF(D58>'Volumes flacons'!$A$989,"Mauvais numéro",IF(D58<'Volumes flacons'!$A$5,"Mauvais numéro",(VLOOKUP(D58,'Volumes flacons'!$A$5:$C$989,3)))))) | K58: =IF(ISBLANK(E58),"",(0.000824493-(0.0000040899*E58)+(0.000000076438*E58^2)-(0.00000000082467*E58^3)+(0.0000000000053875*E58^4))) | L58: =IF(ISBLANK(E58),"",(-0.00000572466+(0.00000010227*E58)-(0.0000000016546*E58^2))) | M58: =IF(ISBLANK(E58),"",IF(ISBLANK(G58),(O58+(K58*35)+(L58*35^1.5)+(0.00000048314*35^2)),(O58+(K58*G58)+(L58*G58^1.5)+(0.00000048314*G58^2)))) | N58: =IF(ISBLANK(D58),"",IF(ISBLANK(G58),J58*(1+0.00001*(35-20)),J58*(1+0.00001*(G58-20)))) | O58: =IF(ISBLANK(E58),"",(0.999842594+(0.00006793952*E58)-(0.00000909529*E58^2)+(0.0000001001685*E58^3)-(0.000000001120083*E58^4)+(0.000000000006536332*E58^5))) | P58: =IF(ISBLANK($R$16),"",IF(A58=0,"",IF(ISBLANK($R$17),"",IF(B58=0,"",IF($O$28=$I$29,"",IF(AND($I$29=$O$29,D58<1000),"N° Flac.",IF(AND($I$29=$O$30,D58>1000),"N° Flac.",IF(AND(D58>1202,D58<2001),"Err. N°",IF(AND(D58>499,D58<1141),"Err.N°",(((((F58)+'Correction de volume'!$G$7)*(($P$21)*($P$19)*5598)/(($R$16)-($R$17)))-(($P$27)*1000))/((N58)-($P$26)))))))))))) | Q58: =IF(ISBLANK($R$16),"",IF(A58=0,"",IF(ISBLANK($R$17),"",IF(AND(D58>1202,D58<2001),"Err. N°",IF(AND(D58>499,D58<1141),"Err.N°",IF(B58=0,"",IF($O$28=$I$29,"",IF(AND($I$29=$O$29,D58<1000),"N° Flac.",IF(AND($I$29=$O$30,D58>1000),"N° Flac.",P58/M58))))))))) | R58: =IF(ISBLANK($R$16),"",IF(A58=0,"",IF(ISBLANK($R$17),"",IF(B58=0,"",IF(ISBLANK(J58),"",IF(AND(D58>1202,D58<2001),"Err. N°",IF(AND(D58>499,D58<1141),"Err.N°",IF($I$29=$O$28,"",IF(AND($I$29=$O$29,D58<1000),"N° Flac.",IF(AND($I$29=$O$30,D58>1000),"N° Flac.",((44.66*P58)))))))))))) | S58: =IF(ISBLANK($R$16),"",IF(A58=0,"",IF(ISBLANK($R$17),"",IF(B58=0,"",IF(ISBLANK(J58),"",IF(AND(D58>1202,D58<2001),"Err. N°",IF(AND(D58>499,D58<1141),"Err.N°",IF($I$29=$O$28,"",IF(AND($I$29=$O$29,D58<1000),"N° Flac.",IF(AND($I$29=$O$30,D58>1000),"N° Flac.",((44.66*P58)/M58)))))))))))
C62: Profils des mesures en profondeur

Sheet Station 004
C2: Campagne : | F2: PIRATA Fr27
C4: Données de campagne
C6: N° de station : | F6: 4 | H6: N° de palanquée : | P6: 1 | R6: Date d'analyse : | T6: 41335
G8: Position | I8: Degrés | J8: Minutes | P8: Cardinal | Q8: Décimale
G9: Latitude | I9: 0 | J9: 0 | K9: : | L9: =IF(P9=M9,"+","-") -> + | M9: N | N9: E | O9: =IF(ISBLANK(I9),"",IF(ISBLANK(J9),"",IF(P9=M10,L9&N11,N11))) -> 0°0 | P9: N | Q9: =IF(ISBLANK(I9),"",IF(ISBLANK(J9),"",IF(J9>60,"ERREUR !!",O11*(I9+(J9/60))))) -> 0
G10: Longitude | I10: 23 | J10: 0 | K10: : | L10: =IF(P10=N9,"+","-") -> - | M10: S | N10: W | O10: =IF(ISBLANK(I10),"",IF(ISBLANK(J10),"",IF(P10=N10,L10&N12,N12))) -> -23°0 | P10: W | Q10: =IF(ISBLANK(I10),"",IF(ISBLANK(J10),"",IF(J10>60,"ERREUR !!",O12*(I10+(J10/60))))) -> -23
G11: Prélèvement | I11: Date | J11: 41335 | N11: =I9&"°"&J9 -> 0°0 | O11: =IF(P9=M10,-1,1) -> 1 | P11: =TEXT(J11,"aaaa-mm-jj")&"T"&TEXT(J12,"hh:mm:ss")&"z" -> 2017-03-03T07:14:00z
I12: Heure | J12: 0.30138889 | N12: =I10&"°"&J10 -> 23°0 | O12: =IF(P10=N10,-1,1) -> -1
C13: Données :
C14: Température du laboratoire à la calibration ( t°c ) | Q14: t°c = | R14: 21.5 | S14: °C
C15: Température du laboratoire au début de la série d'analyses | Q15: t°lab = | R15: 21.3 | S15: °C
C16: Volume moyen de thiosulfate pour la titration à t°c | Q16: Vmoy.titr.t°c = | R16: 4.9952 | S16: mL
C17: Volume moyen de thiosulfate pour la détermination du blanc à t°c | Q17: Vmoy.titr.blanc.t°c = | R17: 0.005 | S17: mL
C18: Masse volumique de l'eau pure à la calibration | O18: ρ = | P18: =(0.999842594+(0.00006793952*$R$14)-(0.00000909529*$R$14^2)+(0.0000001001685*$R$14^3)-(0.000000001120083*$R$14^4)+(0.000000000006536332*$R$14^5)) -> 0.9978852
C19: Normalite de l'iodate (NIO3) à la température de calibration | O19: N(IO3) = | P19: =$P$24*($P$18/'Titre d''iodate'!E19) -> 0.020045304 | Q19: N
C20: Vol. de la prise d'essai d'iodate (VIO3) à 20°C | O20: V(IO3)20°C = | P20: =5+'Correction de volume'!G8 -> 5.00309 | Q20: mL
C21: Vol. de la prise d'essai d'iodate (VIO3) à t°c | O21: V(IO3)t°c= | P21: =P20*(1+0.00001*(R14-20)) -> 5.003165 | Q21: mL
C22: Volume moyen de thiosulfate pour la titration à 20° C | O22: Vmoy.titr.20°C = | P22: =$R$16*(1+0.00001*(20-$R$14)) -> 4.9951251 | Q22: mL
C23: Volume moyen de thiosulfate pour la détermination du blanc à 20° C | O23: Vmoy.titr.blanc.20°C = | P23: =$R$17*(1+0.00001*(20-$R$14)) -> 0.004999925 | Q23: mL
C24: Normalite de l'iodate (NIO3) à 20°C | O24: N(IO3)20°C = | P24: =MAX('Titre d''iodate'!F7:F10) -> 0.020051755 | Q24: N
C25: Titre du thiosulfate à 20°C | O25: V(Thio)20°C = | P25: =IF(ISBLANK(R14),"",IF(ISBLANK(P21),"",IF(ISBLANK(R17),"",(($P$24*$P$18)/($P$22-$P$23))))) -> 0.0040097891 | Q25: N
C26: Volume de réactif utilisé | O26: Vreg = | P26: =2+('Correction de volume'!G10+'Correction de volume'!G9) -> 2.016394 | Q26: mL
O27: DOreg = | P27: 0.0017
E29: Choix de la série de flacons : | I29: IRD | O29: IRD
O30: LPO
C31: N° | D31: N° des Flacons | E31: T° prélèv. | F31: Volume de thio. | G31: Salinité | H31: Prof. Théorique | I31: Prof. Effective | J31: V. flacons 20°C | K31: A | L31: B | M31: Densité eau de mer à t° | N31: Vol. à t° prél. des flacons | O31: Densité eau pure à t° | P31: Oxygène dissous | T31: NO2 | V31: NO3 + NO2 | X31: NO3 | Z31: Phosphate | AB31: Silicate | AE31: chlorophyll-c1+c2 | AF31: peridinin | AG31: 19'-butanoyloxyfucoxanthin | AH31: fucoxanthine | AI31: neoxanthin | AJ31: prasinoxanthin | AK31: violaxanthin | AL31: 19'-hexanoyloxyfucoxanthin | AM31: diadinoxanthin | AN31: alloxanthin | AO31: diatoxanthin | AP31: zeaxanthin | AQ31: lutein | AR31: divinyl chlorophyll-b | AS31: chlorophyll-b | AT31: total chlorophyll-b | AU31: alpha-carotene | AV31: beta-carotene | AW31: pheophorbide | AX31: divinyl chlorophyll-a | AY31: chlorophyll-a | AZ31: total chlorophyll-a | BA31: pheophytin_a | BB31: crocoxanthin
P33: DOX1 | R33: DOXY | S33: DOX2 | T33: NTRI | U33: NTIW | V33: NTRZ | W33: NTZW | X33: NTRA | Y33: NTAW | Z33: PHOS | AA33: PHOW | AB33: SLCA | AC33: SLCW | AD33: CHC3 | AE33: CHCZ | AF33: PERP | AG33: BFUP | AH33: FUCP | AI33: NXAP | AJ33: PXAP | AK33: VXAP | AL33: HFUP | AM33: DXAP | AN33: AXAP | AO33: TXAP | AP33: ZXAP | AQ33: LUTP | AR33: CHBD | AS33: CH2P | AT33: CHLB | AU33: AACP | AV33: BBCP | AW33: PHEP | AX33: CHAD | AY33: CH1P | AZ33: CPHL | BA33: PHEA | BB33: CXAP
C34: BTL | E34: °C | F34: ml | H34: m | I34: m | J34: ml | N34: mL | P34: ml/l | Q34: ml/kg | R34: µmol/l | S34: µmol/kg | T34: µmol/l | U34: µmol/kg | V34: µmol/l | W34: µmol/kg | X34: µmol/l | Y34: µmol/kg | Z34: µmol/l | AA34: µmol/kg | AB34: µmol/l | AC34: µmol/kg | AD34: µg.l-1 | AE34: µg.l-1 | AF34: µg.l-1 | AG34: µg.l-1 | AH34: µg.l-1 | AI34: µg.l-1 | AJ34: µg.l-1 | AK34: µg.l-1 | AL34: µg.l-1 | AM34: µg.l-1 | AN34: µg.l-1 | AO34: µg.l-1 | AP34: µg.l-1 | AQ34: µg.l-1 | AR34: µg.l-1 | AS34: µg.l-1 | AT34: µg.l-1 | AU34: µg.l-1 | AV34: µg.l-1 | AW34: µg.l-1 | AX34: µg.l-1 | AY34: µg.l-1 | AZ34: µg.l-1 | BA34: µg.l-1 | BB34: µg.l-1
A35: =IF(ISBLANK(VLOOKUP(D35,'Volumes flacons'!A5:C623,3)),0,1) -> 1 | B35: =IF(ISBLANK(D35),0,IF(ISBLANK(E35),0,IF(ISBLANK(F35),0,1))) -> 1 | C35: 1 | D35: 2051 | E35: 7 | F35: 5.644 | G35: 34.964 | H35: 2000 | I35: 2018 | J35: =IF(ISBLANK(D35),"",IF(VLOOKUP(D35,'Volumes flacons'!$A$5:$C$978,2)=0,"",IF(D35>'Volumes flacons'!$A$978,"Mauvais numéro",IF(D35<'Volumes flacons'!$A$5,"Mauvais numéro",(VLOOKUP(D35,'Volumes flacons'!$A$5:$C$978,3)))))) -> 111.83827 | K35: =IF(ISBLANK(E35),"",(0.000824493-(0.0000040899*E35)+(0.000000076438*E35^2)-(0.00000000082467*E35^3)+(0.0000000000053875*E35^4))) -> 0.00079933924 | L35: =IF(ISBLANK(E35),"",(-0.00000572466+(0.00000010227*E35)-(0.0000000016546*E35^2))) -> -5.0898454e-06 | M35: =IF(ISBLANK(E35),"",IF(ISBLANK(G35),(O35+(K35*35)+(L35*35^1.5)+(0.00000048314*35^2)),(O35+(K35*G35)+(L35*G35^1.5)+(0.00000048314*G35^2)))) -> 1.0273907 | N35: =IF(ISBLANK(D35),"",IF(ISBLANK(G35),J35*(1+0.00001*(35-20)),J35*(1+0.00001*(G35-20)))) -> 111.85501 | O35: =IF(ISBLANK(E35),"",(0.999842594+(0.00006793952*E35)-(0.00000909529*E35^2)+(0.0000001001685*E35^3)-(0.000000001120083*E35^4)+(0.000000000006536332*E35^5))) -> 0.99990428 | P35: =IF(ISBLANK($R$16),"",IF(A35=0,"",IF(ISBLANK($R$17),"",IF(B35=0,"",IF($O$28=$I$29,"",IF(AND($I$29=$O$29,D35<1000),"N° Flac.",IF(AND($I$29=$O$30,D35>1000),"N° Flac.",IF(AND(D35>1202,D35<2001),"Err. N°",IF(AND(D35>499,D35<1141),"Err.N°",(((((F35)+'Correction de volume'!$G$7)*(($P$21)*($P$19)*5598)/(($R$16)-($R$17)))-(($P$27)*1000))/((N35)-($P$26)))))))))))) -> 5.765388 | Q35: =IF(ISBLANK($R$16),"",IF(A35=0,"",IF(ISBLANK($R$17),"",IF(AND(D35>1202,D35<2001),"Err. N°",IF(AND(D35>499,D35<1141),"Err.N°",IF(B35=0,"",IF($O$28=$I$29,"",IF(AND($I$29=$O$29,D35<1000),"N° Flac.",IF(AND($I$29=$O$30,D35>1000),"N° Flac.",P35/M35))))))))) -> 5.61168 | R35: =IF(ISBLANK($R$16),"",IF(A35=0,"",IF(ISBLANK($R$17),"",IF(B35=0,"",IF(ISBLANK(J35),"",IF(AND(D35>1202,D35<2001),"Err. N°",IF(AND(D35>499,D35<1141),"Err.N°",IF($I$29=$O$28,"",IF(AND($I$29=$O$29,D35<1000),"N° Flac.",IF(AND($I$29=$O$30,D35>1000),"N° Flac.",((44.66*P35)))))))))))) -> 257.48223 | S35: =IF(ISBLANK($R$16),"",IF(A35=0,"",IF(ISBLANK($R$17),"",IF(B35=0,"",IF(ISBLANK(J35),"",IF(AND(D35>1202,D35<2001),"Err. N°",IF(AND(D35>499,D35<1141),"Err.N°",IF($I$29=$O$28,"",IF(AND($I$29=$O$29,D35<1000),"N° Flac.",IF(AND($I$29=$O$30,D35>1000),"N° Flac.",((44.66*P35)/M35))))))))))) -> 250.61763
A36: =IF(ISBLANK(VLOOKUP(D36,'Volumes flacons'!A5:C623,3)),0,1) -> 1 | B36: =IF(ISBLANK(D36),0,IF(ISBLANK(E36),0,IF(ISBLANK(F36),0,1))) -> 1 | C36: 2 | D36: 2052 | E36: 8.2 | F36: 3.707 | G36: 34.623 | H36: 1000 | I36: 1009 | J36: =IF(ISBLANK(D36),"",IF(VLOOKUP(D36,'Volumes flacons'!$A$5:$C$978,2)=0,"",IF(D36>'Volumes flacons'!$A$978,"Mauvais numéro",IF(D36<'Volumes flacons'!$A$5,"Mauvais numéro",(VLOOKUP(D36,'Volumes flacons'!$A$5:$C$978,3)))))) -> 117.88159 | K36: =IF(ISBLANK(E36),"",(0.000824493-(0.0000040899*E36)+(0.000000076438*E36^2)-(0.00000000082467*E36^3)+(0.0000000000053875*E36^4))) -> 0.00079566517 | L36: =IF(ISBLANK(E36),"",(-0.00000572466+(0.00000010227*E36)-(0.0000000016546*E36^2))) -> -4.9973013e-06 | M36: =IF(ISBLANK(E36),"",IF(ISBLANK(G36),(O36+(K36*35)+(L36*35^1.5)+(0.00000048314*35^2)),(O36+(K36*G36)+(L36*G36^1.5)+(0.00000048314*G36^2)))) -> 1.0269479 | N36: =IF(ISBLANK(D36),"",IF(ISBLANK(G36),J36*(1+0.00001*(35-20)),J36*(1+0.00001*(G36-20)))) -> 117.89883 | O36: =IF(ISBLANK(E36),"",(0.999842594+(0.00006793952*E36)-(0.00000909529*E36^2)+(0.0000001001685*E36^3)-(0.000000001120083*E36^4)+(0.000000000006536332*E36^5))) -> 0.99983854 | P36: =IF(ISBLANK($R$16),"",IF(A36=0,"",IF(ISBLANK($R$17),"",IF(B36=0,"",IF($O$28=$I$29,"",IF(AND($I$29=$O$29,D36<1000),"N° Flac.",IF(AND($I$29=$O$30,D36>1000),"N° Flac.",IF(AND(D36>1202,D36<2001),"Err. N°",IF(AND(D36>499,D36<1141),"Err.N°",(((((F36)+'Correction de volume'!$G$7)*(($P$21)*($P$19)*5598)/(($R$16)-($R$17)))-(($P$27)*1000))/((N36)-($P$26)))))))))))) -> 3.5841476 | Q36: =IF(ISBLANK($R$16),"",IF(A36=0,"",IF(ISBLANK($R$17),"",IF(AND(D36>1202,D36<2001),"Err. N°",IF(AND(D36>499,D36<1141),"Err.N°",IF(B36=0,"",IF($O$28=$I$29,"",IF(AND($I$29=$O$29,D36<1000),"N° Flac.",IF(AND($I$29=$O$30,D36>1000),"N° Flac.",P36/M36))))))))) -> 3.4900967 | R36: =IF(ISBLANK($R$16),"",IF(A36=0,"",IF(ISBLANK($R$17),"",IF(B36=0,"",IF(ISBLANK(J36),"",IF(AND(D36>1202,D36<2001),"Err. N°",IF(AND(D36>499,D36<1141),"Err.N°",IF($I$29=$O$28,"",IF(AND($I$29=$O$29,D36<1000),"N° Flac.",IF(AND($I$29=$O$30,D36>1000),"N° Flac.",((44.66*P36)))))))))))) -> 160.06803 | S36: =IF(ISBLANK($R$16),"",IF(A36=0,"",IF(ISBLANK($R$17),"",IF(B36=0,"",IF(ISBLANK(J36),"",IF(AND(D36>1202,D36<2001),"Err. N°",IF(AND(D36>499,D36<1141),"Err.N°",IF($I$29=$O$28,"",IF(AND($I$29=$O$29,D36<1000),"N° Flac.",IF(AND($I$29=$O$30,D36>1000),"N° Flac.",((44.66*P36)/M36))))))))))) -> 155.86772
A37: =IF(ISBLANK(VLOOKUP(D37,'Volumes flacons'!A5:C623,3)),0,1) -> 1 | B37: =IF(ISBLANK(D37),0,IF(ISBLANK(E37),0,IF(ISBLANK(F37),0,1))) -> 1 | C37: 3 | D37: 2053 | E37: 8.6 | F37: 3.706 | G37: 34.623 | H37: 1000 | I37: 1009 | J37: =IF(ISBLANK(D37),"",IF(VLOOKUP(D37,'Volumes flacons'!$A$5:$C$978,2)=0,"",IF(D37>'Volumes flacons'!$A$978,"Mauvais numéro",IF(D37<'Volumes flacons'!$A$5,"Mauvais numéro",(VLOOKUP(D37,'Volumes flacons'!$A$5:$C$978,3)))))) -> 118.02582 | K37: =IF(ISBLANK(E37),"",(0.000824493-(0.0000040899*E37)+(0.000000076438*E37^2)-(0.00000000082467*E37^3)+(0.0000000000053875*E37^4))) -> 0.00079447815 | L37: =IF(ISBLANK(E37),"",(-0.00000572466+(0.00000010227*E37)-(0.0000000016546*E37^2))) -> -4.9675122e-06 | M37: =IF(ISBLANK(E37),"",IF(ISBLANK(G37),(O37+(K37*35)+(L37*35^1.5)+(0.00000048314*35^2)),(O37+(K37*G37)+(L37*G37^1.5)+(0.00000048314*G37^2)))) -> 1.0268864 | N37: =IF(ISBLANK(D37),"",IF(ISBLANK(G37),J37*(1+0.00001*(35-20)),J37*(1+0.00001*(G37-20)))) -> 118.04308 | O37: =IF(ISBLANK(E37),"",(0.999842594+(0.00006793952*E37)-(0.00000909529*E37^2)+(0.0000001001685*E37^3)-(0.000000001120083*E37^4)+(0.000000000006536332*E37^5))) -> 0.99981208 | P37: =IF(ISBLANK($R$16),"",IF(A37=0,"",IF(ISBLANK($R$17),"",IF(B37=0,"",IF($O$28=$I$29,"",IF(AND($I$29=$O$29,D37<1000),"N° Flac.",IF(AND($I$29=$O$30,D37>1000),"N° Flac.",IF(AND(D37>1202,D37<2001),"Err. N°",IF(AND(D37>499,D37<1141),"Err.N°",(((((F37)+'Correction de volume'!$G$7)*(($P$21)*($P$19)*5598)/(($R$16)-($R$17)))-(($P$27)*1000))/((N37)-($P$26)))))))))))) -> 3.5787219 | Q37: =IF(ISBLANK($R$16),"",IF(A37=0,"",IF(ISBLANK($R$17),"",IF(AND(D37>1202,D37<2001),"Err. N°",IF(AND(D37>499,D37<1141),"Err.N°",IF(B37=0,"",IF($O$28=$I$29,"",IF(AND($I$29=$O$29,D37<1000),"N° Flac.",IF(AND($I$29=$O$30,D37>1000),"N° Flac.",P37/M37))))))))) -> 3.485022 | R37: =IF(ISBLANK($R$16),"",IF(A37=0,"",IF(ISBLANK($R$17),"",IF(B37=0,"",IF(ISBLANK(J37),"",IF(AND(D37>1202,D37<2001),"Err. N°",IF(AND(D37>499,D37<1141),"Err.N°",IF($I$29=$O$28,"",IF(AND($I$29=$O$29,D37<1000),"N° Flac.",IF(AND($I$29=$O$30,D37>1000),"N° Flac.",((44.66*P37)))))))))))) -> 159.82572 | S37: =IF(ISBLANK($R$16),"",IF(A37=0,"",IF(ISBLANK($R$17),"",IF(B37=0,"",IF(ISBLANK(J37),"",IF(AND(D37>1202,D37<2001),"Err. N°",IF(AND(D37>499,D37<1141),"Err.N°",IF($I$29=$O$28,"",IF(AND($I$29=$O$29,D37<1000),"N° Flac.",IF(AND($I$29=$O$30,D37>1000),"N° Flac.",((44.66*P37)/M37))))))))))) -> 155.64108
A38: =IF(ISBLANK(VLOOKUP(D38,'Volumes flacons'!A5:C623,3)),0,1) -> 1 | B38: =IF(ISBLANK(D38),0,IF(ISBLANK(E38),0,IF(ISBLANK(F38),0,1))) -> 1 | C38: 4 | D38: 2054 | E38: 11 | F38: 3.253 | G38: 34.613 | H38: 500 | I38: 505 | J38: =IF(ISBLANK(D38),"",IF(VLOOKUP(D38,'Volumes flacons'!$A$5:$C$978,2)=0,"",IF(D38>'Volumes flacons'!$A$978,"Mauvais numéro",IF(D38<'Volumes flacons'!$A$5,"Mauvais numéro",(VLOOKUP(D38,'Volumes flacons'!$A$5:$C$978,3)))))) -> 116.88565 | K38: =IF(ISBLANK(E38),"",(0.000824493-(0.0000040899*E38)+(0.000000076438*E38^2)-(0.00000000082467*E38^3)+(0.0000000000053875*E38^4))) -> 0.00078773434 | L38: =IF(ISBLANK(E38),"",(-0.00000572466+(0.00000010227*E38)-(0.0000000016546*E38^2))) -> -4.7998966e-06 | M38: =IF(ISBLANK(E38),"",IF(ISBLANK(G38),(O38+(K38*35)+(L38*35^1.5)+(0.00000048314*35^2)),(O38+(K38*G38)+(L38*G38^1.5)+(0.00000048314*G38^2)))) -> 1.0264746 | N38: =IF(ISBLANK(D38),"",IF(ISBLANK(G38),J38*(1+0.00001*(35-20)),J38*(1+0.00001*(G38-20)))) -> 116.90273 | O38: =IF(ISBLANK(E38),"",(0.999842594+(0.00006793952*E38)-(0.00000909529*E38^2)+(0.0000001001685*E38^3)-(0.000000001120083*E38^4)+(0.000000000006536332*E38^5))) -> 0.99960738 | P38: =IF(ISBLANK($R$16),"",IF(A38=0,"",IF(ISBLANK($R$17),"",IF(B38=0,"",IF($O$28=$I$29,"",IF(AND($I$29=$O$29,D38<1000),"N° Flac.",IF(AND($I$29=$O$30,D38>1000),"N° Flac.",IF(AND(D38>1202,D38<2001),"Err. N°",IF(AND(D38>499,D38<1141),"Err.N°",(((((F38)+'Correction de volume'!$G$7)*(($P$21)*($P$19)*5598)/(($R$16)-($R$17)))-(($P$27)*1000))/((N38)-($P$26)))))))))))) -> 3.170633 | Q38: =IF(ISBLANK($R$16),"",IF(A38=0,"",IF(ISBLANK($R$17),"",IF(AND(D38>1202,D38<2001),"Err. N°",IF(AND(D38>499,D38<1141),"Err.N°",IF(B38=0,"",IF($O$28=$I$29,"",IF(AND($I$29=$O$29,D38<1000),"N° Flac.",IF(AND($I$29=$O$30,D38>1000),"N° Flac.",P38/M38))))))))) -> 3.0888567 | R38: =IF(ISBLANK($R$16),"",IF(A38=0,"",IF(ISBLANK($R$17),"",IF(B38=0,"",IF(ISBLANK(J38),"",IF(AND(D38>1202,D38<2001),"Err. N°",IF(AND(D38>499,D38<1141),"Err.N°",IF($I$29=$O$28,"",IF(AND($I$29=$O$29,D38<1000),"N° Flac.",IF(AND($I$29=$O$30,D38>1000),"N° Flac.",((44.66*P38)))))))))))) -> 141.60047 | S38: =IF(ISBLANK($R$16),"",IF(A38=0,"",IF(ISBLANK($R$17),"",IF(B38=0,"",IF(ISBLANK(J38),"",IF(AND(D38>1202,D38<2001),"Err. N°",IF(AND(D38>499,D38<1141),"Err.N°",IF($I$29=$O$28,"",IF(AND($I$29=$O$29,D38<1000),"N° Flac.",IF(AND($I$29=$O$30,D38>1000),"N° Flac.",((44.66*P38)/M38))))))))))) -> 137.94834
A39: =IF(ISBLANK(VLOOKUP(D39,'Volumes flacons'!A5:C623,3)),0,1) -> 1 | B39: =IF(ISBLANK(D39),0,IF(ISBLANK(E39),0,IF(ISBLANK(F39),0,1))) -> 1 | C39: 5 | D39: 2055 | E39: 19.2 | F39: 3.648 | G39: 35.948 | H39: 100 | I39: 99 | J39: =IF(ISBLANK(D39),"",IF(VLOOKUP(D39,'Volumes flacons'!$A$5:$C$978,2)=0,"",IF(D39>'Volumes flacons'!$A$978,"Mauvais numéro",IF(D39<'Volumes flacons'!$A$5,"Mauvais numéro",(VLOOKUP(D39,'Volumes flacons'!$A$5:$C$978,3)))))) -> 116.47688 | K39: =IF(ISBLANK(E39),"",(0.000824493-(0.0000040899*E39)+(0.000000076438*E39^2)-(0.00000000082467*E39^3)+(0.0000000000053875*E39^4))) -> 0.00076904024 | L39: =IF(ISBLANK(E39),"",(-0.00000572466+(0.00000010227*E39)-(0.0000000016546*E39^2))) -> -4.3710277e-06 | M39: =IF(ISBLANK(E39),"",IF(ISBLANK(G39),(O39+(K39*35)+(L39*35^1.5)+(0.00000048314*35^2)),(O39+(K39*G39)+(L39*G39^1.5)+(0.00000048314*G39^2)))) -> 1.0256957 | N39: =IF(ISBLANK(D39),"",IF(ISBLANK(G39),J39*(1+0.00001*(35-20)),J39*(1+0.00001*(G39-20)))) -> 116.49546 | O39: =IF(ISBLANK(E39),"",(0.999842594+(0.00006793952*E39)-(0.00000909529*E39^2)+(0.0000001001685*E39^3)-(0.000000001120083*E39^4)+(0.000000000006536332*E39^5))) -> 0.99836797 | P39: =IF(ISBLANK($R$16),"",IF(A39=0,"",IF(ISBLANK($R$17),"",IF(B39=0,"",IF($O$28=$I$29,"",IF(AND($I$29=$O$29,D39<1000),"N° Flac.",IF(AND($I$29=$O$30,D39>1000),"N° Flac.",IF(AND(D39>1202,D39<2001),"Err. N°",IF(AND(D39>499,D39<1141),"Err.N°",(((((F39)+'Correction de volume'!$G$7)*(($P$21)*($P$19)*5598)/(($R$16)-($R$17)))-(($P$27)*1000))/((N39)-($P$26)))))))))))) -> 3.570102 | Q39: =IF(ISBLANK($R$16),"",IF(A39=0,"",IF(ISBLANK($R$17),"",IF(AND(D39>1202,D39<2001),"Err. N°",IF(AND(D39>499,D39<1141),"Err.N°",IF(B39=0,"",IF($O$28=$I$29,"",IF(AND($I$29=$O$29,D39<1000),"N° Flac.",IF(AND($I$29=$O$30,D39>1000),"N° Flac.",P39/M39))))))))) -> 3.480664 | R39: =IF(ISBLANK($R$16),"",IF(A39=0,"",IF(ISBLANK($R$17),"",IF(B39=0,"",IF(ISBLANK(J39),"",IF(AND(D39>1202,D39<2001),"Err. N°",IF(AND(D39>499,D39<1141),"Err.N°",IF($I$29=$O$28,"",IF(AND($I$29=$O$29,D39<1000),"N° Flac.",IF(AND($I$29=$O$30,D39>1000),"N° Flac.",((44.66*P39)))))))))))) -> 159.44076 | S39: =IF(ISBLANK($R$16),"",IF(A39=0,"",IF(ISBLANK($R$17),"",IF(B39=0,"",IF(ISBLANK(J39),"",IF(AND(D39>1202,D39<2001),"Err. N°",IF(AND(D39>499,D39<1141),"Err.N°",IF($I$29=$O$28,"",IF(AND($I$29=$O$29,D39<1000),"N° Flac.",IF(AND($I$29=$O$30,D39>1000),"N° Flac.",((44.66*P39)/M39))))))))))) -> 155.44645 | T39: 0.08 | U39: 0.08 | V39: 10.8 | W39: 10.6 | X39: 10.7 | Y39: 10.5 | Z39: 0.79 | AA39: 0.77 | AB39: 4.11 | AC39: 4.01 | AD39: 0.0232 | AE39: 0.0169 | AF39: 0.0034 | AG39: 0.039 | AH39: 0.0117 | AI39: 0.0014 | AJ39: -99999 | AK39: -99999 | AL39: 0.0427 | AM39: 0.0036 | AN39: -99999 | AO39: -99999 | AP39: 0.0095 | AR39: 0.0558 | AS39: 0.0258 | AU39: 0.0201 | AV39: -99999 | AX39: 0.04 | AY39: 0.1102 | BA39: -99999
