Workbook

Sheet station 01
D1: MdP = | E1: oxygene
C2: Campagne : | F2: PIRATA-FR31
C4: Données de campagne
C6: N° de station : | F6: 1 | H6: N° de palanquée : | R6: Date d'analyse : | T6: 44259
G8: Position | I8: Degrés | J8: Minutes | P8: Cardinal | Q8: Décimale
G9: Latitude | I9: 13 | J9: 30.05' | K9: N | L9: + | M9: N | N9: E | O9: 13°30 | P9: N | Q9: 13.500833
G10: Longitude | I10: 20 | J10: 07.52' | K10: W | L10: - | M10: S | N10: W | O10: -20°7 | P10: W | Q10: -20.125333
G11: Prélèvement | I11: Date | J11: 44259 | N11: 13°30 | O11: 1 | P11: 2021-03-04T15:49:06z
I12: Heure | J12: 0.75347222 | N12: 20°7 | O12: -1
C13: Données :
C14: Température du laboratoire à la calibration ( t°c ) | Q14: t°c = | R14: 22.7 | S14: °C
C15: Température du laboratoire au début de la série d'analyses | Q15: t°lab = | R15: 22.9 | S15: °C
C16: Volume moyen de thiosulfate pour la titration à t°c | Q16: Vmoy.titr.t°c = | R16: 4.88696 | S16: mL | T16: identifiant de la burette : | U16: 1
C17: Volume moyen de thiosulfate pour la détermination du blanc à t°c | Q17: Vmoy.titr.blanc.t°c = | R17: 0.005 | S17: mL
C18: Masse volumique de l'eau pure à la calibration | O18: ρ = | P18: 0.99761178
C19: Normalite de l'iodate (NIO3) à la température de calibration | O19: N(IO3) = | P19: 0.01999248 | Q19: N
C20: Vol. de la prise d'essai d'iodate (VIO3) à 20°C | O20: V(IO3)20°C = | P20: 5.0010585 | Q20: mL | T20: pipette n° : | U20: pipette O
C21: Vol. de la prise d'essai d'iodate (VIO3) à t°c | O21: V(IO3)t°c= | P21: 5.0040389 | Q21: mL
C22: Volume moyen de thiosulfate pour la titration à 20° C | O22: Vmoy.titr.20°C = | P22: 4.8840493 | Q22: mL
C23: Volume moyen de thiosulfate pour la détermination du blanc à 20° C | O23: Vmoy.titr.blanc.20°C = | P23: 0.0049970219 | Q23: mL | T23: 4.8845
C24: Normalite de l'iodate (NIO3) à 20°C | O24: N(IO3)20°C = | P24: 0.020004395 | Q24: N | T24: 4.8892
C25: Titre du thiosulfate à 20°C | O25: N(Thio)20°C = | P25: 0.020504628 | Q25: N | T25: 4.8947
C26: Volume de réactif utilisé | O26: Vreg = | P26: 2 | Q26: mL | T26: 4.8885
O27: DOreg = | P27: 0.0017 | T27: 4.8779
T28: 4.88696
E29: Choix de la série de flacons : | I29: IRD | O29: IRD
O30: LPO
C31: N° | D31: N° des Flacons | E31: T° prélèv. | F31: Volume de thio. | G31: Salinité | H31: Prof. Théorique | I31: Prof. Effective | J31: V. flacons 20°C | K31: masse volumique de l'eau de mer moyenne standard | L31: A | M31: B | N31: Masse volumique eau de mer à t° | O31: Vol. à t° prél. des flacons | P31: Oxygène dissous | T31: NO2 | V31: NO3 + NO2 | X31: NO3 | Z31: Phosphate | AB31: Silicate | AD31: chlorophyll-c3 | AE31: chlorophyll-c1+c2 | AF31: peridinin | AG31: 19'-butanoyloxyfucoxanthin | AH31: fucoxanthine | AI31: neoxanthin | AJ31: prasinoxanthin | AK31: violaxanthin | AL31: 19'-hexanoyloxyfucoxanthin | AM31: diadinoxanthin | AN31: alloxanthin | AO31: diatoxanthin | AP31: zeaxanthin | AQ31: lutein | AR31: divinyl chlorophyll-b | AS31: chlorophyll-b | AT31: total chlorophyll-b | AU31: alpha-carotene | AV31: beta-carotene | AW31: pheophorbide | AX31: divinyl chlorophyll-a | AY31: chlorophyll-a | AZ31: total chlorophyll-a | BA31: pheophytin_a | BB31: crocoxanthin
C33: BTL | E33: °C | F33: ml | H33: m | I33: m | J33: ml | O33: mL | P33: DOX1 | R33: DOXY | S33: DOX2 | T33: NTRI | U33: NTIW | V33: NTRZ | W33: NTZW | X33: NTRA | Y33: NTAW | Z33: PHOS | AA33: PHOW | AB33: SLCA | AC33: SLCW | AD33: CHC3 | AE33: CHCZ | AF33: PERP | AG33: BFUP | AH33: FUCP | AI33: NEXW | AJ33: PXAP | AK33: VIOW | AL33: HFUP | AM33: DXAP | AN33: AXAP | AO33: TXAP | AP33: ZXAP | AQ33: LUTW | AR33: CHBD | AS33: CH2P | AT33: CHLB | AU33: AACP | AV33: BBCP | AW33: PHEP | AX33: CHAD | AY33: CH1P | AZ33: CPHL | BA33: PHEA | BB33: CXAP
P34: ml/l | Q34: ml/kg | R34: µmol/l | S34: µmol/kg | T34: µmol/l | U34: µmol/kg | V34: µmol/l | W34: µmol/kg | X34: µmol/l | Y34: µmol/kg | Z34: µmol/l | AA34: µmol/kg | AB34: µmol/l | AC34: µmol/kg | AD34: µg.l-1 | AE34: µg.l-1 | AF34: µg.l-1 | AG34: µg.l-1 | AH34: µg.l-1 | AI34: µg.l-1 | AJ34: µg.l-1 | AK34: µg.l-1 | AL34: µg.l-1 | AM34: µg.l-1 | AN34: µg.l-1 | AO34: µg.l-1 | AP34: µg.l-1 | AQ34: µg.l-1 | AR34: µg.l-1 | AS34: µg.l-1 | AT34: µg.l-1 | AU34: µg.l-1 | AV34: µg.l-1 | AW34: µg.l-1 | AX34: µg.l-1 | AY34: µg.l-1 | AZ34: µg.l-1 | BA34: µg.l-1 | BB34: µg.l-1
P35: ml/l | Q35: ml/kg | R35: µmol/l | S35: µmol/kg | T35: µmol/l | U35: µmol/kg | V35: µmol/l | W35: µmol/kg | X35: µmol/l | Y35: µmol/kg | Z35: µmol/l | AA35: µmol/kg | AB35: µmol/l | AC35: µmol/kg | AD35: µg.l-1 | AE35: µg.l-1 | AF35: µg.l-1 | AG35: µg.l-1 | AH35: µg.l-1 | AI35: µg.l-1 | AJ35: µg.l-1 | AK35: µg.l-1 | AL35: µg.l-1 | AM35: µg.l-1 | AN35: µg.l-1 | AO35: µg.l-1 | AP35: µg.l-1 | AQ35: µg.l-1 | AR35: µg.l-1 | AS35: µg.l-1 | AT35: µg.l-1 | AU35: µg.l-1 | AV35: µg.l-1 | AW35: µg.l-1 | AX35: µg.l-1 | AY35: µg.l-1 | AZ35: µg.l-1 | BA35: µg.l-1 | BB35: µg.l-1
C36: 1 | D36: 2212 | E36: 5.5 | F36: 5.3224 | G36: 34.972 | H36: 2000 | I36: 2001 | J36: 116.91506 | K36: 0.9999568 | L36: 0.00080417852 | M36: -5.2122266e-06 | N36: 1.0275935 | O36: 116.89811 | P36: 5.2942013 | Q36: 5.1520387 | R36: 236.43903 | S36: 230.09005 | T36: 0.0083333333 | U36: 0.0081323895 | V36: 22.692 | W36: 22.144822 | X36: 22.683667 | Y36: 22.13669 | Z36: 1.522 | AA36: 1.4852996 | AB36: 26.115333 | AC36: 25.485608
C37: 2 | D37: 2213 | E37: 5.7 | F37: 5.3835 | G37: 34.972 | H37: 2000 | I37: 2001 | J37: 118.20947 | K37: 0.99995175 | L37: 0.000803517 | M37: -5.195479e-06 | N37: 1.0275687 | O37: 118.19257 | P37: 5.2955443 | Q37: 5.1534696 | R37: 236.49901 | S37: 230.15395 | T37: 0.0073333333 | U37: 0.0071565028 | V37: 22.743 | W37: 22.194592 | X37: 22.735667 | Y37: 22.187436 | Z37: 1.516 | AA37: 1.4794443 | AB37: 26.161333 | AC37: 25.530498
C38: 3 | D38: 2214 | E38: 5.9 | F38: 5.3922 | G38: 34.967 | H38: 2000 | I38: 2001 | J38: 118.49848 | K38: 0.99994609 | L38: 0.00080286056 | M38: -5.1788636e-06 | N38: 1.0275396 | O38: 118.48177 | P38: 5.2909649 | Q38: 5.149159 | R38: 236.29449 | S38: 229.96144 | T38: 0.0083333333 | U38: 0.0081323895 | Z38: 1.515 | AA38: 1.4784684 | AB38: 26.140333 | AC38: 25.510005
C39: 4 | D39: 2215 | E39: 6.3 | F39: 5.361 | G39: 34.969 | H39: 2000 | I39: 2001 | J39: 117.76867 | K39: 0.99993297 | L39: 0.00080156273 | M39: -5.1460301e-06 | N39: 1.0274895 | O39: 117.75253 | P39: 5.2933769 | Q39: 5.1517577 | R39: 236.40221 | S39: 230.0775 | T39: 0.0083333333 | U39: 0.0081323895 | V39: 22.793 | W39: 22.243387 | X39: 22.784667 | Y39: 22.235254 | Z39: 1.508 | AA39: 1.4716372 | AB39: 26.036333 | AC39: 25.408513
C40: 5 | D40: 2216 | E40: 6.6 | F40: 5.404 | G40: 34.968 | H40: 2000 | I40: 2002 | J40: 118.72183 | K40: 0.99992156 | L40: 0.00080060243 | M40: -5.1217524e-06 | N40: 1.0274487 | O40: 118.70592 | P40: 5.2924014 | Q40: 5.1510127 | R40: 236.35865 | S40: 230.04423 | T40: 0.014333333 | U40: 0.01398771 | V40: 22.712 | W40: 22.16434 | X40: 22.697667 | Y40: 22.150352 | Z40: 1.498 | AA40: 1.4618783 | AB40: 26.028333 | AC40: 25.400705
C41: 6 | D41: 2217 | E41: 6.8 | F41: 5.2539 | G41: 34.968 | H41: 2000 | I41: 2002 | J41: 114.93014 | K41: 0.99991321 | L41: 0.00079996839 | M41: -5.1057327e-06 | N41: 1.0274215 | O41: 114.91497 | P41: 5.3175911 | Q41: 5.1756664 | R41: 237.48362 | S41: 231.14526 | T41: 0.0083333333 | U41: 0.0081323895 | V41: 22.751 | W41: 22.202399 | X41: 22.742667 | Y41: 22.194267 | Z41: 1.492 | AA41: 1.456023 | AB41: 26.066333 | AC41: 25.437789
C42: 7 | D42: 2218 | E42: 7 | F42: 5.383 | G42: 34.971 | H42: 2000 | I42: 2002 | J42: 118.02415 | K42: 0.99990428 | L42: 0.00079933924 | M42: -5.0898454e-06 | N42: 1.0273962 | O42: 118.00881 | P42: 5.3034383 | Q42: 5.1620184 | R42: 236.85155 | S42: 230.53574 | T42: 0.010333333 | U42: 0.010084163 | V42: 22.774 | W42: 22.224845 | X42: 22.763667 | Y42: 22.214761 | Z42: 1.499 | AA42: 1.4628542 | AB42: 26.045333 | AC42: 25.417296
C43: 8 | D43: 2219 | E43: 7.7 | F43: 5.2752 | G43: 34.969 | H43: 2000 | I43: 2002 | J43: 115.88027 | K43: 0.99986844 | L43: 0.00079717523 | M43: -5.0352822e-06 | N43: 1.0272944 | O43: 115.86602 | P43: 5.2946359 | Q43: 5.1539615 | R43: 236.45844 | S43: 230.17592 | T43: 0.0063333333 | U43: 0.0061806165 | V43: 22.832 | W43: 22.281448 | X43: 22.825667 | Y43: 22.275267 | Z43: 1.486 | AA43: 1.4501678 | AB43: 26.090333 | AC43: 25.461212
C44: 9 | D44: 2220 | E44: 7.9 | F44: 5.3435 | G44: 34.968 | H44: 2000 | I44: 2002 | J44: 117.46457 | K44: 0.9998569 | L44: 0.00079656768 | M44: -5.0199906e-06 | N44: 1.027264 | O44: 117.45036 | P44: 5.2898429 | Q44: 5.1494482 | R44: 236.24438 | S44: 229.97436 | T44: 0.0043333333 | U44: 0.0042288429 | V44: 22.824 | W44: 22.273641 | X44: 22.819667 | Y44: 22.269412 | Z44: 1.496 | AA44: 1.4599267 | AB44: 26.048333 | AC44: 25.420225
C45: 10 | D45: 2221 | E45: 7.9 | F45: 5.3181 | G45: 34.969 | H45: 2000 | I45: 2002 | J45: 116.74327 | K45: 0.9998569 | L45: 0.00079656768 | M45: -5.0199906e-06 | N45: 1.0272648 | O45: 116.72914 | P45: 5.2976989 | Q45: 5.1570918 | R45: 236.59523 | S45: 230.31572 | T45: 0.0053333333 | U45: 0.0052047297 | V45: 22.81 | W45: 22.259978 | X45: 22.804667 | Y45: 22.254774 | Z45: 1.484 | AA45: 1.448216 | AB45: 26.034333 | AC45: 25.406563
C46: 11 | G46: 34.967 | H46: 2000 | I46: 2002 | T46: 0.0053333333 | U46: 0.0052047297 | V46: 22.986 | W46: 22.431734 | X46: 22.980667 | Y46: 22.42653 | Z46: 1.495 | AA46: 1.4589508 | AB46: 26.085333 | AC46: 25.456333
C47: 12 | D47: 2223 | E47: 8 | F47: 5.3335 | G47: 34.967 | H47: 2000 | I47: 2002 | J47: 117.26921 | K47: 0.99985092 | L47: 0.00079626567 | M47: -5.0123944e-06 | N47: 1.0272483 | O47: 117.25514 | P47: 5.2888496 | Q47: 5.1485602 | R47: 236.20002 | S47: 229.9347 | T47: 0.0053333333 | U47: 0.0052047293 | V47: 22.887 | W47: 22.33512 | X47: 22.881667 | Y47: 22.329915 | Z47: 1.483 | AA47: 1.44724 | AB47: 26.011333 | AC47: 25.384115
C48: 13 | D48: 2224 | E48: 8.4 | F48: 5.3381 | G48: 34.968 | H48: 2000 | I48: 2002 | J48: 117.32797 | K48: 0.99982559 | L48: 0.00079506934 | M48: -4.9823406e-06 | N48: 1.0271881 | O48: 117.31436 | P48: 5.2907096 | Q48: 5.1506726 | R48: 236.28309 | S48: 230.02904 | T48: 0.011333333 | U48: 0.01106005 | V48: 22.916 | W48: 22.363421 | X48: 22.904667 | Y48: 22.352361 | Z48: 1.487 | AA48: 1.4511436 | AB48: 26.086333 | AC48: 25.457307
C49: 14 | D49: 2225 | E49: 8.4 | F49: 5.3374 | G49: 34.97 | H49: 2000 | I49: 2002 | J49: 117.24137 | K49: 0.99982559 | L49: 0.00079506934 | M49: -4.9823406e-06 | N49: 1.0271897 | O49: 117.22777 | P49: 5.2939882 | Q49: 5.1538566 | R49: 236.42951 | S49: 230.17124 | T49: 0.011333333 | U49: 0.01106005 | V49: 22.963 | W49: 22.409287 | X49: 22.951667 | Y49: 22.398227 | Z49: 1.496 | AA49: 1.4599266 | AB49: 26.183333 | AC49: 25.551968
C50: 15 | D50: 2226 | E50: 8.4 | F50: 5.3632 | G50: 34.969 | H50: 2000 | I50: 2002 | J50: 117.89507 | K50: 0.99982559 | L50: 0.00079506934 | M50: -4.9823406e-06 | N50: 1.0271889 | O50: 117.88139 | P50: 5.2896686 | Q50: 5.1496553 | R50: 236.2366 | S50: 229.9836 | T50: 0.0073333333 | U50: 0.0071565028 | V50: 23.007 | W50: 22.452226 | X50: 22.999667 | Y50: 22.44507 | Z50: 1.489 | AA50: 1.4530954 | AB50: 26.143333 | AC50: 25.512932
C51: 16 | D51: 2227 | E51: 8.6 | F51: 5.3679 | G51: 34.969 | H51: 2000 | I51: 2003 | J51: 118.04207 | K51: 0.99981208 | L51: 0.00079447815 | M51: -4.9675122e-06 | N51: 1.0271578 | O51: 118.02862 | P51: 5.2876035 | Q51: 5.1478007 | R51: 236.14437 | S51: 229.90078 | T51: 0.0083333333 | U51: 0.0081323895 | V51: 23.12 | W51: 22.562501 | X51: 23.111667 | Y51: 22.554369 | Z51: 1.492 | AA51: 1.456023 | AB51: 26.195333 | AC51: 25.563679
C52: 17 | D52: 2228 | E52: 8.7 | F52: 5.3479 | G52: 34.97 | H52: 2000 | I52: 2003 | J52: 117.55852 | K52: 0.99980512 | L52: 0.00079418428 | M52: -4.9601477e-06 | N52: 1.0271428 | O52: 117.54524 | P52: 5.2898673 | Q52: 5.1500796 | R52: 236.24547 | S52: 230.00255 | T52: 0.0073333333 | U52: 0.0071565028 | V52: 23.111 | W52: 22.553719 | X52: 23.103667 | Y52: 22.546562 | Z52: 1.5 | AA52: 1.4638301 | AB52: 26.132333 | AC52: 25.502198
C53: 18 | D53: 2229 | E53: 9 | F53: 4.7155 | G53: 34.967 | H53: 2000 | I53: 2003 | J53: 116.8787 | K53: 0.99978339 | L53: 0.00079330954 | M53: -4.9382526e-06 | N53: 1.0270927 | O53: 116.86584 | P53: 4.6895774 | Q53: 4.5658755 | R53: 209.43653 | S53: 203.912 | T53: 0.0043333333 | U53: 0.0042288426 | V53: 23.101 | W53: 22.54396 | X53: 23.096667 | Y53: 22.539731 | Z53: 1.476 | AA53: 1.4404088 | AB53: 26.169333 | AC53: 25.538305
C54: 19 | D54: 2230 | E54: 9.1 | F54: 5.3 | G54: 34.966 | H54: 2000 | I54: 2002 | J54: 116.6615 | K54: 0.99977587 | L54: 0.00079302024 | M54: -4.9310204e-06 | N54: 1.0270758 | O54: 116.64878 | P54: 5.2833014 | Q54: 5.144023 | R54: 235.95224 | S54: 229.73207 | T54: 0.0093333333 | U54: 0.0091082763 | V54: 23.084 | W54: 22.52737 | X54: 23.074667 | Y54: 22.518261 | Z54: 1.503 | AA54: 1.4667578 | AB54: 26.099333 | AC54: 25.469993
C55: 20 | D55: 2231 | E55: 9.1 | F55: 5.3436 | G55: 34.97 | H55: 2000 | I55: 2002 | J55: 117.47047 | K55: 0.99977587 | L55: 0.00079302024 | M55: -4.9310204e-06 | N55: 1.0270789 | O55: 117.45767 | P55: 5.2896072 | Q55: 5.1501469 | R55: 236.23386 | S55: 230.00556 | T55: 0.0083333333 | U55: 0.0081323895 | V55: 23.083 | W55: 22.526394 | X55: 23.074667 | Y55: 22.518261 | Z55: 1.478 | AA55: 1.4423606 | AB55: 26.072333 | AC55: 25.443644
A56: 1 | B56: 0 | C56: 22
A57: 1 | B57: 0 | C57: 23
A58: 1 | B58: 0 | C58: 24
F63: Profils des mesures en profondeur
AG64: 230.09005
AG65: 230.15395
X66: oxygene | AC66: oxygène | AG66: 229.96144
AB67: moyenne - 2 ecartype | AC67: moyenne | AD67: moyenne + 2 ecartype | AG67: 230.0775
X68: 230.09997 | AA68: 0 | AB68: 229.46586 | AC68: 230.09997 | AD68: 230.73408 | AG68: 230.04423
X69: 0.31705387 | AA69: 20 | AB69: 229.46586 | AC69: 230.09997 | AD69: 230.73408 | AG69: 231.14526
X70: salinité | AG70: 230.53574
AG71: 230.17592
X72: 34.968762 | AG72: 229.97436
X73: 0.0016402671 | AC73: salinité | AG73: 230.31572
AB75: moyenne - 2 ecartype | AC75: moyenne | AD75: moyenne + 2 ecartype | AG75: 229.9347
AA76: 0 | AB76: 34.965481 | AC76: 34.968762 | AD76: 34.972042 | AG76: 230.02904
AA77: 20 | AB77: 34.965481 | AC77: 34.968762 | AD77: 34.972042 | AG77: 230.17124
AG78: 229.9836
AG79: 229.90078
AG80: 230.00255
AG82: 229.73207
AG83: 230.00556
AG84: 229.66572

Sheet station 02
D1: MdP = | E1: oxygene
C2: Campagne : | F2: PIRATA-FR31
C4: Données de campagne
C6: N° de station : | F6: 2 | H6: N° de palanquée : | R6: Date d'analyse : | T6: 44261
G8: Position | I8: Degrés | J8: Minutes | P8: Cardinal | Q8: Décimale
G9: Latitude | I9: 8 | J9: 59.93' | K9: N | L9: + | M9: N | N9: E | P9: N | Q9: 8.9988333
G10: Longitude | I10: 20 | J10: 03.84' | K10: W | L10: - | M10: S | N10: W | P10: W | Q10: -20.064
G11: Prélèvement | I11: Date | N11: ° | O11: 1 | P11: 2021-03-05T20:34:53z
I12: Heure | N12: ° | O12: -1
C13: Données :
C14: Température du laboratoire à la calibration ( t°c ) | Q14: t°c = | R14: 24.1 | S14: °C
C15: Température du laboratoire au début de la série d'analyses | Q15: t°lab = | R15: 24.1 | S15: °C
C16: Volume moyen de thiosulfate pour la titration à t°c | Q16: Vmoy.titr.t°c = | R16: 4.88792 | S16: mL | T16: identifiant de la burette : | U16: 1
C17: Volume moyen de thiosulfate pour la détermination du blanc à t°c | Q17: Vmoy.titr.blanc.t°c = | R17: 0.005 | S17: mL
C18: Masse volumique de l'eau pure à la calibration | O18: ρ = | P18: 0.9972747
C19: Normalite de l'iodate (NIO3) à la température de calibration | O19: N(IO3) = | P19: 0.019985725 | Q19: N
C20: Vol. de la prise d'essai d'iodate (VIO3) à 20°C | O20: V(IO3)20°C = | P20: 5.0010585 | Q20: mL | T20: pipette n° : | U20: pipette O
C21: Vol. de la prise d'essai d'iodate (VIO3) à t°c | O21: V(IO3)t°c= | P21: 5.0057303 | Q21: mL
C22: Volume moyen de thiosulfate pour la titration à 20° C | O22: Vmoy.titr.20°C = | P22: 4.8833581 | Q22: mL
C23: Volume moyen de thiosulfate pour la détermination du blanc à 20° C | O23: Vmoy.titr.blanc.20°C = | P23: 0.0049953335 | Q23: mL | T23: 4.8868
C24: Normalite de l'iodate (NIO3) à 20°C | O24: N(IO3)20°C = | P24: 0.020004395 | Q24: N | T24: 4.8871
C25: Titre du thiosulfate à 20°C | O25: N(Thio)20°C = | P25: 0.020507525 | Q25: N | T25: 4.8877
C26: Volume de réactif utilisé | O26: Vreg = | P26: 2 | Q26: mL | T26: 4.8842
O27: DOreg = | P27: 0.0017 | T27: 4.8938
T28: 4.88792
E29: Choix de la série de flacons : | I29: IRD | O29: IRD
O30: LPO
C31: N° | D31: N° des Flacons | E31: T° prélèv. | F31: Volume de thio. | G31: Salinité | H31: Prof. Théorique | I31: Prof. Effective | J31: V. flacons 20°C | K31: masse volumique de l'eau de mer moyenne standard | L31: A | M31: B | N31: Masse volumique eau de mer à t° | O31: Vol. à t° prél. des flacons | P31: Oxygène dissous | T31: NO2 | V31: NO3 + NO2 | X31: NO3 | Z31: Phosphate | AB31: Silicate | AD31: chlorophyll-c3 | AE31: chlorophyll-c1+c2 | AF31: peridinin | AG31: 19'-butanoyloxyfucoxanthin | AH31: fucoxanthine | AI31: neoxanthin | AJ31: prasinoxanthin | AK31: violaxanthin | AL31: 19'-hexanoyloxyfucoxanthin | AM31: diadinoxanthin | AN31: alloxanthin | AO31: diatoxanthin | AP31: zeaxanthin | AQ31: lutein | AR31: divinyl chlorophyll-b | AS31: chlorophyll-b | AT31: total chlorophyll-b | AU31: alpha-carotene | AV31: beta-carotene | AW31: pheophorbide | AX31: divinyl chlorophyll-a | AY31: chlorophyll-a | AZ31: total chlorophyll-a | BA31: pheophytin_a | BB31: crocoxanthin
C33: BTL | E33: °C | F33: ml | H33: m | I33: m | J33: ml | O33: mL | P33: DOX1 | R33: DOXY | S33: DOX2 | T33: NTRI | U33: NTIW | V33: NTRZ | W33: NTZW | X33: NTRA | Y33: NTAW | Z33: PHOS | AA33: PHOW | AB33: SLCA | AC33: SLCW | AD33: CHC3 | AE33: CHCZ | AF33: PERP | AG33: BFUP | AH33: FUCP | AI33: NEXW | AJ33: PXAP | AK33: VIOW | AL33: HFUP | AM33: DXAP | AN33: AXAP | AO33: TXAP | AP33: ZXAP | AQ33: LUTW | AR33: CHBD | AS33: CH2P | AT33: CHLB | AU33: AACP | AV33: BBCP | AW33: PHEP | AX33: CHAD | AY33: CH1P | AZ33: CPHL | BA33: PHEA | BB33: CXAP
P34: ml/l | Q34: ml/kg | R34: µmol/l | S34: µmol/kg | T34: µmol/l | U34: µmol/kg | V34: µmol/l | W34: µmol/kg | X34: µmol/l | Y34: µmol/kg | Z34: µmol/l | AA34: µmol/kg | AB34: µmol/l | AC34: µmol/kg | AD34: µg.l-1 | AE34: µg.l-1 | AF34: µg.l-1 | AG34: µg.l-1 | AH34: µg.l-1 | AI34: µg.l-1 | AJ34: µg.l-1 | AK34: µg.l-1 | AL34: µg.l-1 | AM34: µg.l-1 | AN34: µg.l-1 | AO34: µg.l-1 | AP34: µg.l-1 | AQ34: µg.l-1 | AR34: µg.l-1 | AS34: µg.l-1 | AT34: µg.l-1 | AU34: µg.l-1 | AV34: µg.l-1 | AW34: µg.l-1 | AX34: µg.l-1 | AY34: µg.l-1 | AZ34: µg.l-1 | BA34: µg.l-1 | BB34: µg.l-1
P35: ml/l | Q35: ml/kg | R35: µmol/l | S35: µmol/kg | T35: µmol/l | U35: µmol/kg | V35: µmol/l | W35: µmol/kg | X35: µmol/l | Y35: µmol/kg | Z35: µmol/l | AA35: µmol/kg | AB35: µmol/l | AC35: µmol/kg | AD35: µg.l-1 | AE35: µg.l-1 | AF35: µg.l-1 | AG35: µg.l-1 | AH35: µg.l-1 | AI35: µg.l-1 | AJ35: µg.l-1 | AK35: µg.l-1 | AL35: µg.l-1 | AM35: µg.l-1 | AN35: µg.l-1 | AO35: µg.l-1 | AP35: µg.l-1 | AQ35: µg.l-1 | AR35: µg.l-1 | AS35: µg.l-1 | AT35: µg.l-1 | AU35: µg.l-1 | AV35: µg.l-1 | AW35: µg.l-1 | AX35: µg.l-1 | AY35: µg.l-1 | AZ35: µg.l-1 | BA35: µg.l-1 | BB35: µg.l-1
C36: 1 | D36: 3053 | E36: 8.8 | F36: 5.3815 | G36: 34.95295 | H36: 2000 | I36: 2000 | J36: 116.42 | K36: 0.99979801 | L36: 0.00079389156 | M36: -4.9528162e-06 | N36: 1.0271136 | O36: 116.40696 | P36: 5.3751293 | Q36: 5.2332372 | R36: 240.05327 | S36: 233.71637 | T36: 0.0073333333 | U36: 0.0071565838 | V36: 23.103 | W36: 22.546167 | X36: 23.095667 | Y36: 22.53901 | Z36: 1.464 | AA36: 1.4287144 | AB36: 26.179333 | AC36: 25.548353
C37: 2 | D37: 3155 | E37: 8.9 | F37: 5.3672 | G37: 34.9525 | H37: 2000 | I37: 2000 | J37: 116.07 | K37: 0.99979077 | L37: 0.00079359998 | M37: -4.9455179e-06 | N37: 1.0270974 | O37: 116.05712 | P37: 5.3772365 | Q37: 5.2353717 | R37: 240.14738 | S37: 233.8117 | T37: 0.0093333333 | U37: 0.0091083793 | V37: 23.08 | W37: 22.523721 | X37: 23.070667 | Y37: 22.514612 | Z37: 1.461 | AA37: 1.4257867 | AB37: 26.089333 | AC37: 25.460523
C38: 3 | D38: 3230 | E38: 9.5 | F38: 4.745 | G38: 34.9416 | H38: 1500 | I38: 1501 | J38: 115.77 | K38: 0.99974443 | L38: 0.00079187431 | M38: -4.9024226e-06 | N38: 1.0269911 | O38: 115.75784 | P38: 4.7640626 | Q38: 4.6388548 | R38: 212.76303 | S38: 207.17126 | T38: 0.013333333 | U38: 0.013012072 | V38: 25.765 | W38: 25.144203 | X38: 25.751667 | Y38: 25.131191 | Z38: 1.633 | AA38: 1.5936535 | AB38: 23.250333 | AC38: 22.690126
C39: 4 | D39: 3231 | E39: 10.7 | F39: 2.979 | G39: 34.7616 | H39: 1000 | I39: 1001 | J39: 114.15 | K39: 0.99963717 | L39: 0.00078854282 | M39: -4.8198062e-06 | N39: 1.0266442 | O39: 114.13938 | P39: 3.0265898 | Q39: 2.9480416 | R39: 135.1675 | S39: 131.65954 | T39: 0.016333333 | U39: 0.015941907 | V39: 35.765 | W39: 34.907895 | X39: 35.748667 | Y39: 34.891953 | Z39: 2.288 | AA39: 2.2331683 | AB39: 28.316333 | AC39: 27.637735
C40: 5 | D40: 3232 | E40: 11 | F40: 2.2217 | G40: 34.7174 | H40: 800 | I40: 799 | J40: 115.71 | K40: 0.99960738 | L40: 0.00078773434 | M40: -4.7998966e-06 | N40: 1.0265559 | O40: 115.69959 | P40: 2.2211352 | Q40: 2.1636768 | R40: 99.195899 | S40: 96.629805 | T40: 0.020333333 | U40: 0.019846716 | V40: 39.137 | W40: 38.200374 | X40: 39.116667 | Y40: 38.180527 | Z40: 2.506 | AA40: 2.4460264 | AB40: 27.008333 | AC40: 26.36197
C41: 6 | D41: 3233 | E41: 14 | F41: 0.8705 | G41: 35.17945 | H41: 400 | I41: 400 | J41: 117.93 | K41: 0.99924642 | L41: 0.00078016032 | M41: -4.6171816e-06 | N41: 1.0263266 | O41: 117.92292 | P41: 0.84165961 | Q41: 0.82007 | R41: 37.588518 | S41: 36.624326 | T41: 0.0073333333 | U41: 0.0071553644 | V41: 36.669 | W41: 35.779099 | X41: 36.661667 | Y41: 35.771944 | Z41: 2.136 | AA41: 2.0841625 | AB41: 15.099333 | AC41: 14.732895
C42: 7 | D42: 3237 | E42: 15.7 | F42: 2.0825 | G42: 35.31585 | H42: 200 | I42: 200 | J42: 118.47 | K42: 0.99899317 | L42: 0.00077625872 | M42: -4.5268634e-06 | N42: 1.0260599 | O42: 118.46491 | P42: 2.0313137 | Q42: 1.9797222 | R42: 90.718468 | S42: 88.414396 | T42: 0.014333333 | U42: 0.013984056 | V42: 26.442 | W42: 25.797656 | X42: 26.427667 | Y42: 25.783672 | Z42: 1.593 | AA42: 1.5541815 | AB42: 9.5893333 | AC42: 9.3556585
C43: 8 | D43: 3238 | E43: 16.9 | F43: 1.8076 | G43: 35.5119 | H43: 100 | I43: 101 | J43: 117.73 | K43: 0.9987942 | L43: 0.0007736641 | M43: -4.4688673e-06 | N43: 1.0259321 | O43: 117.72635 | P43: 1.7718296 | Q43: 1.7270438 | R43: 79.129911 | S43: 77.129777 | T43: 0.020333333 | U43: 0.019834953 | V43: 25.472 | W43: 24.847668 | X43: 25.451667 | Y43: 24.827833 | Z43: 1.55 | AA43: 1.5120087 | AB43: 8.2613333 | AC43: 8.0588437 | AD43: 0.0094 | AE43: 0.005 | AF43: -9999.9999 | AG43: 0.0042 | AH43: 0.0036 | AI43: -9999.9999 | AJ43: -9999.9999 | AK43: -9999.9999 | AL43: 0.0138 | AM43: 0.0014 | AN43: -9999.9999 | AO43: -9999.9999 | AP43: 0.0015 | AR43: 0.0183 | AS43: 0.0078 | AT43: 0.0261 | AU43: 0.0029 | AV43: absent | AW43: -9999.9999 | AX43: 0.0067 | AY43: 0.0269 | AZ43: 0.0336 | BA43: -9999.9999
C44: 9 | I44: 94 | T44: 0.026333333 | U44: 0.025687427 | V44: 25.363 | W44: 24.740894 | X44: 25.336667 | Y44: 24.715206 | Z44: 1.552 | AA44: 1.5139324 | AB44: 7.9103333 | AC44: 7.7163079 | AD44: 0.0181 | AE44: 0.0085 | AF44: 0.0025 | AG44: 0.0107 | AH44: 0.0078 | AI44: -9999.9999 | AJ44: -9999.9999 | AK44: -9999.9999 | AL44: 0.0311 | AM44: 0.0024 | AN44: -9999.9999 | AO44: -9999.9999 | AP44: 0.0024 | AR44: 0.0463 | AS44: 0.0106 | AT44: 0.0569 | AU44: 0.0057 | AV44: absent | AW44: -9999.9999 | AX44: 0.012 | AY44: 0.0544 | AZ44: 0.0664 | BA44: 0.0021
C45: 10 | D45: 3239 | E45: 17.8 | F45: 1.6291 | G45: 35.6268 | H45: 80 | I45: 80 | J45: 113.98 | K45: 0.99863433 | L45: 0.0007718013 | M45: -4.4284975e-06 | N45: 1.0258027 | O45: 113.97749 | P45: 1.6483179 | Q45: 1.6068567 | R45: 73.613876 | S45: 71.76222 | T45: 0.071333333 | U45: 0.069579296 | V45: 24.647 | W45: 24.040947 | X45: 24.575667 | Y45: 23.971368 | Z45: 1.502 | AA45: 1.4650669 | AB45: 7.3193333 | AC45: 7.139356 | AD45: 0.0422 | AE45: 0.0232 | AF45: 0.0053 | AG45: 0.0376 | AH45: 0.0265 | AI45: -9999.9999 | AJ45: 0.0033 | AK45: -9999.9999 | AL45: 0.0642 | AM45: 0.0056 | AN45: -9999.9999 | AO45: -9999.9999 | AP45: 0.0227 | AR45: 0.2451 | AS45: 0.0209 | AT45: 0.266 | AU45: 0.0255 | AV45: absent | AW45: -9999.9999 | AX45: 0.0623 | AY45: 0.1473 | AZ45: 0.2096 | BA45: 0.0034
C46: 11 | I46: 70 | T46: 0.12433333 | U46: 0.12127178 | V46: 22.006 | W46: 21.464129 | X46: 21.881667 | Y46: 21.342857 | Z46: 1.312 | AA46: 1.2796936 | AB46: 6.5933333 | AC46: 6.4309805 | AD46: 0.0478 | AE46: 0.0339 | AF46: 0.0063 | AG46: 0.0491 | AH46: 0.0406 | AI46: 0.0036 | AJ46: 0.0057 | AK46: 0.0011 | AL46: 0.0667 | AM46: 0.0071 | AN46: 0.0018 | AO46: -9999.9999 | AP46: 0.0372 | AR46: 0.2118 | AS46: 0.0305 | AT46: 0.2423 | AU46: 0.027 | AV46: absent | AW46: -9999.9999 | AX46: 0.0703 | AY46: 0.1961 | AZ46: 0.2664 | BA46: 0.0044
C47: 12 | D47: 3240 | E47: 18.7 | F47: 2.1083 | G47: 35.71645 | H47: 60 | I47: 60 | J47: 117.01 | K47: 0.99846553 | L47: 0.00077000759 | M47: -4.3908081e-06 | N47: 1.0256466 | O47: 117.00848 | P47: 2.0827669 | Q47: 2.0306868 | R47: 93.016372 | S47: 90.690473 | T47: 0.16833333 | U47: 0.16418273 | V47: 21.114 | W47: 20.593391 | X47: 20.945667 | Y47: 20.429209 | Z47: 1.252 | AA47: 1.2211294 | AB47: 6.1243333 | AC47: 5.9733254 | AD47: 0.0581 | AE47: 0.0394 | AF47: 0.0051 | AG47: 0.0563 | AH47: 0.049 | AI47: 0.0055 | AJ47: 0.0102 | AK47: 0.002 | AL47: 0.0691 | AM47: 0.0081 | AN47: 0.0027 | AO47: -9999.9999 | AP47: 0.0494 | AR47: 0.2108 | AS47: 0.0728 | AT47: 0.2836 | AU47: 0.031 | AV47: absent | AW47: -9999.9999 | AX47: 0.0808 | AY47: 0.2406 | AZ47: 0.3214 | BA47: 0.0077
C48: 13 | I48: 50 | T48: 0.25033333 | U48: 0.24415598 | V48: 19.6 | W48: 19.116341 | X48: 19.349667 | Y48: 18.872185 | Z48: 1.146 | AA48: 1.1177207 | AB48: 5.7093333 | AC48: 5.568447 | AD48: 0.0579 | AE48: 0.0414 | AF48: 0.0067 | AG48: 0.0601 | AH48: 0.0505 | AI48: 0.0081 | AJ48: 0.0157 | AK48: 0.004 | AL48: 0.0671 | AM48: 0.009 | AN48: 0.0039 | AO48: 0.0197 | AP48: 0.0485 | AR48: 0.1492 | AS48: 0.1004 | AT48: 0.2496 | AU48: 0.0258 | AV48: absent | AW48: -9999.9999 | AX48: 0.0582 | AY48: 0.2648 | AZ48: 0.323 | BA48: -9999.9999
C49: 14 | D49: 3243 | E49: 19.5 | F49: 2.4226 | G49: 35.7836 | H49: 40 | I49: 40 | J49: 116.66 | K49: 0.99830814 | L49: 0.00076846965 | M49: -4.3595566e-06 | N49: 1.0254922 | O49: 116.65942 | P49: 2.4035023 | Q49: 2.3437549 | R49: 107.34041 | S49: 104.67209 | T49: 0.30233333 | U49: 0.29486368 | V49: 17.746 | W49: 17.307555 | X49: 17.443667 | Y49: 17.012691 | Z49: 1.013 | AA49: 0.98797212 | AB49: 5.2403333 | AC49: 5.110862 | AD49: 0.0465 | AE49: 0.0404 | AF49: 0.0066 | AG49: 0.0529 | AH49: 0.0418 | AI49: 0.0114 | AJ49: 0.0214 | AK49: 0.0062 | AL49: 0.0539 | AM49: 0.009 | AN49: 0.0063 | AO49: -9999.9999 | AP49: 0.0474 | AR49: 0.0952 | AS49: 0.137 | AT49: 0.2322 | AU49: 0.0249 | AV49: absent | AW49: -9999.9999 | AX49: 0.0564 | AY49: 0.2851 | AZ49: 0.3415 | BA49: -9999.9999
C50: 15 | I50: 30 | T50: 0.24833333 | U50: 0.24218419 | V50: 11.736 | W50: 11.445397 | X50: 11.487667 | Y50: 11.203213 | Z50: 0.669 | AA50: 0.65243446 | AB50: 4.1173333 | AC50: 4.0153814 | AD50: 0.062 | AE50: 0.0517 | AF50: 0.0122 | AG50: 0.0624 | AH50: 0.0576 | AI50: 0.0138 | AJ50: 0.0312 | AK50: 0.0073 | AL50: 0.0946 | AM50: 0.0141 | AN50: 0.0084 | AO50: 0.0009 | AP50: 0.0498 | AR50: 0.0523 | AS50: 0.1924 | AT50: 0.2447 | AU50: 0.028 | AV50: absent | AW50: -9999.9999 | AX50: 0.0571 | AY50: 0.4404 | AZ50: 0.4975 | BA50: -9999.9999
C51: 16 | D51: 3245 | E51: 23.3 | F51: 4.538 | G51: 35.8066 | H51: 20 | I51: 21 | J51: 119.39 | K51: 0.99746967 | L51: 0.00076185208 | M51: -4.2400348e-06 | N51: 1.02446 | O51: 119.39394 | P51: 4.4142639 | Q51: 4.3088691 | R51: 197.14103 | S51: 192.43409 | T51: 0.0093333333 | U51: 0.0091026847 | V51: 0.042 | W51: 0.040962081 | X51: 0.032666667 | Y51: 0.031859396 | Z51: 0.006 | AA51: 0.0058517259 | AB51: 1.0413333 | AC51: 1.0155995 | AD51: 0.0679 | AE51: 0.0664 | AF51: 0.0133 | AG51: 0.0441 | AH51: 0.1063 | AI51: 0.0086 | AJ51: 0.0197 | AK51: 0.0055 | AL51: 0.155 | AM51: 0.0228 | AN51: 0.0034 | AO51: 0.0016 | AP51: 0.0567 | AR51: -9999.9999 | AS51: 0.1179 | AT51: 0.1179 | AU51: absent | AV51: 0.028 | AW51: -9999.9999 | AX51: 0.0422 | AY51: 0.5388 | AZ51: 0.581 | BA51: -9999.9999
C52: 17 | D52: 3246 | E52: 25 | F52: 4.5924 | G52: 35.7038 | H52: 10 | I52: 11 | J52: 114.22 | K52: 0.99704796 | L52: 0.00075923827 | M52: -4.202035e-06 | N52: 1.0238751 | O52: 114.22571 | P52: 4.6731465 | Q52: 4.5641764 | R52: 208.70272 | S52: 203.83612 | T52: 0.0033333333 | U52: 0.0032511706 | V52: 0.014 | W52: 0.013654916 | X52: 0.010666667 | Y52: 0.010403746 | Z52: 0.055 | AA52: 0.053644314 | AB52: 1.0623333 | AC52: 1.0361481 | AD52: 0.0054 | AE52: 0.0079 | AF52: 0.0048 | AG52: 0.0055 | AH52: 0.0069 | AI52: -9999.9999 | AJ52: -9999.9999 | AK52: -9999.9999 | AL52: 0.0238 | AM52: 0.0088 | AN52: -9999.9999 | AO52: -9999.9999 | AP52: 0.1177 | AR52: 0.0122 | AS52: 0.0107 | AT52: 0.0229 | AU52: 0.0123 | AV52: absent | AW52: -9999.9999 | AX52: 0.0608 | AY52: 0.0906 | AZ52: 0.1514 | BA52: -9999.9999
C53: 18 | I53: 5 | T53: 0.0073333333 | U53: 0.007152571 | V53: 0.009 | W53: 0.0087781553 | X53: 0.0016666667 | Y53: 0.0016255843 | Z53: 0.005 | AA53: 0.0048767529 | AB53: 0.97933333 | AC53: 0.95519334 | AD53: 0.0051 | AE53: 0.0077 | AF53: 0.0052 | AG53: 0.0056 | AH53: 0.0065 | AI53: -9999.9999 | AJ53: -9999.9999 | AK53: -9999.9999 | AL53: 0.0229 | AM53: 0.0083 | AN53: -9999.9999 | AO53: -9999.9999 | AP53: 0.1109 | AR53: 0.0155 | AS53: 0.0122 | AT53: 0.0277 | AU53: 0.0162 | AV53: absent | AW53: -9999.9999 | AX53: 0.0542 | AY53: 0.0912 | AZ53: 0.1454 | BA53: -9999.9999
C54: 19 | D54: 3248 | E54: 24.9 | F54: 4.7652 | G54: 35.7038 | H54: 0 | I54: 3 | J54: 118.49 | K54: 0.99707353 | L54: 0.00075938638 | M54: -4.2040055e-06 | N54: 1.0239055 | O54: 118.49581 | P54: 4.671982 | Q54: 4.5629034 | R54: 208.65071 | S54: 203.77927 | T54: 0.0073333333 | U54: 0.007152571 | V54: -0.004 | W54: -0.0039014023 | X54: -0.011333333 | Y54: -0.011053973 | Z54: -0.001 | AA54: -0.00097535058 | AB54: 1.0223333 | AC54: 0.99713341 | AD54: 0.0058 | AE54: 0.0082 | AF54: 0.0048 | AG54: 0.0064 | AH54: 0.0095 | AI54: -9999.9999 | AJ54: -9999.9999 | AK54: -9999.9999 | AL54: 0.0266 | AM54: 0.0096 | AN54: -9999.9999 | AO54: -9999.9999 | AP54: 0.1275 | AR54: 0.0173 | AS54: 0.0122 | AT54: 0.0295 | AU54: absent | AV54: 0.0179 | AW54: -9999.9999 | AX54: 0.0615 | AY54: 0.0965 | AZ54: 0.158 | BA54: -9999.9999
C55: 20
A56: 1 | B56: 0 | C56: 22
A57: 1 | B57: 0 | C57: 23
A58: 1 | B58: 0 | C58: 24

Sheet station 03
D1: MdP = | E1: oxygene
C2: Campagne : | F2: PIRATA-FR31
C4: Données de campagne
C6: N° de station : | F6: 3 | H6: N° de palanquée : | R6: Date d'analyse : | T6: 44261
G8: Position | I8: Degrés | J8: Minutes | P8: Cardinal | Q8: Décimale
G9: Latitude | I9: 8 | J9: 29.93' | K9: N | L9: + | M9: N | N9: E | O9: 8°29,97 | P9: N | Q9: 8.4988333
G10: Longitude | I10: 19 | J10: 27.16' | K10: W | L10: - | M10: S | N10: W | O10: -19°27,23 | P10: W | Q10: -19.452667
G11: Prélèvement | I11: Date | J11: 44261 | N11: 8°29,97 | O11: 1 | P11: 2021-03-06T03:10:08z
I12: Heure | J12: 0.19791667 | N12: 19°27,23 | O12: -1
C13: Données :
C14: Température du laboratoire à la calibration ( t°c ) | Q14: t°c = | R14: 24.3 | S14: °C
C15: Température du laboratoire au début de la série d'analyses | Q15: t°lab = | R15: 24.3 | S15: °C
C16: Volume moyen de thiosulfate pour la titration à t°c | Q16: Vmoy.titr.t°c = | R16: 4.88592 | S16: mL | T16: identifiant de la burette : | U16: 1
C17: Volume moyen de thiosulfate pour la détermination du blanc à t°c | Q17: Vmoy.titr.blanc.t°c = | R17: 0.005 | S17: mL
C18: Masse volumique de l'eau pure à la calibration | O18: ρ = | P18: 0.99722499
C19: Normalite de l'iodate (NIO3) à la température de calibration | O19: N(IO3) = | P19: 0.019984729 | Q19: N
C20: Vol. de la prise d'essai d'iodate (VIO3) à 20°C | O20: V(IO3)20°C = | P20: 5.0010585 | Q20: mL | T20: pipette n° : | U20: pipette O
C21: Vol. de la prise d'essai d'iodate (VIO3) à t°c | O21: V(IO3)t°c= | P21: 5.0059798 | Q21: mL
C22: Volume moyen de thiosulfate pour la titration à 20° C | O22: Vmoy.titr.20°C = | P22: 4.8811167 | Q22: mL
C23: Volume moyen de thiosulfate pour la détermination du blanc à 20° C | O23: Vmoy.titr.blanc.20°C = | P23: 0.0049950845 | Q23: mL | T23: 4.8868
C24: Normalite de l'iodate (NIO3) à 20°C | O24: N(IO3)20°C = | P24: 0.020004395 | Q24: N | T24: 4.8871
C25: Titre du thiosulfate à 20°C | O25: N(Thio)20°C = | P25: 0.020516951 | Q25: N | T25: 4.8877
C26: Volume de réactif utilisé | O26: Vreg = | P26: 2 | Q26: mL | T26: 4.8842
O27: DOreg = | P27: 0.0017 | T27: 4.8838
T28: 4.88592
E29: Choix de la série de flacons : | I29: IRD | O29: IRD
O30: LPO
C31: N° | D31: N° des Flacons | E31: T° prélèv. | F31: Volume de thio. | G31: Salinité | H31: Prof. Théorique | I31: Prof. Effective | J31: V. flacons 20°C | K31: masse volumique de l'eau de mer moyenne standard | L31: A | M31: B | N31: Masse volumique eau de mer à t° | O31: Vol. à t° prél. des flacons | P31: Oxygène dissous | T31: NO2 | V31: NO3 + NO2 | X31: NO3 | Z31: Phosphate | AB31: Silicate | AD31: chlorophyll-c3 | AE31: chlorophyll-c1+c2 | AF31: peridinin | AG31: 19'-butanoyloxyfucoxanthin | AH31: fucoxanthine | AI31: neoxanthin | AJ31: prasinoxanthin | AK31: violaxanthin | AL31: 19'-hexanoyloxyfucoxanthin | AM31: diadinoxanthin | AN31: alloxanthin | AO31: diatoxanthin | AP31: zeaxanthin | AQ31: lutein | AR31: divinyl chlorophyll-b | AS31: chlorophyll-b | AT31: total chlorophyll-b | AU31: alpha-carotene | AV31: beta-carotene | AW31: pheophorbide | AX31: divinyl chlorophyll-a | AY31: chlorophyll-a | AZ31: total chlorophyll-a | BA31: pheophytin_a | BB31: crocoxanthin
C33: BTL | E33: °C | F33: ml | H33: m | I33: m | J33: ml | O33: mL | P33: DOX1 | R33: DOXY | S33: DOX2 | T33: NTRI | U33: NTIW | V33: NTRZ | W33: NTZW | X33: NTRA | Y33: NTAW | Z33: PHOS | AA33: PHOW | AB33: SLCA | AC33: SLCW | AD33: CHC3 | AE33: CHCZ | AF33: PERP | AG33: BFUP | AH33: FUCP | AI33: NEXW | AJ33: PXAP | AK33: VIOW | AL33: HFUP | AM33: DXAP | AN33: AXAP | AO33: TXAP | AP33: ZXAP | AQ33: LUTW | AR33: CHBD | AS33: CH2P | AT33: CHLB | AU33: AACP | AV33: BBCP | AW33: PHEP | AX33: CHAD | AY33: CH1P | AZ33: CPHL | BA33: PHEA | BB33: CXAP
P34: ml/l | Q34: ml/kg | R34: µmol/l | S34: µmol/kg | T34: µmol/l | U34: µmol/kg | V34: µmol/l | W34: µmol/kg | X34: µmol/l | Y34: µmol/kg | Z34: µmol/l | AA34: µmol/kg | AB34: µmol/l | AC34: µmol/kg | AD34: µg.l-1 | AE34: µg.l-1 | AF34: µg.l-1 | AG34: µg.l-1 | AH34: µg.l-1 | AI34: µg.l-1 | AJ34: µg.l-1 | AK34: µg.l-1 | AL34: µg.l-1 | AM34: µg.l-1 | AN34: µg.l-1 | AO34: µg.l-1 | AP34: µg.l-1 | AQ34: µg.l-1 | AR34: µg.l-1 | AS34: µg.l-1 | AT34: µg.l-1 | AU34: µg.l-1 | AV34: µg.l-1 | AW34: µg.l-1 | AX34: µg.l-1 | AY34: µg.l-1 | AZ34: µg.l-1 | BA34: µg.l-1 | BB34: µg.l-1
P35: ml/l | Q35: ml/kg | R35: µmol/l | S35: µmol/kg | T35: µmol/l | U35: µmol/kg | V35: µmol/l | W35: µmol/kg | X35: µmol/l | Y35: µmol/kg | Z35: µmol/l | AA35: µmol/kg | AB35: µmol/l | AC35: µmol/kg | AD35: µg.l-1 | AE35: µg.l-1 | AF35: µg.l-1 | AG35: µg.l-1 | AH35: µg.l-1 | AI35: µg.l-1 | AJ35: µg.l-1 | AK35: µg.l-1 | AL35: µg.l-1 | AM35: µg.l-1 | AN35: µg.l-1 | AO35: µg.l-1 | AP35: µg.l-1 | AQ35: µg.l-1 | AR35: µg.l-1 | AS35: µg.l-1 | AT35: µg.l-1 | AU35: µg.l-1 | AV35: µg.l-1 | AW35: µg.l-1 | AX35: µg.l-1 | AY35: µg.l-1 | AZ35: µg.l-1 | BA35: µg.l-1 | BB35: µg.l-1
C36: 1 | D36: 2002 | E36: 9.6 | F36: 2.8811 | G36: 34.7486 | H36: 1000 | I36: 1000 | J36: 108.59 | K36: 0.99973623 | L36: 0.00079159063 | M36: -4.8953559e-06 | N36: 1.0268235 | O36: 108.57871 | P36: 3.080414 | Q36: 2.9999449 | R36: 137.57129 | S36: 133.97754 | T36: 0.0093333333 | U36: 0.0091097308 | V36: 35.346 | W36: 34.499201 | X36: 35.336667 | Y36: 34.490091 | Z36: 2.306 | AA36: 2.2507542 | AB36: 28.451333 | AC36: 27.769713
C37: 2 | D37: 2004 | E37: 10.1 | F37: 2.2056 | G37: 34.705 | H37: 800 | I37: 800 | J37: 110.33 | K37: 0.99969321 | L37: 0.00079018885 | M37: -4.8605187e-06 | N37: 1.0267049 | O37: 110.31908 | P37: 2.3153724 | Q37: 2.2551489 | R37: 103.40453 | S37: 100.71495 | T37: 0.020333333 | U37: 0.019846839 | V37: 38.774 | W37: 37.846295 | X37: 38.753667 | Y37: 37.826448 | Z37: 2.49 | AA37: 2.4304244 | AB37: 27.458333 | AC37: 26.801367
C38: 3 | D38: 2006 | E38: 10.2 | F38: 2.1875 | G38: 34.705 | H38: 800 | I38: 800 | J38: 108.87 | K38: 0.9996842 | L38: 0.0007899118 | M38: -4.8536506e-06 | N38: 1.0266877 | O38: 108.85933 | P38: 2.3275664 | Q38: 2.2670638 | R38: 103.94912 | S38: 101.24707 | T38: 0.0083333333 | U38: 0.0081339498 | V38: 38.63 | W38: 37.705738 | X38: 38.621667 | Y38: 37.697604 | Z38: 2.503 | AA38: 2.4431132 | AB38: 27.376333 | AC38: 26.721326
C39: 4 | D39: 2007 | E39: 13.4 | F39: 0.8452 | G39: 35.13595 | H39: 400 | I39: 400 | J39: 109.77 | K39: 0.99932756 | L39: 0.00078160301 | M39: -4.651342e-06 | N39: 1.0264176 | O39: 109.76276 | P39: 0.87883214 | Q39: 0.85621301 | R39: 39.248643 | S39: 38.238473 | T39: 0.012333333 | U39: 0.01203439 | V39: 37.097 | W39: 36.197819 | X39: 37.084667 | Y39: 36.185785 | Z39: 2.192 | AA39: 2.1388689 | AB39: 15.506333 | AC39: 15.130481
C40: 5 | D40: 2008 | E40: 15.6 | F40: 2.3648 | G40: 35.29175 | H40: 200 | I40: 201 | J40: 108.85 | K40: 0.99900901 | L40: 0.00077648079 | M40: -4.5319115e-06 | N40: 1.026064 | O40: 108.84521 | P40: 2.5182764 | Q40: 2.4543073 | R40: 112.46622 | S40: 109.60937 | T40: 0.0073333333 | U40: 0.0071547647 | V40: 24.286 | W40: 23.694629 | X40: 24.278667 | Y40: 23.687475 | Z40: 1.503 | AA40: 1.4664016 | AB40: 9.0433333 | AC40: 8.8231258
C41: 6 | D41: 2009 | E41: 16.8 | F41: 1.6273 | G41: 35.5209 | H41: 100 | I41: 101 | J41: 109.15 | K41: 0.99881141 | L41: 0.00077387542 | M41: -4.4735183e-06 | N41: 1.0259627 | O41: 109.14651 | P41: 1.7214214 | Q41: 1.6778597 | R41: 76.878681 | S41: 74.933213 | T41: 0.019333333 | U41: 0.018859345 | V41: 25.668 | W41: 25.038707 | X41: 25.648667 | Y41: 25.019848 | Z41: 1.556 | AA41: 1.5178521 | AB41: 7.9373333 | AC41: 7.7427367
C42: 7 | I42: 93 | T42: 0.027333333 | U42: 0.02666272 | V42: 25.65 | W42: 25.020687 | X42: 25.622667 | Y42: 24.994024 | Z42: 1.555 | AA42: 1.5168486 | AB42: 7.7723333 | AC42: 7.581642
C43: 8 | D43: 2010 | E43: 17.3 | F43: 1.5681 | G43: 35.3869 | H43: 80 | I43: 83 | J43: 109.42 | K43: 0.99872426 | L43: 0.00077282753 | M43: -4.4505942e-06 | N43: 1.0257404 | O43: 109.41705 | P43: 1.6538495 | Q43: 1.6123471 | R43: 73.860919 | S43: 72.007422 | T43: 0.037333333 | U43: 0.036416333 | V43: 24.949 | W43: 24.33619 | X43: 24.911667 | Y43: 24.299774 | Z43: 1.535 | AA43: 1.4972965 | AB43: 7.4553333 | AC43: 7.2722116
C44: 9 | I44: 73 | T44: 0.057333333 | U44: 0.055923492 | V44: 23.77 | W44: 23.18549 | X44: 23.712667 | Y44: 23.129566 | Z44: 1.435 | AA44: 1.399713 | AB44: 7.0053333 | AC44: 6.8330705
C45: 10 | D45: 2012 | E45: 18.2 | F45: 1.9267 | G45: 35.6675 | H45: 60 | I45: 64 | J45: 110.46 | K45: 0.9985604 | L45: 0.00077099568 | M45: -4.4114157e-06 | N45: 1.0257348 | O45: 110.45801 | P45: 2.0173498 | Q45: 1.9667361 | R45: 90.09484 | S45: 87.834436 | T45: 0.091333333 | U45: 0.089084367 | V45: 21.969 | W45: 21.428042 | X45: 21.877667 | Y45: 21.338957 | Z45: 1.305 | AA45: 1.2728661 | AB45: 6.3693333 | AC45: 6.2124967
C46: 11 | I46: 53 | T46: 0.53733333 | U46: 0.52405386 | V46: 15.491 | W46: 15.108161 | X46: 14.953667 | Y46: 14.584107 | Z46: 0.897 | AA46: 0.87483185 | AB46: 4.6463333 | AC46: 4.5315054
C47: 12 | D47: 2011 | E47: 21.6 | F47: 3.4431 | G47: 35.8518 | H47: 40 | I47: 43 | J47: 110.81 | K47: 0.99786297 | L47: 0.00076467604 | M47: -4.2875982e-06 | N47: 1.0249786 | O47: 110.81177 | P47: 3.6098205 | Q47: 3.5218497 | R47: 161.21458 | S47: 157.28581 | T47: 0.21133333 | U47: 0.20610139 | V47: 5.316 | W47: 5.1843926 | X47: 5.1046667 | Y47: 4.9782912 | Z47: 0.325 | AA47: 0.31695402 | AB47: 2.9723333 | AC47: 2.8987477
C48: 13 | I48: 43
C49: 14 | I49: 34 | T49: 0.026333333 | U49: 0.025682437 | V49: 0.465 | W49: 0.45350633 | X49: 0.43866667 | Y49: 0.42782389 | Z49: 0.05 | AA49: 0.048764121 | AB49: 1.7213333 | AC49: 1.6787861
C50: 15 | D50: 2013 | E50: 25 | F50: 4.4398 | G50: 35.7295 | H50: 20 | I50: 24 | J50: 109.83 | K50: 0.99704796 | L50: 0.00075923827 | M50: -4.202035e-06 | N50: 1.0238945 | O50: 109.83549 | P50: 4.7030277 | Q50: 4.5932737 | R50: 210.03722 | S50: 205.1356 | T50: 0.0093333333 | U50: 0.0091030451 | V50: -0.011 | W50: -0.010728589 | X50: -0.020333333 | Y50: -0.019831634 | Z50: 0.005 | AA50: 0.0048766313 | AB50: 1.0453333 | AC50: 1.0195411
C51: 16 | D51: 2014 | E51: 25.4 | F51: 4.4885 | G51: 35.58525 | H51: 10 | I51: 14 | J51: 112.03 | K51: 0.9969447 | L51: 0.00075865281 | M51: -4.1944837e-06 | N51: 1.023663 | O51: 112.03605 | P51: 4.6597564 | Q51: 4.5520417 | R51: 208.10472 | S51: 203.29418 | T51: 0.0093333333 | U51: 0.0091040534 | V51: -0.013 | W51: -0.012680646 | X51: -0.022333333 | Y51: -0.021784699 | Z51: 0.013 | AA51: 0.012680646 | AB51: 1.1853333 | AC51: 1.1562148
C52: 17 | I52: 9 | T52: 0.010333333 | U52: 0.010079887 | V52: 0.003 | W52: 0.0029264188 | X52: -0.0073333333 | Y52: -0.0071534681 | Z52: 0.013 | AA52: 0.012681148 | AB52: 1.2173333 | AC52: 1.1874757
C53: 18 | D53: 2015 | E53: 25.7 | F53: 4.3707 | G53: 35.5338 | H53: 0 | I53: 3 | J53: 110.12 | K53: 0.99686626 | L53: 0.00075822095 | M53: -4.1891678e-06 | N53: 1.0235314 | O53: 110.12628 | P53: 4.6170526 | Q53: 4.5109045 | R53: 206.19757 | S53: 201.457 | T53: 0.0083333333 | U53: 0.0081289422 | V53: -0.006 | W53: -0.0058528384 | X53: -0.014333333 | Y53: -0.013981781 | Z53: 0.016 | AA53: 0.015607569 | AB53: 1.2283333 | AC53: 1.1982061
C54: 19 | I54: 3
C55: 20 | I55: 3
A56: 1 | B56: 0 | C56: 22
A57: 1 | B57: 0 | C57: 23
A58: 1 | B58: 0 | C58: 24

Sheet station 04
D1: MdP = | E1: oxygene
C2: Campagne : | F2: PIRATA-FR31
C4: Données de campagne
C6: N° de station : | F6: 4 | H6: N° de palanquée : | R6: Date d'analyse : | T6: 44261
G8: Position | I8: Degrés | J8: Minutes | P8: Cardinal | Q8: Décimale
G9: Latitude | I9: 7 | J9: 59.90' | K9: N | L9: =IF(P9=M9,"+","-") -> + | M9: N | N9: E | O9: =IF(ISBLANK(I9),"",IF(ISBLANK(J9),"",IF(P9=M10,L9&N11,N11))) -> 7°59.90' | P9: N | Q9: 7.9983333
G10: Longitude | I10: 18 | J10: 50.87' | K10: W | L10: =IF(P10=N9,"+","-") -> - | M10: S | N10: W | O10: =IF(ISBLANK(I10),"",IF(ISBLANK(J10),"",IF(P10=N10,L10&N12,N12))) -> -18°50.87' | P10: W | Q10: -18.847833
G11: Prélèvement | I11: Date | J11: 44261 | N11: =I9&"°"&J9 -> 7°59.90' | O11: =IF(P9=M10,-1,1) -> 1 | P11: 2021-03-06T08:44:18z
I12: Heure | J12: 0.41597222 | N12: =I10&"°"&J10 -> 18°50.87' | O12: =IF(P10=N10,-1,1) -> -1
C13: Données :
C14: Température du laboratoire à la calibration ( t°c ) | Q14: t°c = | R14: 24.3 | S14: °C
C15: Température du laboratoire au début de la série d'analyses | Q15: t°lab = | R15: 24.3 | S15: °C
C16: Volume moyen de thiosulfate pour la titration à t°c | Q16: Vmoy.titr.t°c = | R16: 4.88592 | S16: mL | T16: identifiant de la burette : | U16: ='Correction de volume'!J7 -> 1
C17: Volume moyen de thiosulfate pour la détermination du blanc à t°c | Q17: Vmoy.titr.blanc.t°c = | R17: 0.005 | S17: mL
C18: Masse volumique de l'eau pure à la calibration | O18: ρ = | P18: =(0.999842594+(0.00006793952*$R$14)-(0.00000909529*$R$14^2)+(0.0000001001685*$R$14^3)-(0.000000001120083*$R$14^4)+(0.000000000006536332*$R$14^5)) -> 0.99722499
C19: Normalite de l'iodate (NIO3) à la température de calibration | O19: N(IO3) = | P19: =$P$24*($P$18/'Titre de l''Iodate'!E19) -> 0.019984729 | Q19: N
C20: Vol. de la prise d'essai d'iodate (VIO3) à 20°C | O20: V(IO3)20°C = | P20: ='Correction de volume'!F8 -> 5.0010585 | Q20: mL | T20: pipette n° : | U20: ='Correction de volume'!J8 -> pipette O
C21: Vol. de la prise d'essai d'iodate (VIO3) à t°c | O21: V(IO3)t°c= | P21: =P20*'Correction de volume'!$C$11/'station 04'!$P$18 -> 5.0059798 | Q21: mL
C22: Volume moyen de thiosulfate pour la titration à 20° C | O22: Vmoy.titr.20°C = | P22: =$R$16*P18/'Correction de volume'!C11 -> 4.8811167 | Q22: mL
C23: Volume moyen de thiosulfate pour la détermination du blanc à 20° C | O23: Vmoy.titr.blanc.20°C = | P23: =$R$17*P18/'Correction de volume'!C11 -> 0.0049950845 | Q23: mL | T23: 4.8868
C24: Normalite de l'iodate (NIO3) à 20°C | O24: N(IO3)20°C = | P24: ='Titre de l''Iodate'!F7 -> 0.020004395 | Q24: N | T24: 4.8871
C25: Titre du thiosulfate à 20°C | O25: N(Thio)20°C = | P25: =IF(ISBLANK(R14),"",IF(ISBLANK(P21),"",IF(ISBLANK(R17),"",(($P$24*$P$20)/($P$22-$P$23))))) -> 0.020516951 | Q25: N | T25: 4.8877
C26: Volume de réactif utilisé | O26: Vreg = | P26: 2 | Q26: mL | T26: 4.8842
O27: DOreg = | P27: 0.0017 | T27: 4.8838
T28: =AVERAGE(T23:T27) -> 4.88592
E29: Choix de la série de flacons : | I29: IRD | O29: IRD
O30: LPO
C31: N° | D31: N° des Flacons | E31: T° prélèv. | F31: Volume de thio. | G31: Salinité | H31: Prof. Théorique | I31: Prof. Effective | J31: V. flacons 20°C | K31: masse volumique de l'eau de mer moyenne standard | L31: A | M31: B | N31: Masse volumique eau de mer à t° | O31: Vol. à t° prél. des flacons | P31: Oxygène dissous | T31: NO2 | V31: NO3 + NO2 | X31: NO3 | Z31: Phosphate | AB31: Silicate | AD31: chlorophyll-c3 | AE31: chlorophyll-c1+c2 | AF31: peridinin | AG31: 19'-butanoyloxyfucoxanthin | AH31: fucoxanthine | AI31: neoxanthin | AJ31: prasinoxanthin | AK31: violaxanthin | AL31: 19'-hexanoyloxyfucoxanthin | AM31: diadinoxanthin | AN31: alloxanthin | AO31: diatoxanthin | AP31: zeaxanthin | AQ31: lutein | AR31: divinyl chlorophyll-b | AS31: chlorophyll-b | AT31: total chlorophyll-b | AU31: alpha-carotene | AV31: beta-carotene | AW31: pheophorbide | AX31: divinyl chlorophyll-a | AY31: chlorophyll-a | AZ31: total chlorophyll-a | BA31: pheophytin_a | BB31: crocoxanthin
C33: BTL | E33: °C | F33: ml | H33: m | I33: m | J33: ml | O33: mL | P33: DOX1 | R33: DOXY | S33: DOX2 | T33: NTRI | U33: NTIW | V33: NTRZ | W33: NTZW | X33: NTRA | Y33: NTAW | Z33: PHOS | AA33: PHOW | AB33: SLCA | AC33: SLCW | AD33: CHC3 | AE33: CHCZ | AF33: PERP | AG33: BFUP | AH33: FUCP | AI33: NEXW | AJ33: PXAP | AK33: VIOW | AL33: HFUP | AM33: DXAP | AN33: AXAP | AO33: TXAP | AP33: ZXAP | AQ33: LUTW | AR33: CHBD | AS33: CH2P | AT33: CHLB | AU33: AACP | AV33: BBCP | AW33: PHEP | AX33: CHAD | AY33: CH1P | AZ33: CPHL | BA33: PHEA | BB33: CXAP
P34: ml/l | Q34: ml/kg | R34: µmol/l | S34: µmol/kg | T34: µmol/l | U34: µmol/kg | V34: µmol/l | W34: µmol/kg | X34: µmol/l | Y34: µmol/kg | Z34: µmol/l | AA34: µmol/kg | AB34: µmol/l | AC34: µmol/kg | AD34: µg.l-1 | AE34: µg.l-1 | AF34: µg.l-1 | AG34: µg.l-1 | AH34: µg.l-1 | AI34: µg.l-1 | AJ34: µg.l-1 | AK34: µg.l-1 | AL34: µg.l-1 | AM34: µg.l-1 | AN34: µg.l-1 | AO34: µg.l-1 | AP34: µg.l-1 | AQ34: µg.l-1 | AR34: µg.l-1 | AS34: µg.l-1 | AT34: µg.l-1 | AU34: µg.l-1 | AV34: µg.l-1 | AW34: µg.l-1 | AX34: µg.l-1 | AY34: µg.l-1 | AZ34: µg.l-1 | BA34: µg.l-1 | BB34: µg.l-1
P35: ml/l | Q35: ml/kg | R35: µmol/l | S35: µmol/kg | T35: µmol/l | U35: µmol/kg | V35: µmol/l | W35: µmol/kg | X35: µmol/l | Y35: µmol/kg | Z35: µmol/l | AA35: µmol/kg | AB35: µmol/l | AC35: µmol/kg | AD35: µg.l-1 | AE35: µg.l-1 | AF35: µg.l-1 | AG35: µg.l-1 | AH35: µg.l-1 | AI35: µg.l-1 | AJ35: µg.l-1 | AK35: µg.l-1 | AL35: µg.l-1 | AM35: µg.l-1 | AN35: µg.l-1 | AO35: µg.l-1 | AP35: µg.l-1 | AQ35: µg.l-1 | AR35: µg.l-1 | AS35: µg.l-1 | AT35: µg.l-1 | AU35: µg.l-1 | AV35: µg.l-1 | AW35: µg.l-1 | AX35: µg.l-1 | AY35: µg.l-1 | AZ35: µg.l-1 | BA35: µg.l-1 | BB35: µg.l-1
C36: 1 | D36: 3008 | E36: 8.2 | F36: 3.0172 | G36: 34.75775 | H36: 1000 | I36: 1001 | J36: 116 | K36: 0.99983854 | L36: 0.00079566517 | M36: -4.9973013e-06 | N36: 1.0270537 | O36: 115.98631 | P36: 3.0172288 | Q36: 2.9377517 | R36: 134.74944 | S36: 131.19999 | T36: 0.0063333333 | U36: 0.0061815598 | V36: 35.181 | W36: 34.337914 | X36: 35.174667 | Y36: 34.331732 | Z36: 2.3 | AA36: 2.2448822 | AB36: 28.244333 | AC36: 27.567479
C37: 2 | D37: 3167 | E37: 8.9 | F37: 2.5019 | G37: 34.6568 | H37: 800 | I37: 800 | J37: 117.58 | K37: 0.99979077 | L37: 0.00079359998 | M37: -4.9455179e-06 | N37: 1.0268657 | O37: 117.56695 | P37: 2.4643443 | Q37: 2.3998702 | R37: 110.05762 | S37: 107.1782 | T37: 0.012333333 | U37: 0.012038674 | V37: 38.465 | W37: 37.546021 | X37: 38.452667 | Y37: 37.533983 | Z37: 2.532 | AA37: 2.4715072 | AB37: 28.244333 | AC37: 27.56954
C38: 3 | D38: 3010 | E38: 12.5 | F38: 0.9702 | G38: 35.1179 | H38: 400 | I38: 400 | J38: 117.32 | K38: 0.99944099 | L38: 0.00078383353 | M38: -4.7048162e-06 | N38: 1.0265843 | O38: 117.3112 | P38: 0.94568433 | Q38: 0.921195 | R38: 42.234262 | S38: 41.140569 | T38: 0.013333333 | U38: 0.013010314 | V38: 36.5 | W38: 35.615735 | X38: 36.486667 | Y38: 35.602725 | Z38: 2.195 | AA38: 2.141823 | AB38: 15.128333 | AC38: 14.761828
C39: 4 | D39: 3011 | E39: 12.7 | F39: 0.9437 | G39: 35.11925 | H39: 400 | I39: 400 | J39: 116.23 | K39: 0.99941665 | L39: 0.00078333087 | M39: -4.6927014e-06 | N39: 1.0265459 | O39: 116.22152 | P39: 0.92808574 | Q39: 0.90408598 | R39: 41.448309 | S39: 40.37648 | T39: 0.0083333333 | U39: 0.008131447 | V39: 36.439 | W39: 35.556216 | X39: 36.430667 | Y39: 35.548084 | Z39: 2.174 | AA39: 2.1213319 | AB39: 15.139333 | AC39: 14.772562
C40: 5 | D40: 3013 | E40: 15 | F40: 2.2498 | G40: 35.3278 | H40: 200 | I40: 201 | J40: 117.17 | K40: 0.99910157 | L40: 0.00077783253 | M40: -4.562895e-06 | N40: 1.0262256 | O40: 117.16414 | P40: 2.2217902 | Q40: 2.1650115 | R40: 99.225148 | S40: 96.689414 | T40: 0.016333333 | U40: 0.015935177 | V40: 25.071 | W40: 24.459846 | X40: 25.054667 | Y40: 24.443911 | Z40: 1.561 | AA40: 1.5229476 | AB40: 9.0853333 | AC40: 8.8638609 | AD40: 0.0241 | AE40: 0.0125 | AF40: 0.0031 | AG40: 0.0253 | AH40: 0.0142 | AI40: 0.002 | AJ40: -9999.9999 | AK40: -9999.9999 | AL40: 0.0349 | AM40: 0.0029 | AN40: -9999.9999 | AO40: -9999.9999 | AP40: 0.0085 | AR40: 0.1435 | AS40: 0.0136 | AT40: 0.1571 | AU40: 0.0144 | AV40: absent | AW40: -9999.9999 | AX40: 0.0274 | AY40: 0.0737 | AZ40: 0.1011 | BA40: 0.0025
C41: 6 | D41: 3026 | E41: 16.6 | F41: 1.8194 | G41: 35.5642 | H41: 100 | I41: 99 | J41: 117.7 | K41: 0.99884548 | L41: 0.00077430072 | M41: -4.4829196e-06 | N41: 1.0260432 | O41: 117.696 | P41: 1.7847293 | Q41: 1.7394291 | R41: 79.70601 | S41: 77.682901 | T41: 0.029333333 | U41: 0.02861308 | V41: 24.591 | W41: 23.98719 | X41: 24.561667 | Y41: 23.958577 | Z41: 1.529 | AA41: 1.4914568 | AB41: 7.5193333 | AC41: 7.3347029 | AD41: 0.029 | AE41: 0.016 | AF41: 0.0042 | AG41: 0.028 | AH41: 0.0172 | AI41: 0.0031 | AJ41: -9999.9999 | AK41: -9999.9999 | AL41: 0.0434 | AM41: 0.0046 | AN41: -9999.9999 | AO41: -9999.9999 | AP41: 0.0119 | AR41: 0.1762 | AS41: 0.0205 | AT41: 0.1967 | AU41: 0.0186 | AV41: absent | AW41: -9999.9999 | AX41: 0.0372 | AY41: 0.0985 | AZ41: 0.1357 | BA41: 0.0029
C42: 7 | I42: 90 | T42: 0.037333333 | U42: 0.03641565 | V42: 24.439 | W42: 23.83827 | X42: 24.401667 | Y42: 23.801854 | Z42: 1.5 | AA42: 1.4631288 | AB42: 7.1783333 | AC42: 7.0018841 | AD42: 0.0425 | AE42: 0.026 | AF42: 0.0082 | AG42: 0.0372 | AH42: 0.0305 | AI42: 0.0087 | AJ42: 0.0074 | AK42: 0.0022 | AL42: 0.0585 | AM42: 0.0066 | AN42: 0.0036 | AO42: -9999.9999 | AP42: 0.0241 | AR42: 0.2199 | AS42: 0.0559 | AT42: 0.2758 | AU42: 0.0273 | AV42: absent | AW42: -9999.9999 | AX42: 0.0583 | AY42: 0.1765 | AZ42: 0.2348 | BA42: 0.004
C43: 8 | D43: 3027 | E43: 17.6 | F43: 1.7006 | G43: 35.6582 | H43: 80 | I43: 80 | J43: 116.45 | K43: 0.99867063 | L43: 0.00077220922 | M43: -4.4372369e-06 | N43: 1.0258757 | O43: 116.44721 | P43: 1.6850985 | Q43: 1.6425951 | R43: 75.256497 | S43: 73.358298 | T43: 0.056333333 | U43: 0.05494668 | V43: 23.59 | W43: 23.009329 | X43: 23.533667 | Y43: 22.954382 | Z43: 1.452 | AA43: 1.4162588 | AB43: 6.6923333 | AC43: 6.5276005 | AD43: 0.0422 | AE43: 0.0257 | AF43: 0.0081 | AG43: 0.0369 | AH43: 0.0302 | AI43: 0.0086 | AJ43: 0.0074 | AK43: 0.0022 | AL43: 0.058 | AM43: 0.0066 | AN43: 0.0036 | AO43: -9999.9999 | AP43: 0.0239 | AR43: 0.2181 | AS43: 0.0554 | AT43: 0.2735 | AU43: 0.027 | AV43: absent | AW43: -9999.9999 | AX43: 0.0578 | AY43: 0.175 | AZ43: 0.2328 | BA43: 0.004
C44: 9 | I44: 70 | T44: 0.11633333 | U44: 0.11346296 | V44: 20.278 | W44: 19.777666 | X44: 20.161667 | Y44: 19.664203 | Z44: 1.217 | AA44: 1.1869721 | AB44: 5.6533333 | AC44: 5.5138445 | AD44: 0.0487 | AE44: 0.0326 | AF44: 0.01 | AG44: 0.0455 | AH44: 0.0358 | AI44: 0.0099 | AJ44: 0.0116 | AK44: 0.0034 | AL44: 0.0706 | AM44: 0.008 | AN44: 0.0054 | AO44: -9999.9999 | AP44: 0.0347 | AR44: 0.2389 | AS44: 0.0791 | AT44: 0.318 | AU44: 0.0315 | AV44: absent | AW44: -9999.9999 | AX44: 0.0746 | AY44: 0.2277 | AZ44: 0.3023 | BA44: 0.005
C45: 10 | D45: 3028 | E45: 19.2 | F45: 2.1478 | G45: 35.79135 | H45: 60 | I45: 60 | J45: 115.96 | K45: 0.99836797 | L45: 0.00076904024 | M45: -4.3710277e-06 | N45: 1.0255759 | O45: 115.95907 | P45: 2.1425848 | Q45: 2.0891528 | R45: 95.687837 | S45: 93.301563 | T45: 0.22933333 | U45: 0.2236673 | V45: 17.764 | W45: 17.325113 | X45: 17.534667 | Y45: 17.101446 | Z45: 1.053 | AA45: 1.026984 | AB45: 5.0103333 | AC45: 4.8865453 | AD45: 0.0747 | AE45: 0.0593 | AF45: 0.0293 | AG45: 0.0774 | AH45: 0.0444 | AI45: 0.0148 | AJ45: 0.0152 | AK45: 0.008 | AL45: 0.1513 | AM45: 0.0206 | AN45: 0.008 | AO45: -9999.9999 | AP45: 0.0736 | AR45: 0.1626 | AS45: 0.1708 | AT45: 0.3334 | AU45: 0.0445 | AV45: absent | AW45: -9999.9999 | AX45: 0.119 | AY45: 0.4713 | AZ45: 0.5903 | BA45: 0.0085
C46: 11 | I46: 50 | T46: 0.36233333 | U46: 0.35334269 | V46: 7.816 | W46: 7.6220602 | X46: 7.4536667 | Y46: 7.2687175 | Z46: 0.46 | AA46: 0.44858594 | AB46: 3.4193333 | AC46: 3.3344888 | AD46: 0.0256 | AE46: 0.0307 | AF46: 0.0237 | AG46: 0.0202 | AH46: 0.0104 | AI46: -9999.9999 | AJ46: -9999.9999 | AK46: 0.0031 | AL46: 0.0782 | AM46: 0.0162 | AN46: 0.0028 | AO46: -9999.9999 | AP46: 0.1193 | AR46: 0.066 | AS46: 0.034 | AT46: 0.1 | AU46: 0.0351 | AV46: absent | AW46: -9999.9999 | AX46: 0.1457 | AY46: 0.2154 | AZ46: 0.3611 | BA46: 0.0049
C47: 12 | D47: 3034 | E47: 23.5 | F47: 4.1813 | G47: 35.94955 | H47: 40 | I47: 40 | J47: 116.21 | K47: 0.99742152 | L47: 0.00076153385 | M47: -4.2350679e-06 | N47: 1.0245099 | O47: 116.21407 | P47: 4.1806826 | Q47: 4.080666 | R47: 186.70928 | S47: 182.24254 | T47: 0.016333333 | U47: 0.015927908 | V47: 0.151 | W47: 0.14725188 | X47: 0.13466667 | Y47: 0.13132398 | Z47: 0.353 | AA47: 0.34423785 | AB47: 2.0793333 | AC47: 2.0277202 | AD47: 0.0287 | AE47: 0.0326 | AF47: 0.0236 | AG47: 0.0234 | AH47: 0.0118 | AI47: 0.0029 | AJ47: -9999.9999 | AK47: 0.0033 | AL47: 0.0846 | AM47: 0.0161 | AN47: 0.003 | AO47: -9999.9999 | AP47: 0.1175 | AR47: 0.056 | AS47: 0.0397 | AT47: 0.0957 | AU47: 0.0361 | AV47: absent | AW47: -9999.9999 | AX47: 0.1442 | AY47: 0.2371 | AZ47: 0.3813 | BA47: 0.0052
C48: 13 | I48: 40 | AD48: 0.0186 | AE48: 0.0223 | AF48: 0.0143 | AG48: 0.0115 | AH48: 0.0079 | AI48: -9999.9999 | AJ48: -9999.9999 | AK48: 0.0026 | AL48: 0.0588 | AM48: 0.0145 | AN48: 0.0032 | AO48: -9999.9999 | AP48: 0.1177 | AR48: 0.0463 | AS48: 0.0228 | AT48: 0.0691 | AU48: 0.0293 | AV48: absent | AW48: -9999.9999 | AX48: 0.1283 | AY48: 0.1711 | AZ48: 0.2994 | BA48: 0.0031
C49: 14 | I49: 31 | T49: 0.013333333 | U49: 0.01300359 | V49: 0 | W49: 0 | X49: -0.013333333 | Y49: -0.01300359 | Z49: 0 | AA49: 0 | AB49: 1.4113333 | AC49: 1.37643 | AD49: 0.0097 | AE49: 0.0122 | AF49: 0.0068 | AG49: 0.0053 | AH49: 0.0048 | AI49: -9999.9999 | AJ49: -9999.9999 | AK49: 0.0019 | AL49: 0.0299 | AM49: 0.0115 | AN49: -9999.9999 | AO49: -9999.9999 | AP49: 0.1 | AR49: 0.0244 | AS49: 0.0119 | AT49: 0.0363 | AU49: 0.0201 | AV49: absent | AW49: -9999.9999 | AX49: 0.0809 | AY49: 0.1061 | AZ49: 0.187 | BA49: 0.0027
C50: 15 | D50: 3038 | E50: 26.6 | F50: 4.5889 | G50: 35.5139 | H50: 20 | I50: 20 | J50: 115.95 | K50: 0.99662589 | L50: 0.00075696214 | M50: -4.1750068e-06 | N50: 1.0232343 | O50: 115.95765 | P50: 4.6004913 | Q50: 4.4960291 | R50: 205.45794 | S50: 200.79266 | T50: 0.0083333333 | U50: 0.0081291921 | V50: -0.021 | W50: -0.020485564 | X50: -0.029333333 | Y50: -0.028614756 | Z50: -0.004 | AA50: -0.0039020122 | AB50: 1.1723333 | AC50: 1.1436147 | AD50: 0.0091 | AE50: 0.0106 | AF50: 0.0055 | AG50: 0.0046 | AH50: 0.0051 | AI50: -9999.9999 | AJ50: -9999.9999 | AK50: 0.0018 | AL50: 0.026 | AM50: 0.0128 | AN50: -9999.9999 | AO50: -9999.9999 | AP50: 0.1107 | AR50: 0.0244 | AS50: 0.0114 | AT50: 0.0358 | AU50: 0.0201 | AV50: absent | AW50: -9999.9999 | AX50: 0.086 | AY50: 0.089 | AZ50: 0.175 | BA50: 0.0029
C51: 16 | D51: 3039 | E51: 26.6 | F51: 4.6066 | G51: 35.49195 | H51: 10 | I51: 10 | J51: 116.46 | K51: 0.99662589 | L51: 0.00075696214 | M51: -4.1750068e-06 | N51: 1.0232178 | O51: 116.46769 | P51: 4.5977351 | Q51: 4.4934082 | R51: 205.33485 | S51: 200.67561 | T51: 0.010333333 | U51: 0.010080193 | V51: -0.02 | W51: -0.019510051 | X51: -0.030333333 | Y51: -0.029590244 | Z51: -0.004 | AA51: -0.0039020102 | AB51: 1.1603333 | AC51: 1.1319081 | AD51: 0.0092 | AE51: 0.0108 | AF51: 0.0055 | AG51: 0.0047 | AH51: 0.0046 | AI51: -9999.9999 | AJ51: -9999.9999 | AK51: 0.002 | AL51: 0.0268 | AM51: 0.0141 | AN51: -9999.9999 | AO51: 0.0028 | AP51: 0.1266 | AR51: 0.0278 | AS51: 0.0108 | AT51: 0.0386 | AU51: 0.0232 | AV51: absent | AW51: -9999.9999 | AX51: 0.0943 | AY51: 0.101 | AZ51: 0.1953 | BA51: 0.0028
C52: 17 | I52: 5 | T52: 0.0073333333 | U52: 0.0071536848 | V52: -0.009 | W52: -0.0087795222 | X52: -0.016333333 | Y52: -0.015933207 | Z52: -0.004 | AA52: -0.0039020099 | AB52: 1.1703333 | AC52: 1.1416631 | AD52: 0.0085 | AE52: 0.0102 | AF52: 0.0051 | AG52: 0.0041 | AH52: 0.0043 | AI52: -9999.9999 | AJ52: -9999.9999 | AK52: 0.0019 | AL52: 0.0246 | AM52: 0.0136 | AN52: -9999.9999 | AO52: -9999.9999 | AP52: 0.1214 | AR52: 0.0259 | AS52: 0.0095 | AT52: 0.0354 | AU52: 0.0238 | AV52: absent | AW52: -9999.9999 | AX52: 0.0935 | AY52: 0.1119 | AZ52: 0.2054 | BA52: 0.0032
C53: 18 | D53: 3042 | E53: 26.7 | F53: 4.6377 | G53: 35.49325 | H53: 0 | I53: 3 | J53: 117.21 | K53: 0.99659871 | L53: 0.00075682565 | M53: -4.1735988e-06 | N53: 1.023187 | O53: 117.21785 | P53: 4.5987712 | Q53: 4.4945558 | R53: 205.38112 | S53: 200.72686 | T53: 0.010333333 | U53: 0.010080188 | V53: -0.007 | W53: -0.0068285147 | X53: -0.017333333 | Y53: -0.016908703 | Z53: 0.001 | AA53: 0.00097550211 | AB53: 1.2003333 | AC53: 1.1709277
C54: 19
C55: 20
A56: =IF(ISBLANK(VLOOKUP(D56,'Volumes flacons'!A5:C644,3)),0,1) -> 1 | B56: =IF(ISBLANK(D56),0,IF(ISBLANK(E56),0,IF(ISBLANK(F56),0,1))) -> 0 | C56: 22 | J56: =IF(ISBLANK(D56),"",IF(VLOOKUP(D56,'Volumes flacons'!$A$5:$C$1047,2)=0,"",IF(D56>'Volumes flacons'!$A$1047,"Mauvais numéro",IF(D56<'Volumes flacons'!$A$5,"Mauvais numéro",(VLOOKUP(D56,'Volumes flacons'!$A$5:$C$1047,3)))))) | K56: =IF(ISBLANK(E56),"",(0.999842594+(0.00006793952*E56)-(0.00000909529*E56^2)+(0.0000001001685*E56^3)-(0.000000001120083*E56^4)+(0.000000000006536332*E56^5))) | L56: =IF(ISBLANK(E56),"",(0.000824493-(0.0000040899*E56)+(0.000000076438*E56^2)-(0.00000000082467*E56^3)+(0.0000000000053875*E56^4))) | M56: =IF(ISBLANK(E56),"",(-0.00000572466+(0.00000010227*E56)-(0.0000000016546*E56^2))) | N56: =IF(ISBLANK(E56),"",IF(ISBLANK(G56),(K56+(L56*35)+(M56*35^1.5)+(0.00000048314*35^2)),(K56+(L56*G56)+(M56*G56^1.5)+(0.00000048314*G56^2)))) | O56: =IF(ISBLANK(D56),"",(J56*(1+0.00001*(E56-20)))) | P56: =IF(ISBLANK($R$16),"",IF(A56=0,"",IF(ISBLANK($R$17),"",IF(B56=0,"",IF($O$28=$I$29,"",IF(AND($I$29=$O$29,D56<1000),"N° Flac.",IF(AND($I$29=$O$30,D56>1000),"N° Flac.",IF(AND(D56>1202,D56<2001),"Err. N°",IF(AND(D56>499,D56<1141),"Err.N°",((((F56-$R$17)*$P$21*$P$19*5598)/($R$16-$R$17))-($P$27*1000))/((O56)-($P$26))))))))))) | Q56: =IF(ISBLANK($R$16),"",IF(A56=0,"",IF(ISBLANK($R$17),"",IF(AND(D56>1202,D56<2001),"Err. N°",IF(AND(D56>499,D56<1141),"Err.N°",IF(B56=0,"",IF($O$28=$I$29,"",IF(AND($I$29=$O$29,D56<1000),"N° Flac.",IF(AND($I$29=$O$30,D56>1000),"N° Flac.",P56/N56))))))))) | R56: =IF(ISBLANK($R$16),"",IF(A56=0,"",IF(ISBLANK($R$17),"",IF(B56=0,"",IF(ISBLANK(J56),"",IF(AND(D56>1202,D56<2001),"Err. N°",IF(AND(D56>499,D56<1141),"Err.N°",IF($I$29=$O$28,"",IF(AND($I$29=$O$29,D56<1000),"N° Flac.",IF(AND($I$29=$O$30,D56>1000),"N° Flac.",((44.66*P56)))))))))))) | S56: =IF(ISBLANK($R$16),"",IF(A56=0,"",IF(ISBLANK($R$17),"",IF(B56=0,"",IF(ISBLANK(J56),"",IF(AND(D56>1202,D56<2001),"Err. N°",IF(AND(D56>499,D56<1141),"Err.N°",IF($I$29=$O$28,"",IF(AND($I$29=$O$29,D56<1000),"N° Flac.",IF(AND($I$29=$O$30,D56>1000),"N° Flac.",((44.66*P56)/N56)))))))))))
A57: =IF(ISBLANK(VLOOKUP(D57,'Volumes flacons'!A5:C644,3)),0,1) -> 1 | B57: =IF(ISBLANK(D57),0,IF(ISBLANK(E57),0,IF(ISBLANK(F57),0,1))) -> 0 | C57: 23 | J57: =IF(ISBLANK(D57),"",IF(VLOOKUP(D57,'Volumes flacons'!$A$5:$C$1047,2)=0,"",IF(D57>'Volumes flacons'!$A$1047,"Mauvais numéro",IF(D57<'Volumes flacons'!$A$5,"Mauvais numéro",(VLOOKUP(D57,'Volumes flacons'!$A$5:$C$1047,3)))))) | K57: =IF(ISBLANK(E57),"",(0.999842594+(0.00006793952*E57)-(0.00000909529*E57^2)+(0.0000001001685*E57^3)-(0.000000001120083*E57^4)+(0.000000000006536332*E57^5))) | L57: =IF(ISBLANK(E57),"",(0.000824493-(0.0000040899*E57)+(0.000000076438*E57^2)-(0.00000000082467*E57^3)+(0.0000000000053875*E57^4))) | M57: =IF(ISBLANK(E57),"",(-0.00000572466+(0.00000010227*E57)-(0.0000000016546*E57^2))) | N57: =IF(ISBLANK(E57),"",IF(ISBLANK(G57),(K57+(L57*35)+(M57*35^1.5)+(0.00000048314*35^2)),(K57+(L57*G57)+(M57*G57^1.5)+(0.00000048314*G57^2)))) | O57: =IF(ISBLANK(D57),"",(J57*(1+0.00001*(E57-20)))) | P57: =IF(ISBLANK($R$16),"",IF(A57=0,"",IF(ISBLANK($R$17),"",IF(B57=0,"",IF($O$28=$I$29,"",IF(AND($I$29=$O$29,D57<1000),"N° Flac.",IF(AND($I$29=$O$30,D57>1000),"N° Flac.",IF(AND(D57>1202,D57<2001),"Err. N°",IF(AND(D57>499,D57<1141),"Err.N°",((((F57-$R$17)*$P$21*$P$19*5598)/($R$16-$R$17))-($P$27*1000))/((O57)-($P$26))))))))))) | Q57: =IF(ISBLANK($R$16),"",IF(A57=0,"",IF(ISBLANK($R$17),"",IF(AND(D57>1202,D57<2001),"Err. N°",IF(AND(D57>499,D57<1141),"Err.N°",IF(B57=0,"",IF($O$28=$I$29,"",IF(AND($I$29=$O$29,D57<1000),"N° Flac.",IF(AND($I$29=$O$30,D57>1000),"N° Flac.",P57/N57))))))))) | R57: =IF(ISBLANK($R$16),"",IF(A57=0,"",IF(ISBLANK($R$17),"",IF(B57=0,"",IF(ISBLANK(J57),"",IF(AND(D57>1202,D57<2001),"Err. N°",IF(AND(D57>499,D57<1141),"Err.N°",IF($I$29=$O$28,"",IF(AND($I$29=$O$29,D57<1000),"N° Flac.",IF(AND($I$29=$O$30,D57>1000),"N° Flac.",((44.66*P57)))))))))))) | S57: =IF(ISBLANK($R$16),"",IF(A57=0,"",IF(ISBLANK($R$17),"",IF(B57=0,"",IF(ISBLANK(J57),"",IF(AND(D57>1202,D57<2001),"Err. N°",IF(AND(D57>499,D57<1141),"Err.N°",IF($I$29=$O$28,"",IF(AND($I$29=$O$29,D57<1000),"N° Flac.",IF(AND($I$29=$O$30,D57>1000),"N° Flac.",((44.66*P57)/N57)))))))))))
A58: =IF(ISBLANK(VLOOKUP(D58,'Volumes flacons'!A5:C646,3)),0,1) -> 1 | B58: =IF(ISBLANK(D58),0,IF(ISBLANK(E58),0,IF(ISBLANK(F58),0,1))) -> 0 | C58: 24 | J58: =IF(ISBLANK(D58),"",IF(VLOOKUP(D58,'Volumes flacons'!$A$5:$C$1047,2)=0,"",IF(D58>'Volumes flacons'!$A$1047,"Mauvais numéro",IF(D58<'Volumes flacons'!$A$5,"Mauvais numéro",(VLOOKUP(D58,'Volumes flacons'!$A$5:$C$1047,3)))))) | K58: =IF(ISBLANK(E58),"",(0.999842594+(0.00006793952*E58)-(0.00000909529*E58^2)+(0.0000001001685*E58^3)-(0.000000001120083*E58^4)+(0.000000000006536332*E58^5))) | L58: =IF(ISBLANK(E58),"",(0.000824493-(0.0000040899*E58)+(0.000000076438*E58^2)-(0.00000000082467*E58^3)+(0.0000000000053875*E58^4))) | M58: =IF(ISBLANK(E58),"",(-0.00000572466+(0.00000010227*E58)-(0.0000000016546*E58^2))) | N58: =IF(ISBLANK(E58),"",IF(ISBLANK(G58),(K58+(L58*35)+(M58*35^1.5)+(0.00000048314*35^2)),(K58+(L58*G58)+(M58*G58^1.5)+(0.00000048314*G58^2)))) | O58: =IF(ISBLANK(D58),"",(J58*(1+0.00001*(E58-20)))) | P58: =IF(ISBLANK($R$16),"",IF(A58=0,"",IF(ISBLANK($R$17),"",IF(B58=0,"",IF($O$28=$I$29,"",IF(AND($I$29=$O$29,D58<1000),"N° Flac.",IF(AND($I$29=$O$30,D58>1000),"N° Flac.",IF(AND(D58>1202,D58<2001),"Err. N°",IF(AND(D58>499,D58<1141),"Err.N°",((((F58-$R$17)*$P$21*$P$19*5598)/($R$16-$R$17))-($P$27*1000))/((O58)-($P$26))))))))))) | Q58: =IF(ISBLANK($R$16),"",IF(A58=0,"",IF(ISBLANK($R$17),"",IF(AND(D58>1202,D58<2001),"Err. N°",IF(AND(D58>499,D58<1141),"Err.N°",IF(B58=0,"",IF($O$28=$I$29,"",IF(AND($I$29=$O$29,D58<1000),"N° Flac.",IF(AND($I$29=$O$30,D58>1000),"N° Flac.",P58/N58))))))))) | R58: =IF(ISBLANK($R$16),"",IF(A58=0,"",IF(ISBLANK($R$17),"",IF(B58=0,"",IF(ISBLANK(J58),"",IF(AND(D58>1202,D58<2001),"Err. N°",IF(AND(D58>499,D58<1141),"Err.N°",IF($I$29=$O$28,"",IF(AND($I$29=$O$29,D58<1000),"N° Flac.",IF(AND($I$29=$O$30,D58>1000),"N° Flac.",((44.66*P58)))))))))))) | S58: =IF(ISBLANK($R$16),"",IF(A58=0,"",IF(ISBLANK($R$17),"",IF(B58=0,"",IF(ISBLANK(J58),"",IF(AND(D58>1202,D58<2001),"Err. N°",IF(AND(D58>499,D58<1141),"Err.N°",IF($I$29=$O$28,"",IF(AND($I$29=$O$29,D58<1000),"N° Flac.",IF(AND($I$29=$O$30,D58>1000),"N° Flac.",((44.66*P58)/N58)))))))))))
J59: =IF(ISBLANK(D59),"",IF(VLOOKUP(D59,'Volumes flacons'!$A$5:$C$1047,2)=0,"",IF(D59>'Volumes flacons'!$A$1047,"Mauvais numéro",IF(D59<'Volumes flacons'!$A$5,"Mauvais numéro",(VLOOKUP(D59,'Volumes flacons'!$A$5:$C$1047,3)))))) | K59: =IF(ISBLANK(E59),"",(0.999842594+(0.00006793952*E59)-(0.00000909529*E59^2)+(0.0000001001685*E59^3)-(0.000000001120083*E59^4)+(0.000000000006536332*E59^5))) | L59: =IF(ISBLANK(E59),"",(0.000824493-(0.0000040899*E59)+(0.000000076438*E59^2)-(0.00000000082467*E59^3)+(0.0000000000053875*E59^4))) | M59: =IF(ISBLANK(E59),"",(-0.00000572466+(0.00000010227*E59)-(0.0000000016546*E59^2))) | N59: =IF(ISBLANK(E59),"",IF(ISBLANK(G59),(K59+(L59*35)+(M59*35^1.5)+(0.00000048314*35^2)),(K59+(L59*G59)+(M59*G59^1.5)+(0.00000048314*G59^2)))) | O59: =IF(ISBLANK(D59),"",(J59*(1+0.00001*(E59-20)))) | P59: =IF(ISBLANK($R$16),"",IF(A59=0,"",IF(ISBLANK($R$17),"",IF(B59=0,"",IF($O$28=$I$29,"",IF(AND($I$29=$O$29,D59<1000),"N° Flac.",IF(AND($I$29=$O$30,D59>1000),"N° Flac.",IF(AND(D59>1202,D59<2001),"Err. N°",IF(AND(D59>499,D59<1141),"Err.N°",((((F59-$R$17)*$P$21*$P$19*5598)/($R$16-$R$17))-($P$27*1000))/((O59)-($P$26))))))))))) | Q59: =IF(ISBLANK($R$16),"",IF(A59=0,"",IF(ISBLANK($R$17),"",IF(AND(D59>1202,D59<2001),"Err. N°",IF(AND(D59>499,D59<1141),"Err.N°",IF(B59=0,"",IF($O$28=$I$29,"",IF(AND($I$29=$O$29,D59<1000),"N° Flac.",IF(AND($I$29=$O$30,D59>1000),"N° Flac.",P59/N59))))))))) | R59: =IF(ISBLANK($R$16),"",IF(A59=0,"",IF(ISBLANK($R$17),"",IF(B59=0,"",IF(ISBLANK(J59),"",IF(AND(D59>1202,D59<2001),"Err. N°",IF(AND(D59>499,D59<1141),"Err.N°",IF($I$29=$O$28,"",IF(AND($I$29=$O$29,D59<1000),"N° Flac.",IF(AND($I$29=$O$30,D59>1000),"N° Flac.",((44.66*P59)))))))))))) | S59: =IF(ISBLANK($R$16),"",IF(A59=0,"",IF(ISBLANK($R$17),"",IF(B59=0,"",IF(ISBLANK(J59),"",IF(AND(D59>1202,D59<2001),"Err. N°",IF(AND(D59>499,D59<1141),"Err.N°",IF($I$29=$O$28,"",IF(AND($I$29=$O$29,D59<1000),"N° Flac.",IF(AND($I$29=$O$30,D59>1000),"N° Flac.",((44.66*P59)/N59)))))))))))
J61: =IF(ISBLANK(D61),"",IF(VLOOKUP(D61,'Volumes flacons'!$A$5:$C$1002,2)=0,"",IF(D61>'Volumes flacons'!$A$1002,"Mauvais numéro",IF(D61<'Volumes flacons'!$A$5,"Mauvais numéro",(VLOOKUP(D61,'Volumes flacons'!$A$5:$C$1002,3)))))) | K61: =IF(ISBLANK(E61),"",(0.999842594+(0.00006793952*E61)-(0.00000909529*E61^2)+(0.0000001001685*E61^3)-(0.000000001120083*E61^4)+(0.000000000006536332*E61^5))) | L61: =IF(ISBLANK(E61),"",(0.000824493-(0.0000040899*E61)+(0.000000076438*E61^2)-(0.00000000082467*E61^3)+(0.0000000000053875*E61^4))) | M61: =IF(ISBLANK(E61),"",(-0.00000572466+(0.00000010227*E61)-(0.0000000016546*E61^2))) | N61: =IF(ISBLANK(E61),"",IF(ISBLANK(G61),(K61+(L61*35)+(M61*35^1.5)+(0.00000048314*35^2)),(K61+(L61*G61)+(M61*G61^1.5)+(0.00000048314*G61^2)))) | O61: =IF(ISBLANK(D61),"",(J61*(1+0.00001*(E61-20)))) | P61: =IF(ISBLANK($R$16),"",IF(A61=0,"",IF(ISBLANK($R$17),"",IF(B61=0,"",IF($O$28=$I$29,"",IF(AND($I$29=$O$29,D61<1000),"N° Flac.",IF(AND($I$29=$O$30,D61>1000),"N° Flac.",IF(AND(D61>1202,D61<2001),"Err. N°",IF(AND(D61>499,D61<1141),"Err.N°",((((F61-$R$17)*$P$21*$P$19*5598)/($R$16-$R$17))-($P$27*1000))/((O61)-($P$26))))))))))) | Q61: =IF(ISBLANK($R$16),"",IF(A61=0,"",IF(ISBLANK($R$17),"",IF(AND(D61>1202,D61<2001),"Err. N°",IF(AND(D61>499,D61<1141),"Err.N°",IF(B61=0,"",IF($O$28=$I$29,"",IF(AND($I$29=$O$29,D61<1000),"N° Flac.",IF(AND($I$29=$O$30,D61>1000),"N° Flac.",P61/N61))))))))) | R61: =IF(ISBLANK($R$16),"",IF(A61=0,"",IF(ISBLANK($R$17),"",IF(B61=0,"",IF(ISBLANK(J61),"",IF(AND(D61>1202,D61<2001),"Err. N°",IF(AND(D61>499,D61<1141),"Err.N°",IF($I$29=$O$28,"",IF(AND($I$29=$O$29,D61<1000),"N° Flac.",IF(AND($I$29=$O$30,D61>1000),"N° Flac.",((44.66*P61)))))))))))) | S61: =IF(ISBLANK($R$16),"",IF(A61=0,"",IF(ISBLANK($R$17),"",IF(B61=0,"",IF(ISBLANK(J61),"",IF(AND(D61>1202,D61<2001),"Err. N°",IF(AND(D61>499,D61<1141),"Err.N°",IF($I$29=$O$28,"",IF(AND($I$29=$O$29,D61<1000),"N° Flac.",IF(AND($I$29=$O$30,D61>1000),"N° Flac.",((44.66*P61)/N61)))))))))))
J62: =IF(ISBLANK(D62),"",IF(VLOOKUP(D62,'Volumes flacons'!$A$5:$C$1002,2)=0,"",IF(D62>'Volumes flacons'!$A$1002,"Mauvais numéro",IF(D62<'Volumes flacons'!$A$5,"Mauvais numéro",(VLOOKUP(D62,'Volumes flacons'!$A$5:$C$1002,3)))))) | K62: =IF(ISBLANK(E62),"",(0.999842594+(0.00006793952*E62)-(0.00000909529*E62^2)+(0.0000001001685*E62^3)-(0.000000001120083*E62^4)+(0.000000000006536332*E62^5))) | L62: =IF(ISBLANK(E62),"",(0.000824493-(0.0000040899*E62)+(0.000000076438*E62^2)-(0.00000000082467*E62^3)+(0.0000000000053875*E62^4))) | M62: =IF(ISBLANK(E62),"",(-0.00000572466+(0.00000010227*E62)-(0.0000000016546*E62^2))) | N62: =IF(ISBLANK(E62),"",IF(ISBLANK(G62),(K62+(L62*35)+(M62*35^1.5)+(0.00000048314*35^2)),(K62+(L62*G62)+(M62*G62^1.5)+(0.00000048314*G62^2)))) | O62: =IF(ISBLANK(D62),"",(J62*(1+0.00001*(E62-20)))) | P62: =IF(ISBLANK($R$16),"",IF(A62=0,"",IF(ISBLANK($R$17),"",IF(B62=0,"",IF($O$28=$I$29,"",IF(AND($I$29=$O$29,D62<1000),"N° Flac.",IF(AND($I$29=$O$30,D62>1000),"N° Flac.",IF(AND(D62>1202,D62<2001),"Err. N°",IF(AND(D62>499,D62<1141),"Err.N°",((((F62-$R$17)*$P$21*$P$19*5598)/($R$16-$R$17))-($P$27*1000))/((O62)-($P$26))))))))))) | Q62: =IF(ISBLANK($R$16),"",IF(A62=0,"",IF(ISBLANK($R$17),"",IF(AND(D62>1202,D62<2001),"Err. N°",IF(AND(D62>499,D62<1141),"Err.N°",IF(B62=0,"",IF($O$28=$I$29,"",IF(AND($I$29=$O$29,D62<1000),"N° Flac.",IF(AND($I$29=$O$30,D62>1000),"N° Flac.",P62/N62))))))))) | R62: =IF(ISBLANK($R$16),"",IF(A62=0,"",IF(ISBLANK($R$17),"",IF(B62=0,"",IF(ISBLANK(J62),"",IF(AND(D62>1202,D62<2001),"Err. N°",IF(AND(D62>499,D62<1141),"Err.N°",IF($I$29=$O$28,"",IF(AND($I$29=$O$29,D62<1000),"N° Flac.",IF(AND($I$29=$O$30,D62>1000),"N° Flac.",((44.66*P62)))))))))))) | S62: =IF(ISBLANK($R$16),"",IF(A62=0,"",IF(ISBLANK($R$17),"",IF(B62=0,"",IF(ISBLANK(J62),"",IF(AND(D62>1202,D62<2001),"Err. N°",IF(AND(D62>499,D62<1141),"Err.N°",IF($I$29=$O$28,"",IF(AND($I$29=$O$29,D62<1000),"N° Flac.",IF(AND($I$29=$O$30,D62>1000),"N° Flac.",((44.66*P62)/N62)))))))))))
J63: =IF(ISBLANK(D63),"",IF(VLOOKUP(D63,'Volumes flacons'!$A$5:$C$1002,2)=0,"",IF(D63>'Volumes flacons'!$A$1002,"Mauvais numéro",IF(D63<'Volumes flacons'!$A$5,"Mauvais numéro",(VLOOKUP(D63,'Volumes flacons'!$A$5:$C$1002,3)))))) | K63: =IF(ISBLANK(E63),"",(0.999842594+(0.00006793952*E63)-(0.00000909529*E63^2)+(0.0000001001685*E63^3)-(0.000000001120083*E63^4)+(0.000000000006536332*E63^5))) | L63: =IF(ISBLANK(E63),"",(0.000824493-(0.0000040899*E63)+(0.000000076438*E63^2)-(0.00000000082467*E63^3)+(0.0000000000053875*E63^4))) | M63: =IF(ISBLANK(E63),"",(-0.00000572466+(0.00000010227*E63)-(0.0000000016546*E63^2))) | N63: =IF(ISBLANK(E63),"",IF(ISBLANK(G63),(K63+(L63*35)+(M63*35^1.5)+(0.00000048314*35^2)),(K63+(L63*G63)+(M63*G63^1.5)+(0.00000048314*G63^2)))) | O63: =IF(ISBLANK(D63),"",(J63*(1+0.00001*(E63-20)))) | P63: =IF(ISBLANK($R$16),"",IF(A63=0,"",IF(ISBLANK($R$17),"",IF(B63=0,"",IF($O$28=$I$29,"",IF(AND($I$29=$O$29,D63<1000),"N° Flac.",IF(AND($I$29=$O$30,D63>1000),"N° Flac.",IF(AND(D63>1202,D63<2001),"Err. N°",IF(AND(D63>499,D63<1141),"Err.N°",((((F63-$R$17)*$P$21*$P$19*5598)/($R$16-$R$17))-($P$27*1000))/((O63)-($P$26))))))))))) | Q63: =IF(ISBLANK($R$16),"",IF(A63=0,"",IF(ISBLANK($R$17),"",IF(AND(D63>1202,D63<2001),"Err. N°",IF(AND(D63>499,D63<1141),"Err.N°",IF(B63=0,"",IF($O$28=$I$29,"",IF(AND($I$29=$O$29,D63<1000),"N° Flac.",IF(AND($I$29=$O$30,D63>1000),"N° Flac.",P63/N63))))))))) | R63: =IF(ISBLANK($R$16),"",IF(A63=0,"",IF(ISBLANK($R$17),"",IF(B63=0,"",IF(ISBLANK(J63),"",IF(AND(D63>1202,D63<2001),"Err. N°",IF(AND(D63>499,D63<1141),"Err.N°",IF($I$29=$O$28,"",IF(AND($I$29=$O$29,D63<1000),"N° Flac.",IF(AND($I$29=$O$30,D63>1000),"N° Flac.",((44.66*P63)))))))))))) | S63: =IF(ISBLANK($R$16),"",IF(A63=0,"",IF(ISBLANK($R$17),"",IF(B63=0,"",IF(ISBLANK(J63),"",IF(AND(D63>1202,D63<2001),"Err. N°",IF(AND(D63>499,D63<1141),"Err.N°",IF($I$29=$O$28,"",IF(AND($I$29=$O$29,D63<1000),"N° Flac.",IF(AND($I$29=$O$30,D63>1000),"N° Flac.",((44.66*P63)/N63)))))))))))
J64: =IF(ISBLANK(D64),"",IF(VLOOKUP(D64,'Volumes flacons'!$A$5:$C$1002,2)=0,"",IF(D64>'Volumes flacons'!$A$1002,"Mauvais numéro",IF(D64<'Volumes flacons'!$A$5,"Mauvais numéro",(VLOOKUP(D64,'Volumes flacons'!$A$5:$C$1002,3)))))) | K64: =IF(ISBLANK(E64),"",(0.999842594+(0.00006793952*E64)-(0.00000909529*E64^2)+(0.0000001001685*E64^3)-(0.000000001120083*E64^4)+(0.000000000006536332*E64^5))) | L64: =IF(ISBLANK(E64),"",(0.000824493-(0.0000040899*E64)+(0.000000076438*E64^2)-(0.00000000082467*E64^3)+(0.0000000000053875*E64^4))) | M64: =IF(ISBLANK(E64),"",(-0.00000572466+(0.00000010227*E64)-(0.0000000016546*E64^2))) | N64: =IF(ISBLANK(E64),"",IF(ISBLANK(G64),(K64+(L64*35)+(M64*35^1.5)+(0.00000048314*35^2)),(K64+(L64*G64)+(M64*G64^1.5)+(0.00000048314*G64^2)))) | O64: =IF(ISBLANK(D64),"",(J64*(1+0.00001*(E64-20)))) | P64: =IF(ISBLANK($R$16),"",IF(A64=0,"",IF(ISBLANK($R$17),"",IF(B64=0,"",IF($O$28=$I$29,"",IF(AND($I$29=$O$29,D64<1000),"N° Flac.",IF(AND($I$29=$O$30,D64>1000),"N° Flac.",IF(AND(D64>1202,D64<2001),"Err. N°",IF(AND(D64>499,D64<1141),"Err.N°",((((F64-$R$17)*$P$21*$P$19*5598)/($R$16-$R$17))-($P$27*1000))/((O64)-($P$26))))))))))) | Q64: =IF(ISBLANK($R$16),"",IF(A64=0,"",IF(ISBLANK($R$17),"",IF(AND(D64>1202,D64<2001),"Err. N°",IF(AND(D64>499,D64<1141),"Err.N°",IF(B64=0,"",IF($O$28=$I$29,"",IF(AND($I$29=$O$29,D64<1000),"N° Flac.",IF(AND($I$29=$O$30,D64>1000),"N° Flac.",P64/N64))))))))) | R64: =IF(ISBLANK($R$16),"",IF(A64=0,"",IF(ISBLANK($R$17),"",IF(B64=0,"",IF(ISBLANK(J64),"",IF(AND(D64>1202,D64<2001),"Err. N°",IF(AND(D64>499,D64<1141),"Err.N°",IF($I$29=$O$28,"",IF(AND($I$29=$O$29,D64<1000),"N° Flac.",IF(AND($I$29=$O$30,D64>1000),"N° Flac.",((44.66*P64)))))))))))) | S64: =IF(ISBLANK($R$16),"",IF(A64=0,"",IF(ISBLANK($R$17),"",IF(B64=0,"",IF(ISBLANK(J64),"",IF(AND(D64>1202,D64<2001),"Err. N°",IF(AND(D64>499,D64<1141),"Err.N°",IF($I$29=$O$28,"",IF(AND($I$29=$O$29,D64<1000),"N° Flac.",IF(AND($I$29=$O$30,D64>1000),"N° Flac.",((44.66*P64)/N64)))))))))))

Sheet station 05
D1: MdP = | E1: oxygene
C2: Campagne : | F2: PIRATA-FR31
C4: Données de campagne
C6: N° de station : | F6: 5 | H6: N° de palanquée : | R6: Date d'analyse : | T6: 44264
G8: Position | I8: Degrés | J8: Minutes | P8: Cardinal | Q8: Décimale
G9: Latitude | I9: 1 | J9: 29.95' | K9: N | L9: =IF(P9=M9,"+","-") -> + | M9: N | N9: E | O9: =IF(ISBLANK(I9),"",IF(ISBLANK(J9),"",IF(P9=M10,L9&N11,N11))) -> 1°29.95' | P9: N | Q9: 1.4991667
G10: Longitude | I10: 10 | J10: 00.19' | K10: W | L10: =IF(P10=N9,"+","-") -> - | M10: S | N10: W | O10: =IF(ISBLANK(I10),"",IF(ISBLANK(J10),"",IF(P10=N10,L10&N12,N12))) -> -10°00.19' | P10: W | Q10: -10.003167
G11: Prélèvement | I11: Date | J11: 44263 | N11: =I9&"°"&J9 -> 1°29.95' | O11: =IF(P9=M10,-1,1) -> 1 | P11: 2021-03-08T18:51:29z
I12: Heure | J12: 0.85763889 | N12: =I10&"°"&J10 -> 10°00.19' | O12: =IF(P10=N10,-1,1) -> -1
C13: Données :
C14: Température du laboratoire à la calibration ( t°c ) | Q14: t°c = | R14: 26.4 | S14: °C
C15: Température du laboratoire au début de la série d'analyses | Q15: t°lab = | R15: 24.3 | S15: °C
C16: Volume moyen de thiosulfate pour la titration à t°c | Q16: Vmoy.titr.t°c = | R16: 4.87518 | S16: mL | T16: identifiant de la burette : | U16: ='Correction de volume'!J7 -> 1
C17: Volume moyen de thiosulfate pour la détermination du blanc à t°c | Q17: Vmoy.titr.blanc.t°c = | R17: 0.005 | S17: mL
C18: Masse volumique de l'eau pure à la calibration | O18: ρ = | P18: =(0.999842594+(0.00006793952*$R$14)-(0.00000909529*$R$14^2)+(0.0000001001685*$R$14^3)-(0.000000001120083*$R$14^4)+(0.000000000006536332*$R$14^5)) -> 0.99667996
C19: Normalite de l'iodate (NIO3) à la température de calibration | O19: N(IO3) = | P19: =$P$24*($P$18/'Titre de l''Iodate'!E19) -> 0.019973806 | Q19: N
C20: Vol. de la prise d'essai d'iodate (VIO3) à 20°C | O20: V(IO3)20°C = | P20: ='Correction de volume'!F8 -> 5.0010585 | Q20: mL | T20: pipette n° : | U20: ='Correction de volume'!J8 -> pipette O
C21: Vol. de la prise d'essai d'iodate (VIO3) à t°c | O21: V(IO3)t°c= | P21: =P20*'Correction de volume'!$C$11/'station 05'!$P$18 -> 5.0087173 | Q21: mL
C22: Volume moyen de thiosulfate pour la titration à 20° C | O22: Vmoy.titr.20°C = | P22: =$R$16*P18/'Correction de volume'!C11 -> 4.8677253 | Q22: mL
C23: Volume moyen de thiosulfate pour la détermination du blanc à 20° C | O23: Vmoy.titr.blanc.20°C = | P23: =$R$17*P18/'Correction de volume'!C11 -> 0.0049923545 | Q23: mL | T23: 4.8754
C24: Normalite de l'iodate (NIO3) à 20°C | O24: N(IO3)20°C = | P24: ='Titre de l''Iodate'!F7 -> 0.020004395 | Q24: N | T24: 4.873
C25: Titre du thiosulfate à 20°C | O25: N(Thio)20°C = | P25: =IF(ISBLANK(R14),"",IF(ISBLANK(P21),"",IF(ISBLANK(R17),"",(($P$24*$P$20)/($P$22-$P$23))))) -> 0.020573441 | Q25: N | T25: 4.8745
C26: Volume de réactif utilisé | O26: Vreg = | P26: 2 | Q26: mL | T26: 4.876
O27: DOreg = | P27: 0.0017 | T27: 4.877
T28: =AVERAGE(T23:T27) -> 4.87518
E29: Choix de la série de flacons : | I29: IRD | O29: IRD
O30: LPO
C31: N° | D31: N° des Flacons | E31: T° prélèv. | F31: Volume de thio. | G31: Salinité | H31: Prof. Théorique | I31: Prof. Effective | J31: V. flacons 20°C | K31: masse volumique de l'eau de mer moyenne standard | L31: A | M31: B | N31: Masse volumique eau de mer à t° | O31: Vol. à t° prél. des flacons | P31: Oxygène dissous | T31: NO2 | V31: NO3 + NO2 | X31: NO3 | Z31: Phosphate | AB31: Silicate | AD31: chlorophyll-c3 | AE31: chlorophyll-c1+c2 | AF31: peridinin | AG31: 19'-butanoyloxyfucoxanthin | AH31: fucoxanthine | AI31: neoxanthin | AJ31: prasinoxanthin | AK31: violaxanthin | AL31: 19'-hexanoyloxyfucoxanthin | AM31: diadinoxanthin | AN31: alloxanthin | AO31: diatoxanthin | AP31: zeaxanthin | AQ31: lutein | AR31: divinyl chlorophyll-b | AS31: chlorophyll-b | AT31: total chlorophyll-b | AU31: alpha-carotene | AV31: beta-carotene | AW31: pheophorbide | AX31: divinyl chlorophyll-a | AY31: chlorophyll-a | AZ31: total chlorophyll-a | BA31: pheophytin_a | BB31: crocoxanthin
C33: BTL | E33: °C | F33: ml | H33: m | I33: m | J33: ml | O33: mL | P33: DOX1 | R33: DOXY | S33: DOX2 | T33: NTRI | U33: NTIW | V33: NTRZ | W33: NTZW | X33: NTRA | Y33: NTAW | Z33: PHOS | AA33: PHOW | AB33: SLCA | AC33: SLCW | AD33: CHC3 | AE33: CHCZ | AF33: PERP | AG33: BFUP | AH33: FUCP | AI33: NEXW | AJ33: PXAP | AK33: VIOW | AL33: HFUP | AM33: DXAP | AN33: AXAP | AO33: TXAP | AP33: ZXAP | AQ33: LUTW | AR33: CHBD | AS33: CH2P | AT33: CHLB | AU33: AACP | AV33: BBCP | AW33: PHEP | AX33: CHAD | AY33: CH1P | AZ33: CPHL | BA33: PHEA | BB33: CXAP
P34: ml/l | Q34: ml/kg | R34: µmol/l | S34: µmol/kg | T34: µmol/l | U34: µmol/kg | V34: µmol/l | W34: µmol/kg | X34: µmol/l | Y34: µmol/kg | Z34: µmol/l | AA34: µmol/kg | AB34: µmol/l | AC34: µmol/kg | AD34: µg.l-1 | AE34: µg.l-1 | AF34: µg.l-1 | AG34: µg.l-1 | AH34: µg.l-1 | AI34: µg.l-1 | AJ34: µg.l-1 | AK34: µg.l-1 | AL34: µg.l-1 | AM34: µg.l-1 | AN34: µg.l-1 | AO34: µg.l-1 | AP34: µg.l-1 | AQ34: µg.l-1 | AR34: µg.l-1 | AS34: µg.l-1 | AT34: µg.l-1 | AU34: µg.l-1 | AV34: µg.l-1 | AW34: µg.l-1 | AX34: µg.l-1 | AY34: µg.l-1 | AZ34: µg.l-1 | BA34: µg.l-1 | BB34: µg.l-1
P35: ml/l | Q35: ml/kg | R35: µmol/l | S35: µmol/kg | T35: µmol/l | U35: µmol/kg | V35: µmol/l | W35: µmol/kg | X35: µmol/l | Y35: µmol/kg | Z35: µmol/l | AA35: µmol/kg | AB35: µmol/l | AC35: µmol/kg | AD35: µg.l-1 | AE35: µg.l-1 | AF35: µg.l-1 | AG35: µg.l-1 | AH35: µg.l-1 | AI35: µg.l-1 | AJ35: µg.l-1 | AK35: µg.l-1 | AL35: µg.l-1 | AM35: µg.l-1 | AN35: µg.l-1 | AO35: µg.l-1 | AP35: µg.l-1 | AQ35: µg.l-1 | AR35: µg.l-1 | AS35: µg.l-1 | AT35: µg.l-1 | AU35: µg.l-1 | AV35: µg.l-1 | AW35: µg.l-1 | AX35: µg.l-1 | AY35: µg.l-1 | AZ35: µg.l-1 | BA35: µg.l-1 | BB35: µg.l-1
C36: 1 | D36: 3008 | E36: 6.7 | F36: 5.6134 | G36: 34.9625 | H36: 2000 | I36: 2001 | J36: 116 | K36: 0.99991746 | L36: 0.0008002848 | M36: -5.113726e-06 | N36: 1.0274308 | O36: 115.98457 | P36: 5.6431535 | Q36: 5.4924899 | R36: 252.02323 | S36: 245.2946 | T36: 0.001 | U36: 0.00097588943 | V36: 20.899 | W36: 20.395113 | X36: 20.898 | Y36: 20.394137 | Z36: 1.3566667 | AA36: 1.3239567 | AB36: 21.874333 | AC36: 21.346931
C37: 2 | D37: 3009 | E37: 7.5 | F37: 5.1797 | G37: 34.9561 | H37: 1500 | I37: 1503 | J37: 117.65 | K37: 0.9998794 | L37: 0.00079778753 | M37: -5.0507063e-06 | N37: 1.0273135 | O37: 117.63529 | P37: 5.1313013 | Q37: 4.994874 | R37: 229.16391 | S37: 223.07107 | T37: 0 | U37: 0 | V37: 23.17 | W37: 22.611484 | X37: 23.17 | Y37: 22.611484 | Z37: 1.5086667 | AA37: 1.4723001 | AB37: 19.470333 | AC37: 19.000999
C38: 3 | D38: 3010 | E38: 8.5 | F38: 3.2838 | G38: 34.5169 | H38: 800 | I38: 800 | J38: 117.32 | K38: 0.9998189 | L38: 0.00079477317 | M38: -4.9749099e-06 | N38: 1.0268188 | O38: 117.30651 | P38: 3.2551708 | Q38: 3.1701512 | R38: 145.37593 | S38: 141.57895 | T38: -0.002 | U38: -0.0019524251 | V38: 36.438 | W38: 35.571233 | X38: 36.44 | Y38: 35.573186 | Z38: 2.4036667 | AA38: 2.3464896 | AB38: 28.922333 | AC38: 28.234345
C39: 4 | D39: 3011 | E39: 10.3 | F39: 2.7049 | G39: 34.6469 | H39: 500 | I39: 500 | J39: 116.23 | K39: 0.99967506 | L39: 0.00078963584 | M39: -4.8468155e-06 | N39: 1.026625 | O39: 116.21873 | P39: 2.7033425 | Q39: 2.6332327 | R39: 120.73128 | S39: 117.60017 | T39: 0.004 | U39: 0.0039044883 | V39: 34.909 | W39: 34.075446 | X39: 34.905 | Y39: 34.071541 | Z39: 2.2366667 | AA39: 2.1832597 | AB39: 20.514333 | AC39: 20.024494
C40: 5 | D40: 3013 | E40: 10.6 | F40: 2.7276 | G40: 34.6475 | H40: 500 | I40: 500 | J40: 117.17 | K40: 0.99964684 | L40: 0.00078881445 | M40: -4.8265089e-06 | N40: 1.0265729 | O40: 117.15899 | P40: 2.7039375 | Q40: 2.6339458 | R40: 120.75785 | S40: 117.63202 | T40: -0.001 | U40: -0.00097611975 | V40: 34.903 | W40: 34.069508 | X40: 34.904 | Y40: 34.070484 | Z40: 2.1966667 | AA40: 2.1442097 | AB40: 20.451333 | AC40: 19.96295
C41: 6 | D41: 3026 | E41: 14.5 | F41: 2.074 | G41: 34.0735 | H41: 300 | I41: 301 | J41: 117.7 | K41: 0.99917548 | L41: 0.00077898458 | M41: -4.5896247e-06 | N41: 1.0253663 | O41: 117.69353 | P41: 2.0417963 | Q41: 1.9912848 | R41: 91.186624 | S41: 88.93078 | T41: 0 | U41: 0 | V41: 30.007 | W41: 29.281286 | X41: 30.007 | Y41: 29.281286 | Z41: 1.8516667 | AA41: 1.8068845 | AB41: 12.455333 | AC41: 12.154103
C42: 7 | D42: 3027 | E42: 17.5 | F42: 2.9092 | G42: 35.5996 | H42: 100 | I42: 100 | J42: 116.45 | K42: 0.99868862 | L42: 0.00077241446 | M42: -4.4416562e-06 | N42: 1.0258551 | O42: 116.44709 | P42: 2.9032247 | Q42: 2.8300533 | R42: 129.65802 | S42: 126.39018 | T42: 0.033 | U42: 0.032188886 | V42: 17.895 | W42: 17.455155 | X42: 17.862 | Y42: 17.422966 | Z42: 1.2036667 | AA42: 1.1740815 | AB42: 6.2923333 | AC42: 6.1376727
C43: 8 | D43: 3028 | E43: 18.3 | F43: 2.8543 | G43: 35.6504 | H43: 80 | I43: 81 | J43: 115.96 | K43: 0.99854164 | L43: 0.00077079639 | M43: -4.407228e-06 | N43: 1.0256968 | O43: 115.95803 | P43: 2.8602851 | Q43: 2.7886264 | R43: 127.74033 | S43: 124.54005 | T43: 0.101 | U43: 0.098514405 | V43: 17.567 | W43: 17.134679 | X43: 17.466 | Y43: 17.036164 | Z43: 1.1866667 | AA43: 1.157463 | AB43: 6.0343333 | AC43: 5.8858293
C44: 9 | D44: 3034 | E44: 19.5 | F44: 3.0768 | G44: 35.7482 | H44: 60 | I44: 61 | J44: 116.21 | K44: 0.99830814 | L44: 0.00076846965 | M44: -4.3595566e-06 | N44: 1.0254652 | O44: 116.20942 | P44: 3.0780177 | Q44: 3.0015819 | R44: 137.46427 | S44: 134.05065 | T44: 0.274 | U44: 0.26723494 | V44: 14.069 | W44: 13.721636 | X44: 13.795 | Y44: 13.454402 | Z44: 1.0046667 | AA44: 0.97986145 | AB44: 3.8433333 | AC44: 3.7484415
C45: 10 | I45: 60
C46: 11 | D46: 3038 | E46: 28.3 | F46: 4.4864 | G46: 34.868 | H46: 40 | I46: 40 | J46: 115.95 | K46: 0.99615149 | L46: 0.00075473164 | M46: -4.1555716e-06 | N46: 1.0221993 | O46: 115.95962 | P46: 4.5071593 | Q46: 4.4092766 | R46: 201.28973 | S46: 196.91829 | T46: 0 | U46: 0 | V46: 0.064 | W46: 0.06246121 | X46: 0.064 | Y46: 0.06246121 | Z46: 0.010666667 | AA46: 0.010410202 | AB46: 0.72933333 | AC46: 0.71179754
C47: 12 | D47: 3039 | E47: 28.7 | F47: 4.4992 | G47: 34.8408 | H47: 20 | I47: 20 | J47: 116.46 | K47: 0.99603607 | L47: 0.0007542342 | M47: -4.1523885e-06 | N47: 1.0220467 | O47: 116.47013 | P47: 4.4999171 | Q47: 4.4028487 | R47: 200.9663 | S47: 196.63122 | T47: 0 | U47: 0 | V47: 0.058 | W47: 0.056606656 | X47: 0.058 | Y47: 0.056606656 | Z47: 0.0086666667 | AA47: 0.0084584658 | AB47: 0.70333333 | AC47: 0.68643704
C48: 13 | D48: 3042 | E48: 28.7 | F48: 4.5319 | G48: 34.8415 | H48: 0 | I48: 4 | J48: 117.21 | K48: 0.99603607 | L48: 0.0007542342 | M48: -4.1523885e-06 | N48: 1.0220472 | O48: 117.2202 | P48: 4.5032591 | Q48: 4.4061164 | R48: 201.11555 | S48: 196.77716 | T48: -0.002 | U48: -0.0019519525 | V48: 0.053 | W48: 0.051726741 | X48: 0.055 | Y48: 0.053678694 | Z48: 0.0036666667 | AA48: 0.0035785796 | AB48: 0.75833333 | AC48: 0.74011532
C49: 14 | I49: 4
C50: 15 | I50: 4
C51: 16
C52: 17
C53: 18
C54: 19
C55: 20
A56: =IF(ISBLANK(VLOOKUP(D56,'Volumes flacons'!A5:C644,3)),0,1) -> 1 | B56: =IF(ISBLANK(D56),0,IF(ISBLANK(E56),0,IF(ISBLANK(F56),0,1))) -> 0 | C56: 22 | J56: =IF(ISBLANK(D56),"",IF(VLOOKUP(D56,'Volumes flacons'!$A$5:$C$1047,2)=0,"",IF(D56>'Volumes flacons'!$A$1047,"Mauvais numéro",IF(D56<'Volumes flacons'!$A$5,"Mauvais numéro",(VLOOKUP(D56,'Volumes flacons'!$A$5:$C$1047,3)))))) | K56: =IF(ISBLANK(E56),"",(0.999842594+(0.00006793952*E56)-(0.00000909529*E56^2)+(0.0000001001685*E56^3)-(0.000000001120083*E56^4)+(0.000000000006536332*E56^5))) | L56: =IF(ISBLANK(E56),"",(0.000824493-(0.0000040899*E56)+(0.000000076438*E56^2)-(0.00000000082467*E56^3)+(0.0000000000053875*E56^4))) | M56: =IF(ISBLANK(E56),"",(-0.00000572466+(0.00000010227*E56)-(0.0000000016546*E56^2))) | N56: =IF(ISBLANK(E56),"",IF(ISBLANK(G56),(K56+(L56*35)+(M56*35^1.5)+(0.00000048314*35^2)),(K56+(L56*G56)+(M56*G56^1.5)+(0.00000048314*G56^2)))) | O56: =IF(ISBLANK(D56),"",(J56*(1+0.00001*(E56-20)))) | P56: =IF(ISBLANK($R$16),"",IF(A56=0,"",IF(ISBLANK($R$17),"",IF(B56=0,"",IF($O$28=$I$29,"",IF(AND($I$29=$O$29,D56<1000),"N° Flac.",IF(AND($I$29=$O$30,D56>1000),"N° Flac.",IF(AND(D56>1202,D56<2001),"Err. N°",IF(AND(D56>499,D56<1141),"Err.N°",((((F56-$R$17)*$P$21*$P$19*5598)/($R$16-$R$17))-($P$27*1000))/((O56)-($P$26))))))))))) | Q56: =IF(ISBLANK($R$16),"",IF(A56=0,"",IF(ISBLANK($R$17),"",IF(AND(D56>1202,D56<2001),"Err. N°",IF(AND(D56>499,D56<1141),"Err.N°",IF(B56=0,"",IF($O$28=$I$29,"",IF(AND($I$29=$O$29,D56<1000),"N° Flac.",IF(AND($I$29=$O$30,D56>1000),"N° Flac.",P56/N56))))))))) | R56: =IF(ISBLANK($R$16),"",IF(A56=0,"",IF(ISBLANK($R$17),"",IF(B56=0,"",IF(ISBLANK(J56),"",IF(AND(D56>1202,D56<2001),"Err. N°",IF(AND(D56>499,D56<1141),"Err.N°",IF($I$29=$O$28,"",IF(AND($I$29=$O$29,D56<1000),"N° Flac.",IF(AND($I$29=$O$30,D56>1000),"N° Flac.",((44.66*P56)))))))))))) | S56: =IF(ISBLANK($R$16),"",IF(A56=0,"",IF(ISBLANK($R$17),"",IF(B56=0,"",IF(ISBLANK(J56),"",IF(AND(D56>1202,D56<2001),"Err. N°",IF(AND(D56>499,D56<1141),"Err.N°",IF($I$29=$O$28,"",IF(AND($I$29=$O$29,D56<1000),"N° Flac.",IF(AND($I$29=$O$30,D56>1000),"N° Flac.",((44.66*P56)/N56)))))))))))
A57: =IF(ISBLANK(VLOOKUP(D57,'Volumes flacons'!A5:C644,3)),0,1) -> 1 | B57: =IF(ISBLANK(D57),0,IF(ISBLANK(E57),0,IF(ISBLANK(F57),0,1))) -> 0 | C57: 23 | J57: =IF(ISBLANK(D57),"",IF(VLOOKUP(D57,'Volumes flacons'!$A$5:$C$1047,2)=0,"",IF(D57>'Volumes flacons'!$A$1047,"Mauvais numéro",IF(D57<'Volumes flacons'!$A$5,"Mauvais numéro",(VLOOKUP(D57,'Volumes flacons'!$A$5:$C$1047,3)))))) | K57: =IF(ISBLANK(E57),"",(0.999842594+(0.00006793952*E57)-(0.00000909529*E57^2)+(0.0000001001685*E57^3)-(0.000000001120083*E57^4)+(0.000000000006536332*E57^5))) | L57: =IF(ISBLANK(E57),"",(0.000824493-(0.0000040899*E57)+(0.000000076438*E57^2)-(0.00000000082467*E57^3)+(0.0000000000053875*E57^4))) | M57: =IF(ISBLANK(E57),"",(-0.00000572466+(0.00000010227*E57)-(0.0000000016546*E57^2))) | N57: =IF(ISBLANK(E57),"",IF(ISBLANK(G57),(K57+(L57*35)+(M57*35^1.5)+(0.00000048314*35^2)),(K57+(L57*G57)+(M57*G57^1.5)+(0.00000048314*G57^2)))) | O57: =IF(ISBLANK(D57),"",(J57*(1+0.00001*(E57-20)))) | P57: =IF(ISBLANK($R$16),"",IF(A57=0,"",IF(ISBLANK($R$17),"",IF(B57=0,"",IF($O$28=$I$29,"",IF(AND($I$29=$O$29,D57<1000),"N° Flac.",IF(AND($I$29=$O$30,D57>1000),"N° Flac.",IF(AND(D57>1202,D57<2001),"Err. N°",IF(AND(D57>499,D57<1141),"Err.N°",((((F57-$R$17)*$P$21*$P$19*5598)/($R$16-$R$17))-($P$27*1000))/((O57)-($P$26))))))))))) | Q57: =IF(ISBLANK($R$16),"",IF(A57=0,"",IF(ISBLANK($R$17),"",IF(AND(D57>1202,D57<2001),"Err. N°",IF(AND(D57>499,D57<1141),"Err.N°",IF(B57=0,"",IF($O$28=$I$29,"",IF(AND($I$29=$O$29,D57<1000),"N° Flac.",IF(AND($I$29=$O$30,D57>1000),"N° Flac.",P57/N57))))))))) | R57: =IF(ISBLANK($R$16),"",IF(A57=0,"",IF(ISBLANK($R$17),"",IF(B57=0,"",IF(ISBLANK(J57),"",IF(AND(D57>1202,D57<2001),"Err. N°",IF(AND(D57>499,D57<1141),"Err.N°",IF($I$29=$O$28,"",IF(AND($I$29=$O$29,D57<1000),"N° Flac.",IF(AND($I$29=$O$30,D57>1000),"N° Flac.",((44.66*P57)))))))))))) | S57: =IF(ISBLANK($R$16),"",IF(A57=0,"",IF(ISBLANK($R$17),"",IF(B57=0,"",IF(ISBLANK(J57),"",IF(AND(D57>1202,D57<2001),"Err. N°",IF(AND(D57>499,D57<1141),"Err.N°",IF($I$29=$O$28,"",IF(AND($I$29=$O$29,D57<1000),"N° Flac.",IF(AND($I$29=$O$30,D57>1000),"N° Flac.",((44.66*P57)/N57)))))))))))
A58: =IF(ISBLANK(VLOOKUP(D58,'Volumes flacons'!A5:C646,3)),0,1) -> 1 | B58: =IF(ISBLANK(D58),0,IF(ISBLANK(E58),0,IF(ISBLANK(F58),0,1))) -> 0 | C58: 24 | J58: =IF(ISBLANK(D58),"",IF(VLOOKUP(D58,'Volumes flacons'!$A$5:$C$1047,2)=0,"",IF(D58>'Volumes flacons'!$A$1047,"Mauvais numéro",IF(D58<'Volumes flacons'!$A$5,"Mauvais numéro",(VLOOKUP(D58,'Volumes flacons'!$A$5:$C$1047,3)))))) | K58: =IF(ISBLANK(E58),"",(0.999842594+(0.00006793952*E58)-(0.00000909529*E58^2)+(0.0000001001685*E58^3)-(0.000000001120083*E58^4)+(0.000000000006536332*E58^5))) | L58: =IF(ISBLANK(E58),"",(0.000824493-(0.0000040899*E58)+(0.000000076438*E58^2)-(0.00000000082467*E58^3)+(0.0000000000053875*E58^4))) | M58: =IF(ISBLANK(E58),"",(-0.00000572466+(0.00000010227*E58)-(0.0000000016546*E58^2))) | N58: =IF(ISBLANK(E58),"",IF(ISBLANK(G58),(K58+(L58*35)+(M58*35^1.5)+(0.00000048314*35^2)),(K58+(L58*G58)+(M58*G58^1.5)+(0.00000048314*G58^2)))) | O58: =IF(ISBLANK(D58),"",(J58*(1+0.00001*(E58-20)))) | P58: =IF(ISBLANK($R$16),"",IF(A58=0,"",IF(ISBLANK($R$17),"",IF(B58=0,"",IF($O$28=$I$29,"",IF(AND($I$29=$O$29,D58<1000),"N° Flac.",IF(AND($I$29=$O$30,D58>1000),"N° Flac.",IF(AND(D58>1202,D58<2001),"Err. N°",IF(AND(D58>499,D58<1141),"Err.N°",((((F58-$R$17)*$P$21*$P$19*5598)/($R$16-$R$17))-($P$27*1000))/((O58)-($P$26))))))))))) | Q58: =IF(ISBLANK($R$16),"",IF(A58=0,"",IF(ISBLANK($R$17),"",IF(AND(D58>1202,D58<2001),"Err. N°",IF(AND(D58>499,D58<1141),"Err.N°",IF(B58=0,"",IF($O$28=$I$29,"",IF(AND($I$29=$O$29,D58<1000),"N° Flac.",IF(AND($I$29=$O$30,D58>1000),"N° Flac.",P58/N58))))))))) | R58: =IF(ISBLANK($R$16),"",IF(A58=0,"",IF(ISBLANK($R$17),"",IF(B58=0,"",IF(ISBLANK(J58),"",IF(AND(D58>1202,D58<2001),"Err. N°",IF(AND(D58>499,D58<1141),"Err.N°",IF($I$29=$O$28,"",IF(AND($I$29=$O$29,D58<1000),"N° Flac.",IF(AND($I$29=$O$30,D58>1000),"N° Flac.",((44.66*P58)))))))))))) | S58: =IF(ISBLANK($R$16),"",IF(A58=0,"",IF(ISBLANK($R$17),"",IF(B58=0,"",IF(ISBLANK(J58),"",IF(AND(D58>1202,D58<2001),"Err. N°",IF(AND(D58>499,D58<1141),"Err.N°",IF($I$29=$O$28,"",IF(AND($I$29=$O$29,D58<1000),"N° Flac.",IF(AND($I$29=$O$30,D58>1000),"N° Flac.",((44.66*P58)/N58)))))))))))
J59: =IF(ISBLANK(D59),"",IF(VLOOKUP(D59,'Volumes flacons'!$A$5:$C$1047,2)=0,"",IF(D59>'Volumes flacons'!$A$1047,"Mauvais numéro",IF(D59<'Volumes flacons'!$A$5,"Mauvais numéro",(VLOOKUP(D59,'Volumes flacons'!$A$5:$C$1047,3)))))) | K59: =IF(ISBLANK(E59),"",(0.999842594+(0.00006793952*E59)-(0.00000909529*E59^2)+(0.0000001001685*E59^3)-(0.000000001120083*E59^4)+(0.000000000006536332*E59^5))) | L59: =IF(ISBLANK(E59),"",(0.000824493-(0.0000040899*E59)+(0.000000076438*E59^2)-(0.00000000082467*E59^3)+(0.0000000000053875*E59^4))) | M59: =IF(ISBLANK(E59),"",(-0.00000572466+(0.00000010227*E59)-(0.0000000016546*E59^2))) | N59: =IF(ISBLANK(E59),"",IF(ISBLANK(G59),(K59+(L59*35)+(M59*35^1.5)+(0.00000048314*35^2)),(K59+(L59*G59)+(M59*G59^1.5)+(0.00000048314*G59^2)))) | O59: =IF(ISBLANK(D59),"",(J59*(1+0.00001*(E59-20)))) | P59: =IF(ISBLANK($R$16),"",IF(A59=0,"",IF(ISBLANK($R$17),"",IF(B59=0,"",IF($O$28=$I$29,"",IF(AND($I$29=$O$29,D59<1000),"N° Flac.",IF(AND($I$29=$O$30,D59>1000),"N° Flac.",IF(AND(D59>1202,D59<2001),"Err. N°",IF(AND(D59>499,D59<1141),"Err.N°",((((F59-$R$17)*$P$21*$P$19*5598)/($R$16-$R$17))-($P$27*1000))/((O59)-($P$26))))))))))) | Q59: =IF(ISBLANK($R$16),"",IF(A59=0,"",IF(ISBLANK($R$17),"",IF(AND(D59>1202,D59<2001),"Err. N°",IF(AND(D59>499,D59<1141),"Err.N°",IF(B59=0,"",IF($O$28=$I$29,"",IF(AND($I$29=$O$29,D59<1000),"N° Flac.",IF(AND($I$29=$O$30,D59>1000),"N° Flac.",P59/N59))))))))) | R59: =IF(ISBLANK($R$16),"",IF(A59=0,"",IF(ISBLANK($R$17),"",IF(B59=0,"",IF(ISBLANK(J59),"",IF(AND(D59>1202,D59<2001),"Err. N°",IF(AND(D59>499,D59<1141),"Err.N°",IF($I$29=$O$28,"",IF(AND($I$29=$O$29,D59<1000),"N° Flac.",IF(AND($I$29=$O$30,D59>1000),"N° Flac.",((44.66*P59)))))))))))) | S59: =IF(ISBLANK($R$16),"",IF(A59=0,"",IF(ISBLANK($R$17),"",IF(B59=0,"",IF(ISBLANK(J59),"",IF(AND(D59>1202,D59<2001),"Err. N°",IF(AND(D59>499,D59<1141),"Err.N°",IF($I$29=$O$28,"",IF(AND($I$29=$O$29,D59<1000),"N° Flac.",IF(AND($I$29=$O$30,D59>1000),"N° Flac.",((44.66*P59)/N59)))))))))))
J61: =IF(ISBLANK(D61),"",IF(VLOOKUP(D61,'Volumes flacons'!$A$5:$C$1002,2)=0,"",IF(D61>'Volumes flacons'!$A$1002,"Mauvais numéro",IF(D61<'Volumes flacons'!$A$5,"Mauvais numéro",(VLOOKUP(D61,'Volumes flacons'!$A$5:$C$1002,3)))))) | K61: =IF(ISBLANK(E61),"",(0.999842594+(0.00006793952*E61)-(0.00000909529*E61^2)+(0.0000001001685*E61^3)-(0.000000001120083*E61^4)+(0.000000000006536332*E61^5))) | L61: =IF(ISBLANK(E61),"",(0.000824493-(0.0000040899*E61)+(0.000000076438*E61^2)-(0.00000000082467*E61^3)+(0.0000000000053875*E61^4))) | M61: =IF(ISBLANK(E61),"",(-0.00000572466+(0.00000010227*E61)-(0.0000000016546*E61^2))) | N61: =IF(ISBLANK(E61),"",IF(ISBLANK(G61),(K61+(L61*35)+(M61*35^1.5)+(0.00000048314*35^2)),(K61+(L61*G61)+(M61*G61^1.5)+(0.00000048314*G61^2)))) | O61: =IF(ISBLANK(D61),"",(J61*(1+0.00001*(E61-20)))) | P61: =IF(ISBLANK($R$16),"",IF(A61=0,"",IF(ISBLANK($R$17),"",IF(B61=0,"",IF($O$28=$I$29,"",IF(AND($I$29=$O$29,D61<1000),"N° Flac.",IF(AND($I$29=$O$30,D61>1000),"N° Flac.",IF(AND(D61>1202,D61<2001),"Err. N°",IF(AND(D61>499,D61<1141),"Err.N°",((((F61-$R$17)*$P$21*$P$19*5598)/($R$16-$R$17))-($P$27*1000))/((O61)-($P$26))))))))))) | Q61: =IF(ISBLANK($R$16),"",IF(A61=0,"",IF(ISBLANK($R$17),"",IF(AND(D61>1202,D61<2001),"Err. N°",IF(AND(D61>499,D61<1141),"Err.N°",IF(B61=0,"",IF($O$28=$I$29,"",IF(AND($I$29=$O$29,D61<1000),"N° Flac.",IF(AND($I$29=$O$30,D61>1000),"N° Flac.",P61/N61))))))))) | R61: =IF(ISBLANK($R$16),"",IF(A61=0,"",IF(ISBLANK($R$17),"",IF(B61=0,"",IF(ISBLANK(J61),"",IF(AND(D61>1202,D61<2001),"Err. N°",IF(AND(D61>499,D61<1141),"Err.N°",IF($I$29=$O$28,"",IF(AND($I$29=$O$29,D61<1000),"N° Flac.",IF(AND($I$29=$O$30,D61>1000),"N° Flac.",((44.66*P61)))))))))))) | S61: =IF(ISBLANK($R$16),"",IF(A61=0,"",IF(ISBLANK($R$17),"",IF(B61=0,"",IF(ISBLANK(J61),"",IF(AND(D61>1202,D61<2001),"Err. N°",IF(AND(D61>499,D61<1141),"Err.N°",IF($I$29=$O$28,"",IF(AND($I$29=$O$29,D61<1000),"N° Flac.",IF(AND($I$29=$O$30,D61>1000),"N° Flac.",((44.66*P61)/N61)))))))))))
J62: =IF(ISBLANK(D62),"",IF(VLOOKUP(D62,'Volumes flacons'!$A$5:$C$1002,2)=0,"",IF(D62>'Volumes flacons'!$A$1002,"Mauvais numéro",IF(D62<'Volumes flacons'!$A$5,"Mauvais numéro",(VLOOKUP(D62,'Volumes flacons'!$A$5:$C$1002,3)))))) | K62: =IF(ISBLANK(E62),"",(0.999842594+(0.00006793952*E62)-(0.00000909529*E62^2)+(0.0000001001685*E62^3)-(0.000000001120083*E62^4)+(0.000000000006536332*E62^5))) | L62: =IF(ISBLANK(E62),"",(0.000824493-(0.0000040899*E62)+(0.000000076438*E62^2)-(0.00000000082467*E62^3)+(0.0000000000053875*E62^4))) | M62: =IF(ISBLANK(E62),"",(-0.00000572466+(0.00000010227*E62)-(0.0000000016546*E62^2))) | N62: =IF(ISBLANK(E62),"",IF(ISBLANK(G62),(K62+(L62*35)+(M62*35^1.5)+(0.00000048314*35^2)),(K62+(L62*G62)+(M62*G62^1.5)+(0.00000048314*G62^2)))) | O62: =IF(ISBLANK(D62),"",(J62*(1+0.00001*(E62-20)))) | P62: =IF(ISBLANK($R$16),"",IF(A62=0,"",IF(ISBLANK($R$17),"",IF(B62=0,"",IF($O$28=$I$29,"",IF(AND($I$29=$O$29,D62<1000),"N° Flac.",IF(AND($I$29=$O$30,D62>1000),"N° Flac.",IF(AND(D62>1202,D62<2001),"Err. N°",IF(AND(D62>499,D62<1141),"Err.N°",((((F62-$R$17)*$P$21*$P$19*5598)/($R$16-$R$17))-($P$27*1000))/((O62)-($P$26))))))))))) | Q62: =IF(ISBLANK($R$16),"",IF(A62=0,"",IF(ISBLANK($R$17),"",IF(AND(D62>1202,D62<2001),"Err. N°",IF(AND(D62>499,D62<1141),"Err.N°",IF(B62=0,"",IF($O$28=$I$29,"",IF(AND($I$29=$O$29,D62<1000),"N° Flac.",IF(AND($I$29=$O$30,D62>1000),"N° Flac.",P62/N62))))))))) | R62: =IF(ISBLANK($R$16),"",IF(A62=0,"",IF(ISBLANK($R$17),"",IF(B62=0,"",IF(ISBLANK(J62),"",IF(AND(D62>1202,D62<2001),"Err. N°",IF(AND(D62>499,D62<1141),"Err.N°",IF($I$29=$O$28,"",IF(AND($I$29=$O$29,D62<1000),"N° Flac.",IF(AND($I$29=$O$30,D62>1000),"N° Flac.",((44.66*P62)))))))))))) | S62: =IF(ISBLANK($R$16),"",IF(A62=0,"",IF(ISBLANK($R$17),"",IF(B62=0,"",IF(ISBLANK(J62),"",IF(AND(D62>1202,D62<2001),"Err. N°",IF(AND(D62>499,D62<1141),"Err.N°",IF($I$29=$O$28,"",IF(AND($I$29=$O$29,D62<1000),"N° Flac.",IF(AND($I$29=$O$30,D62>1000),"N° Flac.",((44.66*P62)/N62)))))))))))
J63: =IF(ISBLANK(D63),"",IF(VLOOKUP(D63,'Volumes flacons'!$A$5:$C$1002,2)=0,"",IF(D63>'Volumes flacons'!$A$1002,"Mauvais numéro",IF(D63<'Volumes flacons'!$A$5,"Mauvais numéro",(VLOOKUP(D63,'Volumes flacons'!$A$5:$C$1002,3)))))) | K63: =IF(ISBLANK(E63),"",(0.999842594+(0.00006793952*E63)-(0.00000909529*E63^2)+(0.0000001001685*E63^3)-(0.000000001120083*E63^4)+(0.000000000006536332*E63^5))) | L63: =IF(ISBLANK(E63),"",(0.000824493-(0.0000040899*E63)+(0.000000076438*E63^2)-(0.00000000082467*E63^3)+(0.0000000000053875*E63^4))) | M63: =IF(ISBLANK(E63),"",(-0.00000572466+(0.00000010227*E63)-(0.0000000016546*E63^2))) | N63: =IF(ISBLANK(E63),"",IF(ISBLANK(G63),(K63+(L63*35)+(M63*35^1.5)+(0.00000048314*35^2)),(K63+(L63*G63)+(M63*G63^1.5)+(0.00000048314*G63^2)))) | O63: =IF(ISBLANK(D63),"",(J63*(1+0.00001*(E63-20)))) | P63: =IF(ISBLANK($R$16),"",IF(A63=0,"",IF(ISBLANK($R$17),"",IF(B63=0,"",IF($O$28=$I$29,"",IF(AND($I$29=$O$29,D63<1000),"N° Flac.",IF(AND($I$29=$O$30,D63>1000),"N° Flac.",IF(AND(D63>1202,D63<2001),"Err. N°",IF(AND(D63>499,D63<1141),"Err.N°",((((F63-$R$17)*$P$21*$P$19*5598)/($R$16-$R$17))-($P$27*1000))/((O63)-($P$26))))))))))) | Q63: =IF(ISBLANK($R$16),"",IF(A63=0,"",IF(ISBLANK($R$17),"",IF(AND(D63>1202,D63<2001),"Err. N°",IF(AND(D63>499,D63<1141),"Err.N°",IF(B63=0,"",IF($O$28=$I$29,"",IF(AND($I$29=$O$29,D63<1000),"N° Flac.",IF(AND($I$29=$O$30,D63>1000),"N° Flac.",P63/N63))))))))) | R63: =IF(ISBLANK($R$16),"",IF(A63=0,"",IF(ISBLANK($R$17),"",IF(B63=0,"",IF(ISBLANK(J63),"",IF(AND(D63>1202,D63<2001),"Err. N°",IF(AND(D63>499,D63<1141),"Err.N°",IF($I$29=$O$28,"",IF(AND($I$29=$O$29,D63<1000),"N° Flac.",IF(AND($I$29=$O$30,D63>1000),"N° Flac.",((44.66*P63)))))))))))) | S63: =IF(ISBLANK($R$16),"",IF(A63=0,"",IF(ISBLANK($R$17),"",IF(B63=0,"",IF(ISBLANK(J63),"",IF(AND(D63>1202,D63<2001),"Err. N°",IF(AND(D63>499,D63<1141),"Err.N°",IF($I$29=$O$28,"",IF(AND($I$29=$O$29,D63<1000),"N° Flac.",IF(AND($I$29=$O$30,D63>1000),"N° Flac.",((44.66*P63)/N63)))))))))))
J64: =IF(ISBLANK(D64),"",IF(VLOOKUP(D64,'Volumes flacons'!$A$5:$C$1002,2)=0,"",IF(D64>'Volumes flacons'!$A$1002,"Mauvais numéro",IF(D64<'Volumes flacons'!$A$5,"Mauvais numéro",(VLOOKUP(D64,'Volumes flacons'!$A$5:$C$1002,3)))))) | K64: =IF(ISBLANK(E64),"",(0.999842594+(0.00006793952*E64)-(0.00000909529*E64^2)+(0.0000001001685*E64^3)-(0.000000001120083*E64^4)+(0.000000000006536332*E64^5))) | L64: =IF(ISBLANK(E64),"",(0.000824493-(0.0000040899*E64)+(0.000000076438*E64^2)-(0.00000000082467*E64^3)+(0.0000000000053875*E64^4))) | M64: =IF(ISBLANK(E64),"",(-0.00000572466+(0.00000010227*E64)-(0.0000000016546*E64^2))) | N64: =IF(ISBLANK(E64),"",IF(ISBLANK(G64),(K64+(L64*35)+(M64*35^1.5)+(0.00000048314*35^2)),(K64+(L64*G64)+(M64*G64^1.5)+(0.00000048314*G64^2)))) | O64: =IF(ISBLANK(D64),"",(J64*(1+0.00001*(E64-20)))) | P64: =IF(ISBLANK($R$16),"",IF(A64=0,"",IF(ISBLANK($R$17),"",IF(B64=0,"",IF($O$28=$I$29,"",IF(AND($I$29=$O$29,D64<1000),"N° Flac.",IF(AND($I$29=$O$30,D64>1000),"N° Flac.",IF(AND(D64>1202,D64<2001),"Err. N°",IF(AND(D64>499,D64<1141),"Err.N°",((((F64-$R$17)*$P$21*$P$19*5598)/($R$16-$R$17))-($P$27*1000))/((O64)-($P$26))))))))))) | Q64: =IF(ISBLANK($R$16),"",IF(A64=0,"",IF(ISBLANK($R$17),"",IF(AND(D64>1202,D64<2001),"Err. N°",IF(AND(D64>499,D64<1141),"Err.N°",IF(B64=0,"",IF($O$28=$I$29,"",IF(AND($I$29=$O$29,D64<1000),"N° Flac.",IF(AND($I$29=$O$30,D64>1000),"N° Flac.",P64/N64))))))))) | R64: =IF(ISBLANK($R$16),"",IF(A64=0,"",IF(ISBLANK($R$17),"",IF(B64=0,"",IF(ISBLANK(J64),"",IF(AND(D64>1202,D64<2001),"Err. N°",IF(AND(D64>499,D64<1141),"Err.N°",IF($I$29=$O$28,"",IF(AND($I$29=$O$29,D64<1000),"N° Flac.",IF(AND($I$29=$O$30,D64>1000),"N° Flac.",((44.66*P64)))))))))))) | S64: =IF(ISBLANK($R$16),"",IF(A64=0,"",IF(ISBLANK($R$17),"",IF(B64=0,"",IF(ISBLANK(J64),"",IF(AND(D64>1202,D64<2001),"Err. N°",IF(AND(D64>499,D64<1141),"Err.N°",IF($I$29=$O$28,"",IF(AND($I$29=$O$29,D64<1000),"N° Flac.",IF(AND($I$29=$O$30,D64>1000),"N° Flac.",((44.66*P64)/N64)))))))))))

Sheet station 06
D1: MdP = | E1: oxygene
C2: Campagne : | F2: PIRATA-FR31
C4: Données de campagne
C6: N° de station : | F6: 6 | H6: N° de palanquée : | R6: Date d'analyse : | T6: 44264
G8: Position | I8: Degrés | J8: Minutes | P8: Cardinal | Q8: Décimale
G9: Latitude | I9: 0 | J9: 59.99' | K9: N | L9: =IF(P9=M9,"+","-") -> + | M9: N | N9: E | O9: =IF(ISBLANK(I9),"",IF(ISBLANK(J9),"",IF(P9=M10,L9&N11,N11))) -> 0°59.99' | P9: N | Q9: 0.99983333
G10: Longitude | I10: 10 | J10: 00.21' | K10: W | L10: =IF(P10=N9,"+","-") -> - | M10: S | N10: W | O10: =IF(ISBLANK(I10),"",IF(ISBLANK(J10),"",IF(P10=N10,L10&N12,N12))) -> -10°00.21' | P10: W | Q10: -10.0035
G11: Prélèvement | I11: Date | J11: 44264 | N11: =I9&"°"&J9 -> 0°59.99' | O11: =IF(P9=M10,-1,1) -> 1 | P11: 2021-03-08T23:37:19z
I12: Heure | J12: 0.059027778 | N12: =I10&"°"&J10 -> 10°00.21' | O12: =IF(P10=N10,-1,1) -> -1
C13: Données :
C14: Température du laboratoire à la calibration ( t°c ) | Q14: t°c = | R14: 26.4 | S14: °C
C15: Température du laboratoire au début de la série d'analyses | Q15: t°lab = | R15: 26.4 | S15: °C
C16: Volume moyen de thiosulfate pour la titration à t°c | Q16: Vmoy.titr.t°c = | R16: 4.87518 | S16: mL | T16: identifiant de la burette : | U16: ='Correction de volume'!J7 -> 1
C17: Volume moyen de thiosulfate pour la détermination du blanc à t°c | Q17: Vmoy.titr.blanc.t°c = | R17: 0.005 | S17: mL
C18: Masse volumique de l'eau pure à la calibration | O18: ρ = | P18: =(0.999842594+(0.00006793952*$R$14)-(0.00000909529*$R$14^2)+(0.0000001001685*$R$14^3)-(0.000000001120083*$R$14^4)+(0.000000000006536332*$R$14^5)) -> 0.99667996
C19: Normalite de l'iodate (NIO3) à la température de calibration | O19: N(IO3) = | P19: =$P$24*($P$18/'Titre de l''Iodate'!E19) -> 0.019973806 | Q19: N
C20: Vol. de la prise d'essai d'iodate (VIO3) à 20°C | O20: V(IO3)20°C = | P20: ='Correction de volume'!F8 -> 5.0010585 | Q20: mL | T20: pipette n° : | U20: ='Correction de volume'!J8 -> pipette O
C21: Vol. de la prise d'essai d'iodate (VIO3) à t°c | O21: V(IO3)t°c= | P21: =P20*'Correction de volume'!$C$11/'station 06'!$P$18 -> 5.0087173 | Q21: mL
C22: Volume moyen de thiosulfate pour la titration à 20° C | O22: Vmoy.titr.20°C = | P22: =$R$16*P18/'Correction de volume'!C11 -> 4.8677253 | Q22: mL
C23: Volume moyen de thiosulfate pour la détermination du blanc à 20° C | O23: Vmoy.titr.blanc.20°C = | P23: =$R$17*P18/'Correction de volume'!C11 -> 0.0049923545 | Q23: mL | T23: 4.8754
C24: Normalite de l'iodate (NIO3) à 20°C | O24: N(IO3)20°C = | P24: ='Titre de l''Iodate'!F7 -> 0.020004395 | Q24: N | T24: 4.873
C25: Titre du thiosulfate à 20°C | O25: N(Thio)20°C = | P25: =IF(ISBLANK(R14),"",IF(ISBLANK(P21),"",IF(ISBLANK(R17),"",(($P$24*$P$20)/($P$22-$P$23))))) -> 0.020573441 | Q25: N | T25: 4.8745
C26: Volume de réactif utilisé | O26: Vreg = | P26: 2 | Q26: mL | T26: 4.876
O27: DOreg = | P27: 0.0017 | T27: 4.877
T28: =AVERAGE(T23:T27) -> 4.87518
E29: Choix de la série de flacons : | I29: IRD | O29: IRD
O30: LPO
C31: N° | D31: N° des Flacons | E31: T° prélèv. | F31: Volume de thio. | G31: Salinité | H31: Prof. Théorique | I31: Prof. Effective | J31: V. flacons 20°C | K31: masse volumique de l'eau de mer moyenne standard | L31: A | M31: B | N31: Masse volumique eau de mer à t° | O31: Vol. à t° prél. des flacons | P31: Oxygène dissous | T31: NO2 | V31: NO3 + NO2 | X31: NO3 | Z31: Phosphate | AB31: Silicate | AD31: chlorophyll-c3 | AE31: chlorophyll-c1+c2 | AF31: peridinin | AG31: 19'-butanoyloxyfucoxanthin | AH31: fucoxanthine | AI31: neoxanthin | AJ31: prasinoxanthin | AK31: violaxanthin | AL31: 19'-hexanoyloxyfucoxanthin | AM31: diadinoxanthin | AN31: alloxanthin | AO31: diatoxanthin | AP31: zeaxanthin | AQ31: lutein | AR31: divinyl chlorophyll-b | AS31: chlorophyll-b | AT31: total chlorophyll-b | AU31: alpha-carotene | AV31: beta-carotene | AW31: pheophorbide | AX31: divinyl chlorophyll-a | AY31: chlorophyll-a | AZ31: total chlorophyll-a | BA31: pheophytin_a | BB31: crocoxanthin
C33: BTL | E33: °C | F33: ml | H33: m | I33: m | J33: ml | O33: mL | P33: DOX1 | R33: DOXY | S33: DOX2 | T33: NTRI | U33: NTIW | V33: NTRZ | W33: NTZW | X33: NTRA | Y33: NTAW | Z33: PHOS | AA33: PHOW | AB33: SLCA | AC33: SLCW | AD33: CHC3 | AE33: CHCZ | AF33: PERP | AG33: BFUP | AH33: FUCP | AI33: NEXW | AJ33: PXAP | AK33: VIOW | AL33: HFUP | AM33: DXAP | AN33: AXAP | AO33: TXAP | AP33: ZXAP | AQ33: LUTW | AR33: CHBD | AS33: CH2P | AT33: CHLB | AU33: AACP | AV33: BBCP | AW33: PHEP | AX33: CHAD | AY33: CH1P | AZ33: CPHL | BA33: PHEA | BB33: CXAP
P34: ml/l | Q34: ml/kg | R34: µmol/l | S34: µmol/kg | T34: µmol/l | U34: µmol/kg | V34: µmol/l | W34: µmol/kg | X34: µmol/l | Y34: µmol/kg | Z34: µmol/l | AA34: µmol/kg | AB34: µmol/l | AC34: µmol/kg | AD34: µg.l-1 | AE34: µg.l-1 | AF34: µg.l-1 | AG34: µg.l-1 | AH34: µg.l-1 | AI34: µg.l-1 | AJ34: µg.l-1 | AK34: µg.l-1 | AL34: µg.l-1 | AM34: µg.l-1 | AN34: µg.l-1 | AO34: µg.l-1 | AP34: µg.l-1 | AQ34: µg.l-1 | AR34: µg.l-1 | AS34: µg.l-1 | AT34: µg.l-1 | AU34: µg.l-1 | AV34: µg.l-1 | AW34: µg.l-1 | AX34: µg.l-1 | AY34: µg.l-1 | AZ34: µg.l-1 | BA34: µg.l-1 | BB34: µg.l-1
P35: ml/l | Q35: ml/kg | R35: µmol/l | S35: µmol/kg | T35: µmol/l | U35: µmol/kg | V35: µmol/l | W35: µmol/kg | X35: µmol/l | Y35: µmol/kg | Z35: µmol/l | AA35: µmol/kg | AB35: µmol/l | AC35: µmol/kg | AD35: µg.l-1 | AE35: µg.l-1 | AF35: µg.l-1 | AG35: µg.l-1 | AH35: µg.l-1 | AI35: µg.l-1 | AJ35: µg.l-1 | AK35: µg.l-1 | AL35: µg.l-1 | AM35: µg.l-1 | AN35: µg.l-1 | AO35: µg.l-1 | AP35: µg.l-1 | AQ35: µg.l-1 | AR35: µg.l-1 | AS35: µg.l-1 | AT35: µg.l-1 | AU35: µg.l-1 | AV35: µg.l-1 | AW35: µg.l-1 | AX35: µg.l-1 | AY35: µg.l-1 | AZ35: µg.l-1 | BA35: µg.l-1 | BB35: µg.l-1
C36: 1 | D36: 3045 | E36: 9.5 | F36: 5.7766 | G36: 34.9629 | H36: 2000 | I36: 1999 | J36: 118.7 | K36: 0.99974443 | L36: 0.00079187431 | M36: -4.9024226e-06 | N36: 1.0270078 | O36: 118.68754 | P36: 5.6732662 | Q36: 5.5240734 | R36: 253.36807 | S36: 246.70512 | T36: -0.005 | U36: -0.0048794493 | V36: 21.064 | W36: 20.556144 | X36: 21.069 | Y36: 20.561024 | Z36: 1.3726667 | AA36: 1.3395715 | AB36: 22.453333 | AC36: 21.91198
C37: 2 | D37: 3049 | E37: 10 | F37: 4.9593 | G37: 34.94655 | H37: 1500 | I37: 1502 | J37: 115.27 | K37: 0.99970208 | L37: 0.000790467 | M37: -4.86742e-06 | N37: 1.0269107 | O37: 115.25847 | P37: 5.0152084 | Q37: 4.8837826 | R37: 223.97921 | S37: 218.10973 | T37: -0.004 | U37: -0.0039036033 | V37: 23.962 | W37: 23.384536 | X37: 23.966 | Y37: 23.388439 | Z37: 1.5616667 | AA37: 1.5240318 | AB37: 20.189333 | AC37: 19.702787
C38: 3 | D38: 3050 | E38: 10.7 | F38: 3.3443 | G38: 34.5172 | H38: 800 | I38: 801 | J38: 116.74 | K38: 0.99963717 | L38: 0.00078854282 | M38: -4.8198062e-06 | N38: 1.0264537 | O38: 116.72914 | P38: 3.3321918 | Q38: 3.2463149 | R38: 148.81569 | S38: 144.98042 | T38: -0.003 | U38: -0.0029286359 | V38: 36.501 | W38: 35.632713 | X38: 36.504 | Y38: 35.635642 | Z38: 2.4146667 | AA38: 2.3572265 | AB38: 30.029333 | AC38: 29.314995
C39: 4 | D39: 3051 | E39: 12.9 | F39: 2.9643 | G39: 34.6128 | H39: 500 | I39: 500 | J39: 117.34 | K39: 0.99939181 | L39: 0.00078283222 | M39: -4.680719e-06 | N39: 1.0261135 | O39: 117.33167 | P39: 2.935896 | Q39: 2.8611806 | R39: 131.11712 | S39: 127.78033 | T39: 0 | U39: 0 | V39: 34.542 | W39: 33.717902 | X39: 34.542 | Y39: 33.717902 | Z39: 2.2056667 | AA39: 2.1530442 | AB39: 21.039333 | AC39: 20.53738
C40: 5 | D40: 3156 | E40: 15.3 | F40: 2.2411 | G40: 35.004 | H40: 300 | I40: 302 | J40: 115.6 | K40: 0.99905582 | L40: 0.00077715251 | M40: -4.5472543e-06 | N40: 1.0259095 | O40: 115.59457 | P40: 2.2486825 | Q40: 2.1918917 | R40: 100.42616 | S40: 97.889882 | T40: 0.002 | U40: 0.0019517158 | V40: 29.666 | W40: 28.949801 | X40: 29.664 | Y40: 28.947849 | Z40: 1.8466667 | AA40: 1.8020843 | AB40: 12.600333 | AC40: 12.296135
C41: 6 | D41: 3157 | E41: 15.2 | F41: 2.2095 | G41: 35.0052 | H41: 300 | I41: 302 | J41: 114.35 | K41: 0.99907119 | L41: 0.00077737825 | M41: -4.5524348e-06 | N41: 1.0259326 | O41: 114.34451 | P41: 2.2413583 | Q41: 2.1847032 | R41: 100.09906 | S41: 97.568845 | T41: 0 | U41: 0 | V41: 29.594 | W41: 28.879534 | X41: 29.594 | Y41: 28.879534 | Z41: 1.8466667 | AA41: 1.802084 | AB41: 12.641333 | AC41: 12.336143
C42: 7 | D42: 3159 | E42: 18.3 | F42: 2.7573 | G42: 35.5937 | H42: 100 | I42: 101 | J42: 116.17 | K42: 0.99854164 | L42: 0.00077079639 | M42: -4.407228e-06 | N42: 1.0256533 | O42: 116.16803 | P42: 2.7573222 | Q42: 2.6883568 | R42: 123.14201 | S42: 120.06202 | T42: 0.041 | U42: 0.039992654 | V42: 18.934 | W42: 18.468803 | X42: 18.893 | Y42: 18.42881 | Z42: 1.2696667 | AA42: 1.2384717 | AB42: 6.5673333 | AC42: 6.4059778 | AD42: 0.0226 | AE42: 0.0111 | AF42: 0.0022 | AG42: 0.023 | AH42: 0.0139 | AI42: -9999.9999 | AJ42: 0.0019 | AK42: -9999.9999 | AL42: 0.0274 | AM42: 0.0023 | AN42: -9999.9999 | AO42: -9999.9999 | AP42: 0.0068 | AR42: 0.1509 | AS42: 0.0105 | AT42: 0.1614 | AU42: 0.0156 | AV42: absent | AW42: -9999.9999 | AX42: 0.0331 | AY42: 0.0671 | AZ42: 0.1002 | BA42: -9999.9999
C43: 8 | D43: 3160 | E43: 19.1 | F43: 2.8343 | G43: 35.6754 | H43: 80 | I43: 80 | J43: 116.77 | K43: 0.99838769 | L43: 0.00076923207 | M43: -4.3749176e-06 | N43: 1.025513 | O43: 116.76895 | P43: 2.820036 | Q43: 2.7498782 | R43: 125.94281 | S43: 122.80956 | T43: 0.146 | U43: 0.14240427 | V43: 17.493 | W43: 17.062177 | X43: 17.347 | Y43: 16.919773 | Z43: 1.1676667 | AA43: 1.138909 | AB43: 5.7583333 | AC43: 5.6165154 | AD43: 0.0418 | AE43: 0.0216 | AF43: 0.0035 | AG43: 0.0397 | AH43: 0.0351 | AI43: 0.004 | AJ43: 0.005 | AK43: 0.0016 | AL43: 0.0473 | AM43: 0.0056 | AN43: 0.0024 | AO43: -9999.9999 | AP43: 0.0219 | AR43: 0.2091 | AS43: 0.0254 | AT43: 0.2345 | AU43: 0.0252 | AV43: absent | AW43: -9999.9999 | AX43: 0.0629 | AY43: 0.153 | AZ43: 0.2159 | BA43: -9999.9999
C44: 9 | D44: 3161 | E44: 20.3 | F44: 3.1825 | G44: 35.7853 | H44: 60 | I44: 61 | J44: 119.09 | K44: 0.99814396 | L44: 0.00076698354 | M44: -4.3304231e-06 | N44: 1.0252824 | O44: 119.09036 | P44: 3.1060925 | Q44: 3.0294995 | R44: 138.71809 | S44: 135.29745 | T44: 0.189 | U44: 0.18433024 | V44: 12.227 | W44: 11.924899 | X44: 12.038 | Y44: 11.740569 | Z44: 0.92166667 | AA44: 0.8988944 | AB44: 3.9913333 | AC44: 3.8927166 | AD44: 0.2589 | AE44: 0.1613 | AF44: 0.0147 | AG44: 0.1276 | AH44: 0.4547 | AI44: 0.0058 | AJ44: 0.02 | AK44: 0.0034 | AL44: 0.1382 | AM44: 0.032 | AN44: 0.0081 | AO44: -9999.9999 | AP44: 0.0577 | AR44: 0.1425 | AS44: 0.1051 | AT44: 0.2476 | AU44: 0.0478 | AV44: absent | AW44: 0.0399 | AX44: 0.1318 | AY44: 1.0275 | AZ44: 1.1593 | BA44: 0.0164
C45: 10 | D45: 3163 | E45: 25.5 | F45: 4.7336 | G45: 35.5631 | H45: 40 | I45: 40 | J45: 117.68 | K45: 0.99691865 | L45: 0.00075850817 | M45: -4.1926786e-06 | N45: 1.0236154 | O45: 117.68647 | P45: 4.6856014 | Q45: 4.5775018 | R45: 209.25896 | S45: 204.43123 | T45: 0 | U45: 0 | V45: 0.075 | W45: 0.07315785 | X45: 0.075 | Y45: 0.07315785 | Z45: 0.084666667 | AA45: 0.082587084 | AB45: 0.93633333 | AC45: 0.91333511 | AD45: 0.0273 | AE45: 0.027 | AF45: 0.0108 | AG45: 0.0163 | AH45: 0.0258 | AI45: 0.0028 | AJ45: 0.0077 | AK45: 0.004 | AL45: 0.0599 | AM45: 0.0124 | AN45: 0.0064 | AO45: 0.0011 | AP45: 0.1268 | AR45: 0.0292 | AS45: 0.0316 | AT45: 0.0608 | AU45: 0.0302 | AV45: absent | AW45: -9999.9999 | AX45: 0.1089 | AY45: 0.225 | AZ45: 0.3339 | BA45: 0.0026
C46: 11 | D46: 3166 | E46: 28.2 | F46: 4.4426 | G46: 34.7929 | H46: 20 | I46: 20 | J46: 115.58 | K46: 0.99618013 | L46: 0.00075485761 | M46: -4.1564501e-06 | N46: 1.0221757 | O46: 115.58948 | P46: 4.4775049 | Q46: 4.3803674 | R46: 199.96537 | S46: 195.62721 | T46: -0.005 | U46: -0.0048800538 | V46: 0.068 | W46: 0.066368732 | X46: 0.073 | Y46: 0.071248785 | Z46: 0.032666667 | AA46: 0.031883018 | AB46: 0.76733333 | AC46: 0.74892559 | AD46: 0.0058 | AE46: 0.0059 | AF46: 0.0033 | AG46: 0.0032 | AH46: 0.0046 | AI46: -9999.9999 | AJ46: -9999.9999 | AK46: -9999.9999 | AL46: 0.0131 | AM46: 0.0034 | AN46: -9999.9999 | AO46: -9999.9999 | AP46: 0.1062 | AR46: 0.0121 | AS46: 0.006 | AT46: 0.0181 | AU46: 0.0128 | AV46: absent | AW46: -9999.9999 | AX46: 0.0536 | AY46: 0.0436 | AZ46: 0.0972 | BA46: -9999.9999
C47: 12 | D47: 3167 | E47: 28.2 | F47: 4.5246 | G47: 34.7913 | H47: 0 | I47: 4 | J47: 117.58 | K47: 0.99618013 | L47: 0.00075485761 | M47: -4.1564501e-06 | N47: 1.0221745 | O47: 117.58964 | P47: 4.4816036 | Q47: 4.3843823 | R47: 200.14842 | S47: 195.80651 | T47: -0.001 | U47: -0.00097601446 | V47: 0.078 | W47: 0.076129128 | X47: 0.079 | Y47: 0.077105143 | Z47: 0.031666667 | AA47: 0.030907125 | AB47: 0.73833333 | AC47: 0.72062401 | AD47: 0.0062 | AE47: 0.0064 | AF47: 0.0038 | AG47: 0.0034 | AH47: 0.0048 | AI47: -9999.9999 | AJ47: -9999.9999 | AK47: -9999.9999 | AL47: 0.0142 | AM47: 0.0041 | AN47: -9999.9999 | AO47: -9999.9999 | AP47: 0.1132 | AR47: 0.014 | AS47: 0.0064 | AT47: 0.0204 | AU47: 0.0141 | AV47: absent | AW47: -9999.9999 | AX47: 0.0585 | AY47: 0.0472 | AZ47: 0.1057 | BA47: -9999.9999
C48: 13
C49: 14
C50: 15
C51: 16
C52: 17
C53: 18
C54: 19
C55: 20
A56: =IF(ISBLANK(VLOOKUP(D56,'Volumes flacons'!A5:C644,3)),0,1) -> 1 | B56: =IF(ISBLANK(D56),0,IF(ISBLANK(E56),0,IF(ISBLANK(F56),0,1))) -> 0 | C56: 22 | J56: =IF(ISBLANK(D56),"",IF(VLOOKUP(D56,'Volumes flacons'!$A$5:$C$1047,2)=0,"",IF(D56>'Volumes flacons'!$A$1047,"Mauvais numéro",IF(D56<'Volumes flacons'!$A$5,"Mauvais numéro",(VLOOKUP(D56,'Volumes flacons'!$A$5:$C$1047,3)))))) | K56: =IF(ISBLANK(E56),"",(0.999842594+(0.00006793952*E56)-(0.00000909529*E56^2)+(0.0000001001685*E56^3)-(0.000000001120083*E56^4)+(0.000000000006536332*E56^5))) | L56: =IF(ISBLANK(E56),"",(0.000824493-(0.0000040899*E56)+(0.000000076438*E56^2)-(0.00000000082467*E56^3)+(0.0000000000053875*E56^4))) | M56: =IF(ISBLANK(E56),"",(-0.00000572466+(0.00000010227*E56)-(0.0000000016546*E56^2))) | N56: =IF(ISBLANK(E56),"",IF(ISBLANK(G56),(K56+(L56*35)+(M56*35^1.5)+(0.00000048314*35^2)),(K56+(L56*G56)+(M56*G56^1.5)+(0.00000048314*G56^2)))) | O56: =IF(ISBLANK(D56),"",(J56*(1+0.00001*(E56-20)))) | P56: =IF(ISBLANK($R$16),"",IF(A56=0,"",IF(ISBLANK($R$17),"",IF(B56=0,"",IF($O$28=$I$29,"",IF(AND($I$29=$O$29,D56<1000),"N° Flac.",IF(AND($I$29=$O$30,D56>1000),"N° Flac.",IF(AND(D56>1202,D56<2001),"Err. N°",IF(AND(D56>499,D56<1141),"Err.N°",((((F56-$R$17)*$P$21*$P$19*5598)/($R$16-$R$17))-($P$27*1000))/((O56)-($P$26))))))))))) | Q56: =IF(ISBLANK($R$16),"",IF(A56=0,"",IF(ISBLANK($R$17),"",IF(AND(D56>1202,D56<2001),"Err. N°",IF(AND(D56>499,D56<1141),"Err.N°",IF(B56=0,"",IF($O$28=$I$29,"",IF(AND($I$29=$O$29,D56<1000),"N° Flac.",IF(AND($I$29=$O$30,D56>1000),"N° Flac.",P56/N56))))))))) | R56: =IF(ISBLANK($R$16),"",IF(A56=0,"",IF(ISBLANK($R$17),"",IF(B56=0,"",IF(ISBLANK(J56),"",IF(AND(D56>1202,D56<2001),"Err. N°",IF(AND(D56>499,D56<1141),"Err.N°",IF($I$29=$O$28,"",IF(AND($I$29=$O$29,D56<1000),"N° Flac.",IF(AND($I$29=$O$30,D56>1000),"N° Flac.",((44.66*P56)))))))))))) | S56: =IF(ISBLANK($R$16),"",IF(A56=0,"",IF(ISBLANK($R$17),"",IF(B56=0,"",IF(ISBLANK(J56),"",IF(AND(D56>1202,D56<2001),"Err. N°",IF(AND(D56>499,D56<1141),"Err.N°",IF($I$29=$O$28,"",IF(AND($I$29=$O$29,D56<1000),"N° Flac.",IF(AND($I$29=$O$30,D56>1000),"N° Flac.",((44.66*P56)/N56)))))))))))
A57: =IF(ISBLANK(VLOOKUP(D57,'Volumes flacons'!A5:C644,3)),0,1) -> 1 | B57: =IF(ISBLANK(D57),0,IF(ISBLANK(E57),0,IF(ISBLANK(F57),0,1))) -> 0 | C57: 23 | J57: =IF(ISBLANK(D57),"",IF(VLOOKUP(D57,'Volumes flacons'!$A$5:$C$1047,2)=0,"",IF(D57>'Volumes flacons'!$A$1047,"Mauvais numéro",IF(D57<'Volumes flacons'!$A$5,"Mauvais numéro",(VLOOKUP(D57,'Volumes flacons'!$A$5:$C$1047,3)))))) | K57: =IF(ISBLANK(E57),"",(0.999842594+(0.00006793952*E57)-(0.00000909529*E57^2)+(0.0000001001685*E57^3)-(0.000000001120083*E57^4)+(0.000000000006536332*E57^5))) | L57: =IF(ISBLANK(E57),"",(0.000824493-(0.0000040899*E57)+(0.000000076438*E57^2)-(0.00000000082467*E57^3)+(0.0000000000053875*E57^4))) | M57: =IF(ISBLANK(E57),"",(-0.00000572466+(0.00000010227*E57)-(0.0000000016546*E57^2))) | N57: =IF(ISBLANK(E57),"",IF(ISBLANK(G57),(K57+(L57*35)+(M57*35^1.5)+(0.00000048314*35^2)),(K57+(L57*G57)+(M57*G57^1.5)+(0.00000048314*G57^2)))) | O57: =IF(ISBLANK(D57),"",(J57*(1+0.00001*(E57-20)))) | P57: =IF(ISBLANK($R$16),"",IF(A57=0,"",IF(ISBLANK($R$17),"",IF(B57=0,"",IF($O$28=$I$29,"",IF(AND($I$29=$O$29,D57<1000),"N° Flac.",IF(AND($I$29=$O$30,D57>1000),"N° Flac.",IF(AND(D57>1202,D57<2001),"Err. N°",IF(AND(D57>499,D57<1141),"Err.N°",((((F57-$R$17)*$P$21*$P$19*5598)/($R$16-$R$17))-($P$27*1000))/((O57)-($P$26))))))))))) | Q57: =IF(ISBLANK($R$16),"",IF(A57=0,"",IF(ISBLANK($R$17),"",IF(AND(D57>1202,D57<2001),"Err. N°",IF(AND(D57>499,D57<1141),"Err.N°",IF(B57=0,"",IF($O$28=$I$29,"",IF(AND($I$29=$O$29,D57<1000),"N° Flac.",IF(AND($I$29=$O$30,D57>1000),"N° Flac.",P57/N57))))))))) | R57: =IF(ISBLANK($R$16),"",IF(A57=0,"",IF(ISBLANK($R$17),"",IF(B57=0,"",IF(ISBLANK(J57),"",IF(AND(D57>1202,D57<2001),"Err. N°",IF(AND(D57>499,D57<1141),"Err.N°",IF($I$29=$O$28,"",IF(AND($I$29=$O$29,D57<1000),"N° Flac.",IF(AND($I$29=$O$30,D57>1000),"N° Flac.",((44.66*P57)))))))))))) | S57: =IF(ISBLANK($R$16),"",IF(A57=0,"",IF(ISBLANK($R$17),"",IF(B57=0,"",IF(ISBLANK(J57),"",IF(AND(D57>1202,D57<2001),"Err. N°",IF(AND(D57>499,D57<1141),"Err.N°",IF($I$29=$O$28,"",IF(AND($I$29=$O$29,D57<1000),"N° Flac.",IF(AND($I$29=$O$30,D57>1000),"N° Flac.",((44.66*P57)/N57)))))))))))
A58: =IF(ISBLANK(VLOOKUP(D58,'Volumes flacons'!A5:C646,3)),0,1) -> 1 | B58: =IF(ISBLANK(D58),0,IF(ISBLANK(E58),0,IF(ISBLANK(F58),0,1))) -> 0 | C58: 24 | J58: =IF(ISBLANK(D58),"",IF(VLOOKUP(D58,'Volumes flacons'!$A$5:$C$1047,2)=0,"",IF(D58>'Volumes flacons'!$A$1047,"Mauvais numéro",IF(D58<'Volumes flacons'!$A$5,"Mauvais numéro",(VLOOKUP(D58,'Volumes flacons'!$A$5:$C$1047,3)))))) | K58: =IF(ISBLANK(E58),"",(0.999842594+(0.00006793952*E58)-(0.00000909529*E58^2)+(0.0000001001685*E58^3)-(0.000000001120083*E58^4)+(0.000000000006536332*E58^5))) | L58: =IF(ISBLANK(E58),"",(0.000824493-(0.0000040899*E58)+(0.000000076438*E58^2)-(0.00000000082467*E58^3)+(0.0000000000053875*E58^4))) | M58: =IF(ISBLANK(E58),"",(-0.00000572466+(0.00000010227*E58)-(0.0000000016546*E58^2))) | N58: =IF(ISBLANK(E58),"",IF(ISBLANK(G58),(K58+(L58*35)+(M58*35^1.5)+(0.00000048314*35^2)),(K58+(L58*G58)+(M58*G58^1.5)+(0.00000048314*G58^2)))) | O58: =IF(ISBLANK(D58),"",(J58*(1+0.00001*(E58-20)))) | P58: =IF(ISBLANK($R$16),"",IF(A58=0,"",IF(ISBLANK($R$17),"",IF(B58=0,"",IF($O$28=$I$29,"",IF(AND($I$29=$O$29,D58<1000),"N° Flac.",IF(AND($I$29=$O$30,D58>1000),"N° Flac.",IF(AND(D58>1202,D58<2001),"Err. N°",IF(AND(D58>499,D58<1141),"Err.N°",((((F58-$R$17)*$P$21*$P$19*5598)/($R$16-$R$17))-($P$27*1000))/((O58)-($P$26))))))))))) | Q58: =IF(ISBLANK($R$16),"",IF(A58=0,"",IF(ISBLANK($R$17),"",IF(AND(D58>1202,D58<2001),"Err. N°",IF(AND(D58>499,D58<1141),"Err.N°",IF(B58=0,"",IF($O$28=$I$29,"",IF(AND($I$29=$O$29,D58<1000),"N° Flac.",IF(AND($I$29=$O$30,D58>1000),"N° Flac.",P58/N58))))))))) | R58: =IF(ISBLANK($R$16),"",IF(A58=0,"",IF(ISBLANK($R$17),"",IF(B58=0,"",IF(ISBLANK(J58),"",IF(AND(D58>1202,D58<2001),"Err. N°",IF(AND(D58>499,D58<1141),"Err.N°",IF($I$29=$O$28,"",IF(AND($I$29=$O$29,D58<1000),"N° Flac.",IF(AND($I$29=$O$30,D58>1000),"N° Flac.",((44.66*P58)))))))))))) | S58: =IF(ISBLANK($R$16),"",IF(A58=0,"",IF(ISBLANK($R$17),"",IF(B58=0,"",IF(ISBLANK(J58),"",IF(AND(D58>1202,D58<2001),"Err. N°",IF(AND(D58>499,D58<1141),"Err.N°",IF($I$29=$O$28,"",IF(AND($I$29=$O$29,D58<1000),"N° Flac.",IF(AND($I$29=$O$30,D58>1000),"N° Flac.",((44.66*P58)/N58)))))))))))
J59: =IF(ISBLANK(D59),"",IF(VLOOKUP(D59,'Volumes flacons'!$A$5:$C$1047,2)=0,"",IF(D59>'Volumes flacons'!$A$1047,"Mauvais numéro",IF(D59<'Volumes flacons'!$A$5,"Mauvais numéro",(VLOOKUP(D59,'Volumes flacons'!$A$5:$C$1047,3)))))) | K59: =IF(ISBLANK(E59),"",(0.999842594+(0.00006793952*E59)-(0.00000909529*E59^2)+(0.0000001001685*E59^3)-(0.000000001120083*E59^4)+(0.000000000006536332*E59^5))) | L59: =IF(ISBLANK(E59),"",(0.000824493-(0.0000040899*E59)+(0.000000076438*E59^2)-(0.00000000082467*E59^3)+(0.0000000000053875*E59^4))) | M59: =IF(ISBLANK(E59),"",(-0.00000572466+(0.00000010227*E59)-(0.0000000016546*E59^2))) | N59: =IF(ISBLANK(E59),"",IF(ISBLANK(G59),(K59+(L59*35)+(M59*35^1.5)+(0.00000048314*35^2)),(K59+(L59*G59)+(M59*G59^1.5)+(0.00000048314*G59^2)))) | O59: =IF(ISBLANK(D59),"",(J59*(1+0.00001*(E59-20)))) | P59: =IF(ISBLANK($R$16),"",IF(A59=0,"",IF(ISBLANK($R$17),"",IF(B59=0,"",IF($O$28=$I$29,"",IF(AND($I$29=$O$29,D59<1000),"N° Flac.",IF(AND($I$29=$O$30,D59>1000),"N° Flac.",IF(AND(D59>1202,D59<2001),"Err. N°",IF(AND(D59>499,D59<1141),"Err.N°",((((F59-$R$17)*$P$21*$P$19*5598)/($R$16-$R$17))-($P$27*1000))/((O59)-($P$26))))))))))) | Q59: =IF(ISBLANK($R$16),"",IF(A59=0,"",IF(ISBLANK($R$17),"",IF(AND(D59>1202,D59<2001),"Err. N°",IF(AND(D59>499,D59<1141),"Err.N°",IF(B59=0,"",IF($O$28=$I$29,"",IF(AND($I$29=$O$29,D59<1000),"N° Flac.",IF(AND($I$29=$O$30,D59>1000),"N° Flac.",P59/N59))))))))) | R59: =IF(ISBLANK($R$16),"",IF(A59=0,"",IF(ISBLANK($R$17),"",IF(B59=0,"",IF(ISBLANK(J59),"",IF(AND(D59>1202,D59<2001),"Err. N°",IF(AND(D59>499,D59<1141),"Err.N°",IF($I$29=$O$28,"",IF(AND($I$29=$O$29,D59<1000),"N° Flac.",IF(AND($I$29=$O$30,D59>1000),"N° Flac.",((44.66*P59)))))))))))) | S59: =IF(ISBLANK($R$16),"",IF(A59=0,"",IF(ISBLANK($R$17),"",IF(B59=0,"",IF(ISBLANK(J59),"",IF(AND(D59>1202,D59<2001),"Err. N°",IF(AND(D59>499,D59<1141),"Err.N°",IF($I$29=$O$28,"",IF(AND($I$29=$O$29,D59<1000),"N° Flac.",IF(AND($I$29=$O$30,D59>1000),"N° Flac.",((44.66*P59)/N59)))))))))))
J61: =IF(ISBLANK(D61),"",IF(VLOOKUP(D61,'Volumes flacons'!$A$5:$C$1002,2)=0,"",IF(D61>'Volumes flacons'!$A$1002,"Mauvais numéro",IF(D61<'Volumes flacons'!$A$5,"Mauvais numéro",(VLOOKUP(D61,'Volumes flacons'!$A$5:$C$1002,3)))))) | K61: =IF(ISBLANK(E61),"",(0.999842594+(0.00006793952*E61)-(0.00000909529*E61^2)+(0.0000001001685*E61^3)-(0.000000001120083*E61^4)+(0.000000000006536332*E61^5))) | L61: =IF(ISBLANK(E61),"",(0.000824493-(0.0000040899*E61)+(0.000000076438*E61^2)-(0.00000000082467*E61^3)+(0.0000000000053875*E61^4))) | M61: =IF(ISBLANK(E61),"",(-0.00000572466+(0.00000010227*E61)-(0.0000000016546*E61^2))) | N61: =IF(ISBLANK(E61),"",IF(ISBLANK(G61),(K61+(L61*35)+(M61*35^1.5)+(0.00000048314*35^2)),(K61+(L61*G61)+(M61*G61^1.5)+(0.00000048314*G61^2)))) | O61: =IF(ISBLANK(D61),"",(J61*(1+0.00001*(E61-20)))) | P61: =IF(ISBLANK($R$16),"",IF(A61=0,"",IF(ISBLANK($R$17),"",IF(B61=0,"",IF($O$28=$I$29,"",IF(AND($I$29=$O$29,D61<1000),"N° Flac.",IF(AND($I$29=$O$30,D61>1000),"N° Flac.",IF(AND(D61>1202,D61<2001),"Err. N°",IF(AND(D61>499,D61<1141),"Err.N°",((((F61-$R$17)*$P$21*$P$19*5598)/($R$16-$R$17))-($P$27*1000))/((O61)-($P$26))))))))))) | Q61: =IF(ISBLANK($R$16),"",IF(A61=0,"",IF(ISBLANK($R$17),"",IF(AND(D61>1202,D61<2001),"Err. N°",IF(AND(D61>499,D61<1141),"Err.N°",IF(B61=0,"",IF($O$28=$I$29,"",IF(AND($I$29=$O$29,D61<1000),"N° Flac.",IF(AND($I$29=$O$30,D61>1000),"N° Flac.",P61/N61))))))))) | R61: =IF(ISBLANK($R$16),"",IF(A61=0,"",IF(ISBLANK($R$17),"",IF(B61=0,"",IF(ISBLANK(J61),"",IF(AND(D61>1202,D61<2001),"Err. N°",IF(AND(D61>499,D61<1141),"Err.N°",IF($I$29=$O$28,"",IF(AND($I$29=$O$29,D61<1000),"N° Flac.",IF(AND($I$29=$O$30,D61>1000),"N° Flac.",((44.66*P61)))))))))))) | S61: =IF(ISBLANK($R$16),"",IF(A61=0,"",IF(ISBLANK($R$17),"",IF(B61=0,"",IF(ISBLANK(J61),"",IF(AND(D61>1202,D61<2001),"Err. N°",IF(AND(D61>499,D61<1141),"Err.N°",IF($I$29=$O$28,"",IF(AND($I$29=$O$29,D61<1000),"N° Flac.",IF(AND($I$29=$O$30,D61>1000),"N° Flac.",((44.66*P61)/N61)))))))))))
J62: =IF(ISBLANK(D62),"",IF(VLOOKUP(D62,'Volumes flacons'!$A$5:$C$1002,2)=0,"",IF(D62>'Volumes flacons'!$A$1002,"Mauvais numéro",IF(D62<'Volumes flacons'!$A$5,"Mauvais numéro",(VLOOKUP(D62,'Volumes flacons'!$A$5:$C$1002,3)))))) | K62: =IF(ISBLANK(E62),"",(0.999842594+(0.00006793952*E62)-(0.00000909529*E62^2)+(0.0000001001685*E62^3)-(0.000000001120083*E62^4)+(0.000000000006536332*E62^5))) | L62: =IF(ISBLANK(E62),"",(0.000824493-(0.0000040899*E62)+(0.000000076438*E62^2)-(0.00000000082467*E62^3)+(0.0000000000053875*E62^4))) | M62: =IF(ISBLANK(E62),"",(-0.00000572466+(0.00000010227*E62)-(0.0000000016546*E62^2))) | N62: =IF(ISBLANK(E62),"",IF(ISBLANK(G62),(K62+(L62*35)+(M62*35^1.5)+(0.00000048314*35^2)),(K62+(L62*G62)+(M62*G62^1.5)+(0.00000048314*G62^2)))) | O62: =IF(ISBLANK(D62),"",(J62*(1+0.00001*(E62-20)))) | P62: =IF(ISBLANK($R$16),"",IF(A62=0,"",IF(ISBLANK($R$17),"",IF(B62=0,"",IF($O$28=$I$29,"",IF(AND($I$29=$O$29,D62<1000),"N° Flac.",IF(AND($I$29=$O$30,D62>1000),"N° Flac.",IF(AND(D62>1202,D62<2001),"Err. N°",IF(AND(D62>499,D62<1141),"Err.N°",((((F62-$R$17)*$P$21*$P$19*5598)/($R$16-$R$17))-($P$27*1000))/((O62)-($P$26))))))))))) | Q62: =IF(ISBLANK($R$16),"",IF(A62=0,"",IF(ISBLANK($R$17),"",IF(AND(D62>1202,D62<2001),"Err. N°",IF(AND(D62>499,D62<1141),"Err.N°",IF(B62=0,"",IF($O$28=$I$29,"",IF(AND($I$29=$O$29,D62<1000),"N° Flac.",IF(AND($I$29=$O$30,D62>1000),"N° Flac.",P62/N62))))))))) | R62: =IF(ISBLANK($R$16),"",IF(A62=0,"",IF(ISBLANK($R$17),"",IF(B62=0,"",IF(ISBLANK(J62),"",IF(AND(D62>1202,D62<2001),"Err. N°",IF(AND(D62>499,D62<1141),"Err.N°",IF($I$29=$O$28,"",IF(AND($I$29=$O$29,D62<1000),"N° Flac.",IF(AND($I$29=$O$30,D62>1000),"N° Flac.",((44.66*P62)))))))))))) | S62: =IF(ISBLANK($R$16),"",IF(A62=0,"",IF(ISBLANK($R$17),"",IF(B62=0,"",IF(ISBLANK(J62),"",IF(AND(D62>1202,D62<2001),"Err. N°",IF(AND(D62>499,D62<1141),"Err.N°",IF($I$29=$O$28,"",IF(AND($I$29=$O$29,D62<1000),"N° Flac.",IF(AND($I$29=$O$30,D62>1000),"N° Flac.",((44.66*P62)/N62)))))))))))
J63: =IF(ISBLANK(D63),"",IF(VLOOKUP(D63,'Volumes flacons'!$A$5:$C$1002,2)=0,"",IF(D63>'Volumes flacons'!$A$1002,"Mauvais numéro",IF(D63<'Volumes flacons'!$A$5,"Mauvais numéro",(VLOOKUP(D63,'Volumes flacons'!$A$5:$C$1002,3)))))) | K63: =IF(ISBLANK(E63),"",(0.999842594+(0.00006793952*E63)-(0.00000909529*E63^2)+(0.0000001001685*E63^3)-(0.000000001120083*E63^4)+(0.000000000006536332*E63^5))) | L63: =IF(ISBLANK(E63),"",(0.000824493-(0.0000040899*E63)+(0.000000076438*E63^2)-(0.00000000082467*E63^3)+(0.0000000000053875*E63^4))) | M63: =IF(ISBLANK(E63),"",(-0.00000572466+(0.00000010227*E63)-(0.0000000016546*E63^2))) | N63: =IF(ISBLANK(E63),"",IF(ISBLANK(G63),(K63+(L63*35)+(M63*35^1.5)+(0.00000048314*35^2)),(K63+(L63*G63)+(M63*G63^1.5)+(0.00000048314*G63^2)))) | O63: =IF(ISBLANK(D63),"",(J63*(1+0.00001*(E63-20)))) | P63: =IF(ISBLANK($R$16),"",IF(A63=0,"",IF(ISBLANK($R$17),"",IF(B63=0,"",IF($O$28=$I$29,"",IF(AND($I$29=$O$29,D63<1000),"N° Flac.",IF(AND($I$29=$O$30,D63>1000),"N° Flac.",IF(AND(D63>1202,D63<2001),"Err. N°",IF(AND(D63>499,D63<1141),"Err.N°",((((F63-$R$17)*$P$21*$P$19*5598)/($R$16-$R$17))-($P$27*1000))/((O63)-($P$26))))))))))) | Q63: =IF(ISBLANK($R$16),"",IF(A63=0,"",IF(ISBLANK($R$17),"",IF(AND(D63>1202,D63<2001),"Err. N°",IF(AND(D63>499,D63<1141),"Err.N°",IF(B63=0,"",IF($O$28=$I$29,"",IF(AND($I$29=$O$29,D63<1000),"N° Flac.",IF(AND($I$29=$O$30,D63>1000),"N° Flac.",P63/N63))))))))) | R63: =IF(ISBLANK($R$16),"",IF(A63=0,"",IF(ISBLANK($R$17),"",IF(B63=0,"",IF(ISBLANK(J63),"",IF(AND(D63>1202,D63<2001),"Err. N°",IF(AND(D63>499,D63<1141),"Err.N°",IF($I$29=$O$28,"",IF(AND($I$29=$O$29,D63<1000),"N° Flac.",IF(AND($I$29=$O$30,D63>1000),"N° Flac.",((44.66*P63)))))))))))) | S63: =IF(ISBLANK($R$16),"",IF(A63=0,"",IF(ISBLANK($R$17),"",IF(B63=0,"",IF(ISBLANK(J63),"",IF(AND(D63>1202,D63<2001),"Err. N°",IF(AND(D63>499,D63<1141),"Err.N°",IF($I$29=$O$28,"",IF(AND($I$29=$O$29,D63<1000),"N° Flac.",IF(AND($I$29=$O$30,D63>1000),"N° Flac.",((44.66*P63)/N63)))))))))))
J64: =IF(ISBLANK(D64),"",IF(VLOOKUP(D64,'Volumes flacons'!$A$5:$C$1002,2)=0,"",IF(D64>'Volumes flacons'!$A$1002,"Mauvais numéro",IF(D64<'Volumes flacons'!$A$5,"Mauvais numéro",(VLOOKUP(D64,'Volumes flacons'!$A$5:$C$1002,3)))))) | K64: =IF(ISBLANK(E64),"",(0.999842594+(0.00006793952*E64)-(0.00000909529*E64^2)+(0.0000001001685*E64^3)-(0.000000001120083*E64^4)+(0.000000000006536332*E64^5))) | L64: =IF(ISBLANK(E64),"",(0.000824493-(0.0000040899*E64)+(0.000000076438*E64^2)-(0.00000000082467*E64^3)+(0.0000000000053875*E64^4))) | M64: =IF(ISBLANK(E64),"",(-0.00000572466+(0.00000010227*E64)-(0.0000000016546*E64^2))) | N64: =IF(ISBLANK(E64),"",IF(ISBLANK(G64),(K64+(L64*35)+(M64*35^1.5)+(0.00000048314*35^2)),(K64+(L64*G64)+(M64*G64^1.5)+(0.00000048314*G64^2)))) | O64: =IF(ISBLANK(D64),"",(J64*(1+0.00001*(E64-20)))) | P64: =IF(ISBLANK($R$16),"",IF(A64=0,"",IF(ISBLANK($R$17),"",IF(B64=0,"",IF($O$28=$I$29,"",IF(AND($I$29=$O$29,D64<1000),"N° Flac.",IF(AND($I$29=$O$30,D64>1000),"N° Flac.",IF(AND(D64>1202,D64<2001),"Err. N°",IF(AND(D64>499,D64<1141),"Err.N°",((((F64-$R$17)*$P$21*$P$19*5598)/($R$16-$R$17))-($P$27*1000))/((O64)-($P$26))))))))))) | Q64: =IF(ISBLANK($R$16),"",IF(A64=0,"",IF(ISBLANK($R$17),"",IF(AND(D64>1202,D64<2001),"Err. N°",IF(AND(D64>499,D64<1141),"Err.N°",IF(B64=0,"",IF($O$28=$I$29,"",IF(AND($I$29=$O$29,D64<1000),"N° Flac.",IF(AND($I$29=$O$30,D64>1000),"N° Flac.",P64/N64))))))))) | R64: =IF(ISBLANK($R$16),"",IF(A64=0,"",IF(ISBLANK($R$17),"",IF(B64=0,"",IF(ISBLANK(J64),"",IF(AND(D64>1202,D64<2001),"Err. N°",IF(AND(D64>499,D64<1141),"Err.N°",IF($I$29=$O$28,"",IF(AND($I$29=$O$29,D64<1000),"N° Flac.",IF(AND($I$29=$O$30,D64>1000),"N° Flac.",((44.66*P64)))))))))))) | S64: =IF(ISBLANK($R$16),"",IF(A64=0,"",IF(ISBLANK($R$17),"",IF(B64=0,"",IF(ISBLANK(J64),"",IF(AND(D64>1202,D64<2001),"Err. N°",IF(AND(D64>499,D64<1141),"Err.N°",IF($I$29=$O$28,"",IF(AND($I$29=$O$29,D64<1000),"N° Flac.",IF(AND($I$29=$O$30,D64>1000),"N° Flac.",((44.66*P64)/N64)))))))))))

Sheet station 07
D1: MdP = | E1: oxygene
C2: Campagne : | F2: PIRATA-FR31
C4: Données de campagne
C6: N° de station : | F6: 7 | H6: N° de palanquée : | R6: Date d'analyse : | T6: 44264
G8: Position | I8: Degrés | J8: Minutes | P8: Cardinal | Q8: Décimale
G9: Latitude | I9: 0 | J9: 29.96' | K9: N | L9: =IF(P9=M9,"+","-") -> + | M9: N | N9: E | O9: =IF(ISBLANK(I9),"",IF(ISBLANK(J9),"",IF(P9=M10,L9&N11,N11))) -> 0°29.96' | P9: N | Q9: 0.49933333
G10: Longitude | I10: 10 | J10: 00.13' | K10: W | L10: =IF(P10=N9,"+","-") -> - | M10: S | N10: W | O10: =IF(ISBLANK(I10),"",IF(ISBLANK(J10),"",IF(P10=N10,L10&N12,N12))) -> -10°00.13' | P10: W | Q10: -10.002167
G11: Prélèvement | I11: Date | J11: 44264 | N11: =I9&"°"&J9 -> 0°29.96' | O11: =IF(P9=M10,-1,1) -> 1 | P11: 2021-03-09T04:25:16z
I12: Heure | J12: 0.25763889 | N12: =I10&"°"&J10 -> 10°00.13' | O12: =IF(P10=N10,-1,1) -> -1
C13: Données :
C14: Température du laboratoire à la calibration ( t°c ) | Q14: t°c = | R14: 26.4 | S14: °C
C15: Température du laboratoire au début de la série d'analyses | Q15: t°lab = | R15: 26.4 | S15: °C
C16: Volume moyen de thiosulfate pour la titration à t°c | Q16: Vmoy.titr.t°c = | R16: 4.87518 | S16: mL | T16: identifiant de la burette : | U16: ='Correction de volume'!J7 -> 1
C17: Volume moyen de thiosulfate pour la détermination du blanc à t°c | Q17: Vmoy.titr.blanc.t°c = | R17: 0.005 | S17: mL
C18: Masse volumique de l'eau pure à la calibration | O18: ρ = | P18: =(0.999842594+(0.00006793952*$R$14)-(0.00000909529*$R$14^2)+(0.0000001001685*$R$14^3)-(0.000000001120083*$R$14^4)+(0.000000000006536332*$R$14^5)) -> 0.99667996
C19: Normalite de l'iodate (NIO3) à la température de calibration | O19: N(IO3) = | P19: =$P$24*($P$18/'Titre de l''Iodate'!E19) -> 0.019973806 | Q19: N
C20: Vol. de la prise d'essai d'iodate (VIO3) à 20°C | O20: V(IO3)20°C = | P20: ='Correction de volume'!F8 -> 5.0010585 | Q20: mL | T20: pipette n° : | U20: ='Correction de volume'!J8 -> pipette O
C21: Vol. de la prise d'essai d'iodate (VIO3) à t°c | O21: V(IO3)t°c= | P21: =P20*'Correction de volume'!$C$11/'station 07'!$P$18 -> 5.0087173 | Q21: mL
C22: Volume moyen de thiosulfate pour la titration à 20° C | O22: Vmoy.titr.20°C = | P22: =$R$16*P18/'Correction de volume'!C11 -> 4.8677253 | Q22: mL
C23: Volume moyen de thiosulfate pour la détermination du blanc à 20° C | O23: Vmoy.titr.blanc.20°C = | P23: =$R$17*P18/'Correction de volume'!C11 -> 0.0049923545 | Q23: mL | T23: 4.8754
C24: Normalite de l'iodate (NIO3) à 20°C | O24: N(IO3)20°C = | P24: ='Titre de l''Iodate'!F7 -> 0.020004395 | Q24: N | T24: 4.873
C25: Titre du thiosulfate à 20°C | O25: N(Thio)20°C = | P25: =IF(ISBLANK(R14),"",IF(ISBLANK(P21),"",IF(ISBLANK(R17),"",(($P$24*$P$20)/($P$22-$P$23))))) -> 0.020573441 | Q25: N | T25: 4.8745
C26: Volume de réactif utilisé | O26: Vreg = | P26: 2 | Q26: mL | T26: 4.876
O27: DOreg = | P27: 0.0017 | T27: 4.877
T28: =AVERAGE(T23:T27) -> 4.87518
E29: Choix de la série de flacons : | I29: IRD | O29: IRD
O30: LPO
C31: N° | D31: N° des Flacons | E31: T° prélèv. | F31: Volume de thio. | G31: Salinité | H31: Prof. Théorique | I31: Prof. Effective | J31: V. flacons 20°C | K31: masse volumique de l'eau de mer moyenne standard | L31: A | M31: B | N31: Masse volumique eau de mer à t° | O31: Vol. à t° prél. des flacons | P31: Oxygène dissous | T31: NO2 | V31: NO3 + NO2 | X31: NO3 | Z31: Phosphate | AB31: Silicate | AD31: chlorophyll-c3 | AE31: chlorophyll-c1+c2 | AF31: peridinin | AG31: 19'-butanoyloxyfucoxanthin | AH31: fucoxanthine | AI31: neoxanthin | AJ31: prasinoxanthin | AK31: violaxanthin | AL31: 19'-hexanoyloxyfucoxanthin | AM31: diadinoxanthin | AN31: alloxanthin | AO31: diatoxanthin | AP31: zeaxanthin | AQ31: lutein | AR31: divinyl chlorophyll-b | AS31: chlorophyll-b | AT31: total chlorophyll-b | AU31: alpha-carotene | AV31: beta-carotene | AW31: pheophorbide | AX31: divinyl chlorophyll-a | AY31: chlorophyll-a | AZ31: total chlorophyll-a | BA31: pheophytin_a | BB31: crocoxanthin
C33: BTL | E33: °C | F33: ml | H33: m | I33: m | J33: ml | O33: mL | P33: DOX1 | R33: DOXY | S33: DOX2 | T33: NTRI | U33: NTIW | V33: NTRZ | W33: NTZW | X33: NTRA | Y33: NTAW | Z33: PHOS | AA33: PHOW | AB33: SLCA | AC33: SLCW | AD33: CHC3 | AE33: CHCZ | AF33: PERP | AG33: BFUP | AH33: FUCP | AI33: NEXW | AJ33: PXAP | AK33: VIOW | AL33: HFUP | AM33: DXAP | AN33: AXAP | AO33: TXAP | AP33: ZXAP | AQ33: LUTW | AR33: CHBD | AS33: CH2P | AT33: CHLB | AU33: AACP | AV33: BBCP | AW33: PHEP | AX33: CHAD | AY33: CH1P | AZ33: CPHL | BA33: PHEA | BB33: CXAP
P34: ml/l | Q34: ml/kg | R34: µmol/l | S34: µmol/kg | T34: µmol/l | U34: µmol/kg | V34: µmol/l | W34: µmol/kg | X34: µmol/l | Y34: µmol/kg | Z34: µmol/l | AA34: µmol/kg | AB34: µmol/l | AC34: µmol/kg | AD34: µg.l-1 | AE34: µg.l-1 | AF34: µg.l-1 | AG34: µg.l-1 | AH34: µg.l-1 | AI34: µg.l-1 | AJ34: µg.l-1 | AK34: µg.l-1 | AL34: µg.l-1 | AM34: µg.l-1 | AN34: µg.l-1 | AO34: µg.l-1 | AP34: µg.l-1 | AQ34: µg.l-1 | AR34: µg.l-1 | AS34: µg.l-1 | AT34: µg.l-1 | AU34: µg.l-1 | AV34: µg.l-1 | AW34: µg.l-1 | AX34: µg.l-1 | AY34: µg.l-1 | AZ34: µg.l-1 | BA34: µg.l-1 | BB34: µg.l-1
P35: ml/l | Q35: ml/kg | R35: µmol/l | S35: µmol/kg | T35: µmol/l | U35: µmol/kg | V35: µmol/l | W35: µmol/kg | X35: µmol/l | Y35: µmol/kg | Z35: µmol/l | AA35: µmol/kg | AB35: µmol/l | AC35: µmol/kg | AD35: µg.l-1 | AE35: µg.l-1 | AF35: µg.l-1 | AG35: µg.l-1 | AH35: µg.l-1 | AI35: µg.l-1 | AJ35: µg.l-1 | AK35: µg.l-1 | AL35: µg.l-1 | AM35: µg.l-1 | AN35: µg.l-1 | AO35: µg.l-1 | AP35: µg.l-1 | AQ35: µg.l-1 | AR35: µg.l-1 | AS35: µg.l-1 | AT35: µg.l-1 | AU35: µg.l-1 | AV35: µg.l-1 | AW35: µg.l-1 | AX35: µg.l-1 | AY35: µg.l-1 | AZ35: µg.l-1 | BA35: µg.l-1 | BB35: µg.l-1
C36: 1 | D36: 3053 | E36: 7.7 | F36: 5.659 | G36: 34.9628 | H36: 2000 | I36: 2001 | J36: 116.42 | K36: 0.99986844 | L36: 0.00079717523 | M36: -5.0352822e-06 | N36: 1.0272895 | O36: 116.40568 | P36: 5.6682165 | Q36: 5.5176425 | R36: 253.14255 | S36: 246.41791 | T36: -0.002 | U36: -0.0019517794 | V36: 20.944 | W36: 20.439034 | X36: 20.946 | Y36: 20.440986 | Z36: 1.3626667 | AA36: 1.3298124 | AB36: 22.010333 | AC36: 21.479658
C37: 2 | D37: 3155 | E37: 8.3 | F37: 5.0025 | G37: 34.9476 | H37: 1500 | I37: 1500 | J37: 116.07 | K37: 0.99983213 | L37: 0.00079536668 | M37: -4.9898044e-06 | N37: 1.0271875 | O37: 116.05642 | P37: 5.0236768 | Q37: 4.8907107 | R37: 224.35741 | S37: 218.41914 | T37: -0.005 | U37: -0.0048795045 | V37: 23.768 | W37: 23.195213 | X37: 23.773 | Y37: 23.200092 | Z37: 1.5586667 | AA37: 1.5211042 | AB37: 19.978333 | AC37: 19.496874
C38: 3 | D38: 3230 | E38: 8.9 | F38: 3.3684 | G38: 34.5225 | H38: 800 | I38: 801 | J38: 115.77 | K38: 0.99979077 | L38: 0.00079359998 | M38: -4.9455179e-06 | N38: 1.0267605 | O38: 115.75715 | P38: 3.3850257 | Q38: 3.2968016 | R38: 151.17525 | S38: 147.23516 | T38: -0.002 | U38: -0.0019524161 | V38: 36.011 | W38: 35.154228 | X38: 36.013 | Y38: 35.15618 | Z38: 2.4066667 | AA38: 2.3494074 | AB38: 30.613333 | AC38: 29.884982
C39: 4 | D39: 3231 | E39: 11.4 | F39: 2.9246 | G39: 34.6165 | H39: 500 | I39: 500 | J39: 114.15 | K39: 0.99956583 | L39: 0.00078667123 | M39: -4.7738138e-06 | N39: 1.0264043 | O39: 114.14018 | P39: 2.9787407 | Q39: 2.9021124 | R39: 133.03056 | S39: 129.60834 | T39: -0.002 | U39: -0.0019522783 | V39: 33.85 | W39: 33.04231 | X39: 33.852 | Y39: 33.044263 | Z39: 2.1896667 | AA39: 2.1374194 | AB39: 20.255333 | AC39: 19.772024
C40: 5 | D40: 3232 | E40: 13 | F40: 2.0466 | G40: 34.9199 | H40: 300 | I40: 300 | J40: 115.71 | K40: 0.99937921 | L40: 0.00078258439 | M40: -4.6747774e-06 | N40: 1.0263315 | O40: 115.7019 | P40: 2.0498495 | Q40: 1.9972587 | R40: 91.546278 | S40: 89.197575 | T40: 0 | U40: 0 | V40: 32.11 | W40: 31.336778 | X40: 32.11 | Y40: 31.336778 | Z40: 2.0016667 | AA40: 1.9534657 | AB40: 14.234333 | AC40: 13.891565
C41: 6 | D41: 3233 | E41: 17.2 | F41: 3.3576 | G41: 35.5809 | H41: 100 | I41: 101 | J41: 117.93 | K41: 0.99874191 | L41: 0.00077303537 | M41: -4.4551129e-06 | N41: 1.0259133 | O41: 117.9267 | P41: 3.3109624 | Q41: 3.2273315 | R41: 147.86758 | S41: 144.13263 | T41: 0.027 | U41: 0.026336916 | V41: 15.689 | W41: 15.303699 | X41: 15.662 | Y41: 15.277362 | Z41: 1.0946667 | AA41: 1.0677831 | AB41: 5.7693333 | AC41: 5.6276462
C42: 7 | D42: 3237 | E42: 17.4 | F42: 3.374 | G42: 35.5806 | H42: 100 | I42: 101 | J42: 118.47 | K42: 0.9987065 | L42: 0.00077262057 | M42: -4.4461087e-06 | N42: 1.0258648 | O42: 118.46692 | P42: 3.3117973 | Q42: 3.228298 | R42: 147.90487 | S42: 144.17579 | T42: 0.03 | U42: 0.029263242 | V42: 15.771 | W42: 15.383686 | X42: 15.741 | Y42: 15.354423 | Z42: 1.0876667 | AA42: 1.0609551 | AB42: 5.7293333 | AC42: 5.588629
C43: 8 | D43: 3238 | E43: 18 | F43: 3.1813 | G43: 35.6532 | H43: 80 | I43: 82 | J43: 117.73 | K43: 0.99859758 | L43: 0.00077139679 | M43: -4.4198904e-06 | N43: 1.0257736 | O43: 117.72765 | P43: 3.1414749 | Q43: 3.0625423 | R43: 140.29827 | S43: 136.77314 | T43: 0.047 | U43: 0.045843255 | V43: 15.964 | W43: 15.571101 | X43: 15.917 | Y43: 15.525257 | Z43: 1.1016667 | AA43: 1.0745529 | AB43: 5.6103333 | AC43: 5.4722541
C44: 9 | D44: 3239 | E44: 18.6 | F44: 2.969 | G44: 35.7153 | H44: 60 | I44: 63 | J44: 113.98 | K44: 0.99848472 | L44: 0.00077020354 | M44: -4.3948634e-06 | N44: 1.025671 | O44: 113.9784 | P44: 3.0286399 | Q44: 2.9528376 | R44: 135.25906 | S44: 131.87373 | T44: 0.108 | U44: 0.10533728 | V44: 15.755 | W44: 15.366563 | X44: 15.647 | Y44: 15.261225 | Z44: 1.0676667 | AA44: 1.0413435 | AB44: 5.3703333 | AC44: 5.2379285
C45: 10 | I45: 63
C46: 11 | D46: 3240 | E46: 22.9 | F46: 3.9382 | G46: 35.8461 | H46: 40 | I46: 43 | J46: 117.01 | K46: 0.9975648 | L46: 0.00076249728 | M46: -4.2503658e-06 | N46: 1.024606 | O46: 117.01339 | P46: 3.9177564 | Q46: 3.8236713 | R46: 174.967 | S46: 170.76516 | T46: 0.086 | U46: 0.083870973 | V46: 3.787 | W46: 3.6932486 | X46: 3.701 | Y46: 3.6093776 | Z46: 0.35366667 | AA46: 0.34491125 | AB46: 2.5143333 | AC46: 2.4520882
C47: 12 | D47: 3243 | E47: 28.3 | F47: 4.4798 | G47: 34.9084 | H47: 20 | I47: 23 | J47: 116.66 | K47: 0.99615149 | L47: 0.00075473164 | M47: -4.1555716e-06 | N47: 1.0222296 | O47: 116.66968 | P47: 4.4726313 | Q47: 4.3753685 | R47: 199.74772 | S47: 195.40396 | T47: -0.003 | U47: -0.0029277964 | V47: 0.061 | W47: 0.059531861 | X47: 0.064 | Y47: 0.062459657 | Z47: 0.017666667 | AA47: 0.017241468 | AB47: 0.70033333 | AC47: 0.68347781
C48: 13 | D48: 3245 | E48: 28.4 | F48: 4.5876 | G48: 34.9035 | H48: 0 | I48: 4 | J48: 119.39 | K48: 0.99612277 | L48: 0.00075460631 | M48: -4.1547262e-06 | N48: 1.022193 | O48: 119.40003 | P48: 4.4742031 | Q48: 4.3770628 | R48: 199.81791 | S48: 195.47963 | T48: 0.036 | U48: 0.035133518 | V48: 0.047 | W48: 0.04586876 | X48: 0.011 | Y48: 0.010735242 | Z48: 0.0086666667 | AA48: 0.0084580692 | AB48: 0.70333333 | AC48: 0.68640484
C49: 14 | I49: 3
C50: 15 | I50: 3
C51: 16
C52: 17
C53: 18
C54: 19
C55: 20
A56: =IF(ISBLANK(VLOOKUP(D56,'Volumes flacons'!A5:C644,3)),0,1) -> 1 | B56: =IF(ISBLANK(D56),0,IF(ISBLANK(E56),0,IF(ISBLANK(F56),0,1))) -> 0 | C56: 22 | J56: =IF(ISBLANK(D56),"",IF(VLOOKUP(D56,'Volumes flacons'!$A$5:$C$1047,2)=0,"",IF(D56>'Volumes flacons'!$A$1047,"Mauvais numéro",IF(D56<'Volumes flacons'!$A$5,"Mauvais numéro",(VLOOKUP(D56,'Volumes flacons'!$A$5:$C$1047,3)))))) | K56: =IF(ISBLANK(E56),"",(0.999842594+(0.00006793952*E56)-(0.00000909529*E56^2)+(0.0000001001685*E56^3)-(0.000000001120083*E56^4)+(0.000000000006536332*E56^5))) | L56: =IF(ISBLANK(E56),"",(0.000824493-(0.0000040899*E56)+(0.000000076438*E56^2)-(0.00000000082467*E56^3)+(0.0000000000053875*E56^4))) | M56: =IF(ISBLANK(E56),"",(-0.00000572466+(0.00000010227*E56)-(0.0000000016546*E56^2))) | N56: =IF(ISBLANK(E56),"",IF(ISBLANK(G56),(K56+(L56*35)+(M56*35^1.5)+(0.00000048314*35^2)),(K56+(L56*G56)+(M56*G56^1.5)+(0.00000048314*G56^2)))) | O56: =IF(ISBLANK(D56),"",(J56*(1+0.00001*(E56-20)))) | P56: =IF(ISBLANK($R$16),"",IF(A56=0,"",IF(ISBLANK($R$17),"",IF(B56=0,"",IF($O$28=$I$29,"",IF(AND($I$29=$O$29,D56<1000),"N° Flac.",IF(AND($I$29=$O$30,D56>1000),"N° Flac.",IF(AND(D56>1202,D56<2001),"Err. N°",IF(AND(D56>499,D56<1141),"Err.N°",((((F56-$R$17)*$P$21*$P$19*5598)/($R$16-$R$17))-($P$27*1000))/((O56)-($P$26))))))))))) | Q56: =IF(ISBLANK($R$16),"",IF(A56=0,"",IF(ISBLANK($R$17),"",IF(AND(D56>1202,D56<2001),"Err. N°",IF(AND(D56>499,D56<1141),"Err.N°",IF(B56=0,"",IF($O$28=$I$29,"",IF(AND($I$29=$O$29,D56<1000),"N° Flac.",IF(AND($I$29=$O$30,D56>1000),"N° Flac.",P56/N56))))))))) | R56: =IF(ISBLANK($R$16),"",IF(A56=0,"",IF(ISBLANK($R$17),"",IF(B56=0,"",IF(ISBLANK(J56),"",IF(AND(D56>1202,D56<2001),"Err. N°",IF(AND(D56>499,D56<1141),"Err.N°",IF($I$29=$O$28,"",IF(AND($I$29=$O$29,D56<1000),"N° Flac.",IF(AND($I$29=$O$30,D56>1000),"N° Flac.",((44.66*P56)))))))))))) | S56: =IF(ISBLANK($R$16),"",IF(A56=0,"",IF(ISBLANK($R$17),"",IF(B56=0,"",IF(ISBLANK(J56),"",IF(AND(D56>1202,D56<2001),"Err. N°",IF(AND(D56>499,D56<1141),"Err.N°",IF($I$29=$O$28,"",IF(AND($I$29=$O$29,D56<1000),"N° Flac.",IF(AND($I$29=$O$30,D56>1000),"N° Flac.",((44.66*P56)/N56)))))))))))
A57: =IF(ISBLANK(VLOOKUP(D57,'Volumes flacons'!A5:C644,3)),0,1) -> 1 | B57: =IF(ISBLANK(D57),0,IF(ISBLANK(E57),0,IF(ISBLANK(F57),0,1))) -> 0 | C57: 23 | J57: =IF(ISBLANK(D57),"",IF(VLOOKUP(D57,'Volumes flacons'!$A$5:$C$1047,2)=0,"",IF(D57>'Volumes flacons'!$A$1047,"Mauvais numéro",IF(D57<'Volumes flacons'!$A$5,"Mauvais numéro",(VLOOKUP(D57,'Volumes flacons'!$A$5:$C$1047,3)))))) | K57: =IF(ISBLANK(E57),"",(0.999842594+(0.00006793952*E57)-(0.00000909529*E57^2)+(0.0000001001685*E57^3)-(0.000000001120083*E57^4)+(0.000000000006536332*E57^5))) | L57: =IF(ISBLANK(E57),"",(0.000824493-(0.0000040899*E57)+(0.000000076438*E57^2)-(0.00000000082467*E57^3)+(0.0000000000053875*E57^4))) | M57: =IF(ISBLANK(E57),"",(-0.00000572466+(0.00000010227*E57)-(0.0000000016546*E57^2))) | N57: =IF(ISBLANK(E57),"",IF(ISBLANK(G57),(K57+(L57*35)+(M57*35^1.5)+(0.00000048314*35^2)),(K57+(L57*G57)+(M57*G57^1.5)+(0.00000048314*G57^2)))) | O57: =IF(ISBLANK(D57),"",(J57*(1+0.00001*(E57-20)))) | P57: =IF(ISBLANK($R$16),"",IF(A57=0,"",IF(ISBLANK($R$17),"",IF(B57=0,"",IF($O$28=$I$29,"",IF(AND($I$29=$O$29,D57<1000),"N° Flac.",IF(AND($I$29=$O$30,D57>1000),"N° Flac.",IF(AND(D57>1202,D57<2001),"Err. N°",IF(AND(D57>499,D57<1141),"Err.N°",((((F57-$R$17)*$P$21*$P$19*5598)/($R$16-$R$17))-($P$27*1000))/((O57)-($P$26))))))))))) | Q57: =IF(ISBLANK($R$16),"",IF(A57=0,"",IF(ISBLANK($R$17),"",IF(AND(D57>1202,D57<2001),"Err. N°",IF(AND(D57>499,D57<1141),"Err.N°",IF(B57=0,"",IF($O$28=$I$29,"",IF(AND($I$29=$O$29,D57<1000),"N° Flac.",IF(AND($I$29=$O$30,D57>1000),"N° Flac.",P57/N57))))))))) | R57: =IF(ISBLANK($R$16),"",IF(A57=0,"",IF(ISBLANK($R$17),"",IF(B57=0,"",IF(ISBLANK(J57),"",IF(AND(D57>1202,D57<2001),"Err. N°",IF(AND(D57>499,D57<1141),"Err.N°",IF($I$29=$O$28,"",IF(AND($I$29=$O$29,D57<1000),"N° Flac.",IF(AND($I$29=$O$30,D57>1000),"N° Flac.",((44.66*P57)))))))))))) | S57: =IF(ISBLANK($R$16),"",IF(A57=0,"",IF(ISBLANK($R$17),"",IF(B57=0,"",IF(ISBLANK(J57),"",IF(AND(D57>1202,D57<2001),"Err. N°",IF(AND(D57>499,D57<1141),"Err.N°",IF($I$29=$O$28,"",IF(AND($I$29=$O$29,D57<1000),"N° Flac.",IF(AND($I$29=$O$30,D57>1000),"N° Flac.",((44.66*P57)/N57)))))))))))
A58: =IF(ISBLANK(VLOOKUP(D58,'Volumes flacons'!A5:C646,3)),0,1) -> 1 | B58: =IF(ISBLANK(D58),0,IF(ISBLANK(E58),0,IF(ISBLANK(F58),0,1))) -> 0 | C58: 24 | J58: =IF(ISBLANK(D58),"",IF(VLOOKUP(D58,'Volumes flacons'!$A$5:$C$1047,2)=0,"",IF(D58>'Volumes flacons'!$A$1047,"Mauvais numéro",IF(D58<'Volumes flacons'!$A$5,"Mauvais numéro",(VLOOKUP(D58,'Volumes flacons'!$A$5:$C$1047,3)))))) | K58: =IF(ISBLANK(E58),"",(0.999842594+(0.00006793952*E58)-(0.00000909529*E58^2)+(0.0000001001685*E58^3)-(0.000000001120083*E58^4)+(0.000000000006536332*E58^5))) | L58: =IF(ISBLANK(E58),"",(0.000824493-(0.0000040899*E58)+(0.000000076438*E58^2)-(0.00000000082467*E58^3)+(0.0000000000053875*E58^4))) | M58: =IF(ISBLANK(E58),"",(-0.00000572466+(0.00000010227*E58)-(0.0000000016546*E58^2))) | N58: =IF(ISBLANK(E58),"",IF(ISBLANK(G58),(K58+(L58*35)+(M58*35^1.5)+(0.00000048314*35^2)),(K58+(L58*G58)+(M58*G58^1.5)+(0.00000048314*G58^2)))) | O58: =IF(ISBLANK(D58),"",(J58*(1+0.00001*(E58-20)))) | P58: =IF(ISBLANK($R$16),"",IF(A58=0,"",IF(ISBLANK($R$17),"",IF(B58=0,"",IF($O$28=$I$29,"",IF(AND($I$29=$O$29,D58<1000),"N° Flac.",IF(AND($I$29=$O$30,D58>1000),"N° Flac.",IF(AND(D58>1202,D58<2001),"Err. N°",IF(AND(D58>499,D58<1141),"Err.N°",((((F58-$R$17)*$P$21*$P$19*5598)/($R$16-$R$17))-($P$27*1000))/((O58)-($P$26))))))))))) | Q58: =IF(ISBLANK($R$16),"",IF(A58=0,"",IF(ISBLANK($R$17),"",IF(AND(D58>1202,D58<2001),"Err. N°",IF(AND(D58>499,D58<1141),"Err.N°",IF(B58=0,"",IF($O$28=$I$29,"",IF(AND($I$29=$O$29,D58<1000),"N° Flac.",IF(AND($I$29=$O$30,D58>1000),"N° Flac.",P58/N58))))))))) | R58: =IF(ISBLANK($R$16),"",IF(A58=0,"",IF(ISBLANK($R$17),"",IF(B58=0,"",IF(ISBLANK(J58),"",IF(AND(D58>1202,D58<2001),"Err. N°",IF(AND(D58>499,D58<1141),"Err.N°",IF($I$29=$O$28,"",IF(AND($I$29=$O$29,D58<1000),"N° Flac.",IF(AND($I$29=$O$30,D58>1000),"N° Flac.",((44.66*P58)))))))))))) | S58: =IF(ISBLANK($R$16),"",IF(A58=0,"",IF(ISBLANK($R$17),"",IF(B58=0,"",IF(ISBLANK(J58),"",IF(AND(D58>1202,D58<2001),"Err. N°",IF(AND(D58>499,D58<1141),"Err.N°",IF($I$29=$O$28,"",IF(AND($I$29=$O$29,D58<1000),"N° Flac.",IF(AND($I$29=$O$30,D58>1000),"N° Flac.",((44.66*P58)/N58)))))))))))
J59: =IF(ISBLANK(D59),"",IF(VLOOKUP(D59,'Volumes flacons'!$A$5:$C$1047,2)=0,"",IF(D59>'Volumes flacons'!$A$1047,"Mauvais numéro",IF(D59<'Volumes flacons'!$A$5,"Mauvais numéro",(VLOOKUP(D59,'Volumes flacons'!$A$5:$C$1047,3)))))) | K59: =IF(ISBLANK(E59),"",(0.999842594+(0.00006793952*E59)-(0.00000909529*E59^2)+(0.0000001001685*E59^3)-(0.000000001120083*E59^4)+(0.000000000006536332*E59^5))) | L59: =IF(ISBLANK(E59),"",(0.000824493-(0.0000040899*E59)+(0.000000076438*E59^2)-(0.00000000082467*E59^3)+(0.0000000000053875*E59^4))) | M59: =IF(ISBLANK(E59),"",(-0.00000572466+(0.00000010227*E59)-(0.0000000016546*E59^2))) | N59: =IF(ISBLANK(E59),"",IF(ISBLANK(G59),(K59+(L59*35)+(M59*35^1.5)+(0.00000048314*35^2)),(K59+(L59*G59)+(M59*G59^1.5)+(0.00000048314*G59^2)))) | O59: =IF(ISBLANK(D59),"",(J59*(1+0.00001*(E59-20)))) | P59: =IF(ISBLANK($R$16),"",IF(A59=0,"",IF(ISBLANK($R$17),"",IF(B59=0,"",IF($O$28=$I$29,"",IF(AND($I$29=$O$29,D59<1000),"N° Flac.",IF(AND($I$29=$O$30,D59>1000),"N° Flac.",IF(AND(D59>1202,D59<2001),"Err. N°",IF(AND(D59>499,D59<1141),"Err.N°",((((F59-$R$17)*$P$21*$P$19*5598)/($R$16-$R$17))-($P$27*1000))/((O59)-($P$26))))))))))) | Q59: =IF(ISBLANK($R$16),"",IF(A59=0,"",IF(ISBLANK($R$17),"",IF(AND(D59>1202,D59<2001),"Err. N°",IF(AND(D59>499,D59<1141),"Err.N°",IF(B59=0,"",IF($O$28=$I$29,"",IF(AND($I$29=$O$29,D59<1000),"N° Flac.",IF(AND($I$29=$O$30,D59>1000),"N° Flac.",P59/N59))))))))) | R59: =IF(ISBLANK($R$16),"",IF(A59=0,"",IF(ISBLANK($R$17),"",IF(B59=0,"",IF(ISBLANK(J59),"",IF(AND(D59>1202,D59<2001),"Err. N°",IF(AND(D59>499,D59<1141),"Err.N°",IF($I$29=$O$28,"",IF(AND($I$29=$O$29,D59<1000),"N° Flac.",IF(AND($I$29=$O$30,D59>1000),"N° Flac.",((44.66*P59)))))))))))) | S59: =IF(ISBLANK($R$16),"",IF(A59=0,"",IF(ISBLANK($R$17),"",IF(B59=0,"",IF(ISBLANK(J59),"",IF(AND(D59>1202,D59<2001),"Err. N°",IF(AND(D59>499,D59<1141),"Err.N°",IF($I$29=$O$28,"",IF(AND($I$29=$O$29,D59<1000),"N° Flac.",IF(AND($I$29=$O$30,D59>1000),"N° Flac.",((44.66*P59)/N59)))))))))))
J61: =IF(ISBLANK(D61),"",IF(VLOOKUP(D61,'Volumes flacons'!$A$5:$C$1002,2)=0,"",IF(D61>'Volumes flacons'!$A$1002,"Mauvais numéro",IF(D61<'Volumes flacons'!$A$5,"Mauvais numéro",(VLOOKUP(D61,'Volumes flacons'!$A$5:$C$1002,3)))))) | K61: =IF(ISBLANK(E61),"",(0.999842594+(0.00006793952*E61)-(0.00000909529*E61^2)+(0.0000001001685*E61^3)-(0.000000001120083*E61^4)+(0.000000000006536332*E61^5))) | L61: =IF(ISBLANK(E61),"",(0.000824493-(0.0000040899*E61)+(0.000000076438*E61^2)-(0.00000000082467*E61^3)+(0.0000000000053875*E61^4))) | M61: =IF(ISBLANK(E61),"",(-0.00000572466+(0.00000010227*E61)-(0.0000000016546*E61^2))) | N61: =IF(ISBLANK(E61),"",IF(ISBLANK(G61),(K61+(L61*35)+(M61*35^1.5)+(0.00000048314*35^2)),(K61+(L61*G61)+(M61*G61^1.5)+(0.00000048314*G61^2)))) | O61: =IF(ISBLANK(D61),"",(J61*(1+0.00001*(E61-20)))) | P61: =IF(ISBLANK($R$16),"",IF(A61=0,"",IF(ISBLANK($R$17),"",IF(B61=0,"",IF($O$28=$I$29,"",IF(AND($I$29=$O$29,D61<1000),"N° Flac.",IF(AND($I$29=$O$30,D61>1000),"N° Flac.",IF(AND(D61>1202,D61<2001),"Err. N°",IF(AND(D61>499,D61<1141),"Err.N°",((((F61-$R$17)*$P$21*$P$19*5598)/($R$16-$R$17))-($P$27*1000))/((O61)-($P$26))))))))))) | Q61: =IF(ISBLANK($R$16),"",IF(A61=0,"",IF(ISBLANK($R$17),"",IF(AND(D61>1202,D61<2001),"Err. N°",IF(AND(D61>499,D61<1141),"Err.N°",IF(B61=0,"",IF($O$28=$I$29,"",IF(AND($I$29=$O$29,D61<1000),"N° Flac.",IF(AND($I$29=$O$30,D61>1000),"N° Flac.",P61/N61))))))))) | R61: =IF(ISBLANK($R$16),"",IF(A61=0,"",IF(ISBLANK($R$17),"",IF(B61=0,"",IF(ISBLANK(J61),"",IF(AND(D61>1202,D61<2001),"Err. N°",IF(AND(D61>499,D61<1141),"Err.N°",IF($I$29=$O$28,"",IF(AND($I$29=$O$29,D61<1000),"N° Flac.",IF(AND($I$29=$O$30,D61>1000),"N° Flac.",((44.66*P61)))))))))))) | S61: =IF(ISBLANK($R$16),"",IF(A61=0,"",IF(ISBLANK($R$17),"",IF(B61=0,"",IF(ISBLANK(J61),"",IF(AND(D61>1202,D61<2001),"Err. N°",IF(AND(D61>499,D61<1141),"Err.N°",IF($I$29=$O$28,"",IF(AND($I$29=$O$29,D61<1000),"N° Flac.",IF(AND($I$29=$O$30,D61>1000),"N° Flac.",((44.66*P61)/N61)))))))))))
J62: =IF(ISBLANK(D62),"",IF(VLOOKUP(D62,'Volumes flacons'!$A$5:$C$1002,2)=0,"",IF(D62>'Volumes flacons'!$A$1002,"Mauvais numéro",IF(D62<'Volumes flacons'!$A$5,"Mauvais numéro",(VLOOKUP(D62,'Volumes flacons'!$A$5:$C$1002,3)))))) | K62: =IF(ISBLANK(E62),"",(0.999842594+(0.00006793952*E62)-(0.00000909529*E62^2)+(0.0000001001685*E62^3)-(0.000000001120083*E62^4)+(0.000000000006536332*E62^5))) | L62: =IF(ISBLANK(E62),"",(0.000824493-(0.0000040899*E62)+(0.000000076438*E62^2)-(0.00000000082467*E62^3)+(0.0000000000053875*E62^4))) | M62: =IF(ISBLANK(E62),"",(-0.00000572466+(0.00000010227*E62)-(0.0000000016546*E62^2))) | N62: =IF(ISBLANK(E62),"",IF(ISBLANK(G62),(K62+(L62*35)+(M62*35^1.5)+(0.00000048314*35^2)),(K62+(L62*G62)+(M62*G62^1.5)+(0.00000048314*G62^2)))) | O62: =IF(ISBLANK(D62),"",(J62*(1+0.00001*(E62-20)))) | P62: =IF(ISBLANK($R$16),"",IF(A62=0,"",IF(ISBLANK($R$17),"",IF(B62=0,"",IF($O$28=$I$29,"",IF(AND($I$29=$O$29,D62<1000),"N° Flac.",IF(AND($I$29=$O$30,D62>1000),"N° Flac.",IF(AND(D62>1202,D62<2001),"Err. N°",IF(AND(D62>499,D62<1141),"Err.N°",((((F62-$R$17)*$P$21*$P$19*5598)/($R$16-$R$17))-($P$27*1000))/((O62)-($P$26))))))))))) | Q62: =IF(ISBLANK($R$16),"",IF(A62=0,"",IF(ISBLANK($R$17),"",IF(AND(D62>1202,D62<2001),"Err. N°",IF(AND(D62>499,D62<1141),"Err.N°",IF(B62=0,"",IF($O$28=$I$29,"",IF(AND($I$29=$O$29,D62<1000),"N° Flac.",IF(AND($I$29=$O$30,D62>1000),"N° Flac.",P62/N62))))))))) | R62: =IF(ISBLANK($R$16),"",IF(A62=0,"",IF(ISBLANK($R$17),"",IF(B62=0,"",IF(ISBLANK(J62),"",IF(AND(D62>1202,D62<2001),"Err. N°",IF(AND(D62>499,D62<1141),"Err.N°",IF($I$29=$O$28,"",IF(AND($I$29=$O$29,D62<1000),"N° Flac.",IF(AND($I$29=$O$30,D62>1000),"N° Flac.",((44.66*P62)))))))))))) | S62: =IF(ISBLANK($R$16),"",IF(A62=0,"",IF(ISBLANK($R$17),"",IF(B62=0,"",IF(ISBLANK(J62),"",IF(AND(D62>1202,D62<2001),"Err. N°",IF(AND(D62>499,D62<1141),"Err.N°",IF($I$29=$O$28,"",IF(AND($I$29=$O$29,D62<1000),"N° Flac.",IF(AND($I$29=$O$30,D62>1000),"N° Flac.",((44.66*P62)/N62)))))))))))
J63: =IF(ISBLANK(D63),"",IF(VLOOKUP(D63,'Volumes flacons'!$A$5:$C$1002,2)=0,"",IF(D63>'Volumes flacons'!$A$1002,"Mauvais numéro",IF(D63<'Volumes flacons'!$A$5,"Mauvais numéro",(VLOOKUP(D63,'Volumes flacons'!$A$5:$C$1002,3)))))) | K63: =IF(ISBLANK(E63),"",(0.999842594+(0.00006793952*E63)-(0.00000909529*E63^2)+(0.0000001001685*E63^3)-(0.000000001120083*E63^4)+(0.000000000006536332*E63^5))) | L63: =IF(ISBLANK(E63),"",(0.000824493-(0.0000040899*E63)+(0.000000076438*E63^2)-(0.00000000082467*E63^3)+(0.0000000000053875*E63^4))) | M63: =IF(ISBLANK(E63),"",(-0.00000572466+(0.00000010227*E63)-(0.0000000016546*E63^2))) | N63: =IF(ISBLANK(E63),"",IF(ISBLANK(G63),(K63+(L63*35)+(M63*35^1.5)+(0.00000048314*35^2)),(K63+(L63*G63)+(M63*G63^1.5)+(0.00000048314*G63^2)))) | O63: =IF(ISBLANK(D63),"",(J63*(1+0.00001*(E63-20)))) | P63: =IF(ISBLANK($R$16),"",IF(A63=0,"",IF(ISBLANK($R$17),"",IF(B63=0,"",IF($O$28=$I$29,"",IF(AND($I$29=$O$29,D63<1000),"N° Flac.",IF(AND($I$29=$O$30,D63>1000),"N° Flac.",IF(AND(D63>1202,D63<2001),"Err. N°",IF(AND(D63>499,D63<1141),"Err.N°",((((F63-$R$17)*$P$21*$P$19*5598)/($R$16-$R$17))-($P$27*1000))/((O63)-($P$26))))))))))) | Q63: =IF(ISBLANK($R$16),"",IF(A63=0,"",IF(ISBLANK($R$17),"",IF(AND(D63>1202,D63<2001),"Err. N°",IF(AND(D63>499,D63<1141),"Err.N°",IF(B63=0,"",IF($O$28=$I$29,"",IF(AND($I$29=$O$29,D63<1000),"N° Flac.",IF(AND($I$29=$O$30,D63>1000),"N° Flac.",P63/N63))))))))) | R63: =IF(ISBLANK($R$16),"",IF(A63=0,"",IF(ISBLANK($R$17),"",IF(B63=0,"",IF(ISBLANK(J63),"",IF(AND(D63>1202,D63<2001),"Err. N°",IF(AND(D63>499,D63<1141),"Err.N°",IF($I$29=$O$28,"",IF(AND($I$29=$O$29,D63<1000),"N° Flac.",IF(AND($I$29=$O$30,D63>1000),"N° Flac.",((44.66*P63)))))))))))) | S63: =IF(ISBLANK($R$16),"",IF(A63=0,"",IF(ISBLANK($R$17),"",IF(B63=0,"",IF(ISBLANK(J63),"",IF(AND(D63>1202,D63<2001),"Err. N°",IF(AND(D63>499,D63<1141),"Err.N°",IF($I$29=$O$28,"",IF(AND($I$29=$O$29,D63<1000),"N° Flac.",IF(AND($I$29=$O$30,D63>1000),"N° Flac.",((44.66*P63)/N63)))))))))))
J64: =IF(ISBLANK(D64),"",IF(VLOOKUP(D64,'Volumes flacons'!$A$5:$C$1002,2)=0,"",IF(D64>'Volumes flacons'!$A$1002,"Mauvais numéro",IF(D64<'Volumes flacons'!$A$5,"Mauvais numéro",(VLOOKUP(D64,'Volumes flacons'!$A$5:$C$1002,3)))))) | K64: =IF(ISBLANK(E64),"",(0.999842594+(0.00006793952*E64)-(0.00000909529*E64^2)+(0.0000001001685*E64^3)-(0.000000001120083*E64^4)+(0.000000000006536332*E64^5))) | L64: =IF(ISBLANK(E64),"",(0.000824493-(0.0000040899*E64)+(0.000000076438*E64^2)-(0.00000000082467*E64^3)+(0.0000000000053875*E64^4))) | M64: =IF(ISBLANK(E64),"",(-0.00000572466+(0.00000010227*E64)-(0.0000000016546*E64^2))) | N64: =IF(ISBLANK(E64),"",IF(ISBLANK(G64),(K64+(L64*35)+(M64*35^1.5)+(0.00000048314*35^2)),(K64+(L64*G64)+(M64*G64^1.5)+(0.00000048314*G64^2)))) | O64: =IF(ISBLANK(D64),"",(J64*(1+0.00001*(E64-20)))) | P64: =IF(ISBLANK($R$16),"",IF(A64=0,"",IF(ISBLANK($R$17),"",IF(B64=0,"",IF($O$28=$I$29,"",IF(AND($I$29=$O$29,D64<1000),"N° Flac.",IF(AND($I$29=$O$30,D64>1000),"N° Flac.",IF(AND(D64>1202,D64<2001),"Err. N°",IF(AND(D64>499,D64<1141),"Err.N°",((((F64-$R$17)*$P$21*$P$19*5598)/($R$16-$R$17))-($P$27*1000))/((O64)-($P$26))))))))))) | Q64: =IF(ISBLANK($R$16),"",IF(A64=0,"",IF(ISBLANK($R$17),"",IF(AND(D64>1202,D64<2001),"Err. N°",IF(AND(D64>499,D64<1141),"Err.N°",IF(B64=0,"",IF($O$28=$I$29,"",IF(AND($I$29=$O$29,D64<1000),"N° Flac.",IF(AND($I$29=$O$30,D64>1000),"N° Flac.",P64/N64))))))))) | R64: =IF(ISBLANK($R$16),"",IF(A64=0,"",IF(ISBLANK($R$17),"",IF(B64=0,"",IF(ISBLANK(J64),"",IF(AND(D64>1202,D64<2001),"Err. N°",IF(AND(D64>499,D64<1141),"Err.N°",IF($I$29=$O$28,"",IF(AND($I$29=$O$29,D64<1000),"N° Flac.",IF(AND($I$29=$O$30,D64>1000),"N° Flac.",((44.66*P64)))))))))))) | S64: =IF(ISBLANK($R$16),"",IF(A64=0,"",IF(ISBLANK($R$17),"",IF(B64=0,"",IF(ISBLANK(J64),"",IF(AND(D64>1202,D64<2001),"Err. N°",IF(AND(D64>499,D64<1141),"Err.N°",IF($I$29=$O$28,"",IF(AND($I$29=$O$29,D64<1000),"N° Flac.",IF(AND($I$29=$O$30,D64>1000),"N° Flac.",((44.66*P64)/N64)))))))))))

Sheet station 08
D1: MdP = | E1: oxygene
C2: Campagne : | F2: PIRATA-FR31
C4: Données de campagne
C6: N° de station : | H6: N° de palanquée : | R6: Date d'analyse :
G8: Position | I8: Degrés | J8: Minutes | P8: Cardinal | Q8: Décimale
G9: Latitude | I9: 0 | J9: 00.39' | K9: N | L9: =IF(P9=M9,"+","-") -> + | M9: N | N9: E | O9: =IF(ISBLANK(I9),"",IF(ISBLANK(J9),"",IF(P9=M10,L9&N11,N11))) -> 0°00.39' | P9: N | Q9: 0.0065
G10: Longitude | I10: 9 | J10: 52.32' | K10: W | L10: =IF(P10=N9,"+","-") -> - | M10: S | N10: W | O10: =IF(ISBLANK(I10),"",IF(ISBLANK(J10),"",IF(P10=N10,L10&N12,N12))) -> -9°52.32' | P10: W | Q10: -9.872
G11: Prélèvement | I11: Date | N11: =I9&"°"&J9 -> 0°00.39' | O11: =IF(P9=M10,-1,1) -> 1 | P11: 2021-03-09T19:25:36z
I12: Heure | N12: =I10&"°"&J10 -> 9°52.32' | O12: =IF(P10=N10,-1,1) -> -1
C13: Données :
C14: Température du laboratoire à la calibration ( t°c ) | Q14: t°c = | R14: 25.4 | S14: °C
C15: Température du laboratoire au début de la série d'analyses | Q15: t°lab = | R15: 25.4 | S15: °C
C16: Volume moyen de thiosulfate pour la titration à t°c | Q16: Vmoy.titr.t°c = | R16: 4.8764 | S16: mL | T16: identifiant de la burette : | U16: ='Correction de volume'!J7 -> 1
C17: Volume moyen de thiosulfate pour la détermination du blanc à t°c | Q17: Vmoy.titr.blanc.t°c = | R17: 0.005 | S17: mL
C18: Masse volumique de l'eau pure à la calibration | O18: ρ = | P18: =(0.999842594+(0.00006793952*$R$14)-(0.00000909529*$R$14^2)+(0.0000001001685*$R$14^3)-(0.000000001120083*$R$14^4)+(0.000000000006536332*$R$14^5)) -> 0.9969447
C19: Normalite de l'iodate (NIO3) à la température de calibration | O19: N(IO3) = | P19: =$P$24*($P$18/'Titre de l''Iodate'!E19) -> 0.019979112 | Q19: N
C20: Vol. de la prise d'essai d'iodate (VIO3) à 20°C | O20: V(IO3)20°C = | P20: ='Correction de volume'!F8 -> 5.0010585 | Q20: mL | T20: pipette n° : | U20: ='Correction de volume'!J8 -> pipette O
C21: Vol. de la prise d'essai d'iodate (VIO3) à t°c | O21: V(IO3)t°c= | P21: =P20*'Correction de volume'!$C$11/'station 08'!$P$18 -> 5.0073872 | Q21: mL
C22: Volume moyen de thiosulfate pour la titration à 20° C | O22: Vmoy.titr.20°C = | P22: =$R$16*P18/'Correction de volume'!C11 -> 4.8702368 | Q22: mL
C23: Volume moyen de thiosulfate pour la détermination du blanc à 20° C | O23: Vmoy.titr.blanc.20°C = | P23: =$R$17*P18/'Correction de volume'!C11 -> 0.0049936806 | Q23: mL | T23: 4.8766
C24: Normalite de l'iodate (NIO3) à 20°C | O24: N(IO3)20°C = | P24: ='Titre de l''Iodate'!F7 -> 0.020004395 | Q24: N | T24: 4.8733
C25: Titre du thiosulfate à 20°C | O25: N(Thio)20°C = | P25: =IF(ISBLANK(R14),"",IF(ISBLANK(P21),"",IF(ISBLANK(R17),"",(($P$24*$P$20)/($P$22-$P$23))))) -> 0.020562826 | Q25: N | T25: 4.877
C26: Volume de réactif utilisé | O26: Vreg = | P26: 2 | Q26: mL | T26: 4.8769
O27: DOreg = | P27: 0.0017 | T27: 4.8782
T28: =AVERAGE(T23:T27) -> 4.8764
E29: Choix de la série de flacons : | I29: IRD | O29: IRD
O30: LPO
C31: N° | D31: N° des Flacons | E31: T° prélèv. | F31: Volume de thio. | G31: Salinité | H31: Prof. Théorique | I31: Prof. Effective | J31: V. flacons 20°C | K31: masse volumique de l'eau de mer moyenne standard | L31: A | M31: B | N31: Masse volumique eau de mer à t° | O31: Vol. à t° prél. des flacons | P31: Oxygène dissous | T31: NO2 | V31: NO3 + NO2 | X31: NO3 | Z31: Phosphate | AB31: Silicate | AD31: chlorophyll-c3 | AE31: chlorophyll-c1+c2 | AF31: peridinin | AG31: 19'-butanoyloxyfucoxanthin | AH31: fucoxanthine | AI31: neoxanthin | AJ31: prasinoxanthin | AK31: violaxanthin | AL31: 19'-hexanoyloxyfucoxanthin | AM31: diadinoxanthin | AN31: alloxanthin | AO31: diatoxanthin | AP31: zeaxanthin | AQ31: lutein | AR31: divinyl chlorophyll-b | AS31: chlorophyll-b | AT31: total chlorophyll-b | AU31: alpha-carotene | AV31: beta-carotene | AW31: pheophorbide | AX31: divinyl chlorophyll-a | AY31: chlorophyll-a | AZ31: total chlorophyll-a | BA31: pheophytin_a | BB31: crocoxanthin
C33: BTL | E33: °C | F33: ml | H33: m | I33: m | J33: ml | O33: mL | P33: DOX1 | R33: DOXY | S33: DOX2 | T33: NTRI | U33: NTIW | V33: NTRZ | W33: NTZW | X33: NTRA | Y33: NTAW | Z33: PHOS | AA33: PHOW | AB33: SLCA | AC33: SLCW | AD33: CHC3 | AE33: CHCZ | AF33: PERP | AG33: BFUP | AH33: FUCP | AI33: NEXW | AJ33: PXAP | AK33: VIOW | AL33: HFUP | AM33: DXAP | AN33: AXAP | AO33: TXAP | AP33: ZXAP | AQ33: LUTW | AR33: CHBD | AS33: CH2P | AT33: CHLB | AU33: AACP | AV33: BBCP | AW33: PHEP | AX33: CHAD | AY33: CH1P | AZ33: CPHL | BA33: PHEA | BB33: CXAP
P34: ml/l | Q34: ml/kg | R34: µmol/l | S34: µmol/kg | T34: µmol/l | U34: µmol/kg | V34: µmol/l | W34: µmol/kg | X34: µmol/l | Y34: µmol/kg | Z34: µmol/l | AA34: µmol/kg | AB34: µmol/l | AC34: µmol/kg | AD34: µg.l-1 | AE34: µg.l-1 | AF34: µg.l-1 | AG34: µg.l-1 | AH34: µg.l-1 | AI34: µg.l-1 | AJ34: µg.l-1 | AK34: µg.l-1 | AL34: µg.l-1 | AM34: µg.l-1 | AN34: µg.l-1 | AO34: µg.l-1 | AP34: µg.l-1 | AQ34: µg.l-1 | AR34: µg.l-1 | AS34: µg.l-1 | AT34: µg.l-1 | AU34: µg.l-1 | AV34: µg.l-1 | AW34: µg.l-1 | AX34: µg.l-1 | AY34: µg.l-1 | AZ34: µg.l-1 | BA34: µg.l-1 | BB34: µg.l-1
P35: ml/l | Q35: ml/kg | R35: µmol/l | S35: µmol/kg | T35: µmol/l | U35: µmol/kg | V35: µmol/l | W35: µmol/kg | X35: µmol/l | Y35: µmol/kg | Z35: µmol/l | AA35: µmol/kg | AB35: µmol/l | AC35: µmol/kg | AD35: µg.l-1 | AE35: µg.l-1 | AF35: µg.l-1 | AG35: µg.l-1 | AH35: µg.l-1 | AI35: µg.l-1 | AJ35: µg.l-1 | AK35: µg.l-1 | AL35: µg.l-1 | AM35: µg.l-1 | AN35: µg.l-1 | AO35: µg.l-1 | AP35: µg.l-1 | AQ35: µg.l-1 | AR35: µg.l-1 | AS35: µg.l-1 | AT35: µg.l-1 | AU35: µg.l-1 | AV35: µg.l-1 | AW35: µg.l-1 | AX35: µg.l-1 | AY35: µg.l-1 | AZ35: µg.l-1 | BA35: µg.l-1 | BB35: µg.l-1
C36: 1 | D36: 3166 | E36: 6.6 | F36: 5.6262 | G36: 34.9621 | H36: 2000 | I36: 2001 | J36: 115.58 | K36: 0.99992156 | L36: 0.00080060243 | M36: -5.1217524e-06 | N36: 1.0274441 | O36: 115.56451 | P36: 5.6755624 | Q36: 5.5239624 | R36: 253.47061 | S36: 246.70016 | T36: 0 | U36: 0 | V36: 20.747 | W36: 20.246763 | X36: 20.747 | Y36: 20.246763 | Z36: 1.3646667 | AA36: 1.3317628 | AB36: 21.633333 | AC36: 21.111726
C37: 2 | D37: 3167 | E37: 7.4 | F37: 5.0833 | G37: 34.94815 | H37: 1500 | I37: 1500 | J37: 117.58 | K37: 0.99988467 | L37: 0.00079809546 | M37: -5.0584679e-06 | N37: 1.0273216 | O37: 117.56518 | P37: 5.0372251 | Q37: 4.9032601 | R37: 224.96247 | S37: 218.9796 | T37: -0.001 | U37: -0.00097589873 | V37: 23.611 | W37: 23.041945 | X37: 23.612 | Y37: 23.042921 | Z37: 1.5276667 | AA37: 1.490848 | AB37: 19.848333 | AC37: 19.369963
C38: 3 | D38: 3230 | E38: 8.2 | F38: 3.3885 | G38: 34.5234 | H38: 800 | I38: 800 | J38: 115.77 | K38: 0.99983854 | L38: 0.00079566517 | M38: -4.9973013e-06 | N38: 1.0268698 | O38: 115.75634 | P38: 3.4045119 | Q38: 3.3154272 | R38: 152.0455 | S38: 148.06698 | T38: 0.005 | U38: 0.0048810308 | V38: 36.192 | W38: 35.330853 | X38: 36.187 | Y38: 35.325972 | Z38: 2.4096667 | AA38: 2.3523314 | AB38: 30.838333 | AC38: 30.104571
C39: 4 | D39: 3231 | E39: 10.7 | F39: 2.6963 | G39: 34.6735 | H39: 500 | I39: 501 | J39: 114.15 | K39: 0.99963717 | L39: 0.00078854282 | M39: -4.8198062e-06 | N39: 1.0265755 | O39: 114.13938 | P39: 2.7439591 | Q39: 2.6729248 | R39: 122.54521 | S39: 119.37282 | T39: 0.003 | U39: 0.0029282973 | V39: 33.828 | W39: 33.019481 | X39: 33.825 | Y39: 33.016553 | Z39: 2.1386667 | AA39: 2.0875506 | AB39: 18.647333 | AC39: 18.201646
C40: 5 | D40: 3232 | E40: 13.6 | F40: 1.7855 | G40: 35.0613 | H40: 300 | I40: 300 | J40: 115.71 | K40: 0.999301 | L40: 0.00078111822 | M40: -4.6398228e-06 | N40: 1.0263187 | O40: 115.70259 | P40: 1.7853204 | Q40: 1.7395381 | R40: 79.732411 | S40: 77.687771 | T40: 0.005 | U40: 0.0048790912 | V40: 31 | W40: 30.250365 | X40: 30.995 | Y40: 30.245486 | Z40: 1.9296667 | AA40: 1.8830039 | AB40: 12.553333 | AC40: 12.249772
C41: 6 | D41: 3233 | E41: 17.4 | F41: 3.4729 | G41: 35.64675 | H41: 100 | I41: 100 | J41: 117.93 | K41: 0.9987065 | L41: 0.00077262057 | M41: -4.4461087e-06 | N41: 1.0259156 | O41: 117.92693 | P41: 3.4244662 | Q41: 3.3379611 | R41: 152.93666 | S41: 149.07334 | T41: 0.038 | U41: 0.037064955 | V41: 14.361 | W41: 14.007627 | X41: 14.323 | Y41: 13.970562 | Z41: 1.0166667 | AA41: 0.99165012 | AB41: 5.2573333 | AC41: 5.1279691 | AD41: 0.0245 | AE41: 0.0133 | AF41: -9999.9999 | AG41: 0.0262 | AH41: 0.0147 | AI41: -9999.9999 | AJ41: 0.0023 | AK41: -9999.9999 | AL41: 0.0326 | AM41: 0.0025 | AN41: -9999.9999 | AO41: -9999.9999 | AP41: 0.0065 | AR41: 0.0882 | AS41: 0.0209 | AT41: 0.1091 | AU41: 0.0115 | AV41: absent | AW41: -9999.9999 | AX41: 0.0249 | AY41: 0.0729 | AZ41: 0.0978 | BA41: 0.0036
C42: 7 | D42: 3237 | E42: 18.1 | F42: 3.7574 | G42: 35.7493 | H42: 80 | I42: 80 | J42: 118.47 | K42: 0.99857905 | L42: 0.00077119581 | M42: -4.4156365e-06 | N42: 1.0258224 | O42: 118.46775 | P42: 3.6893945 | Q42: 3.5965237 | R42: 164.76836 | S42: 160.62075 | T42: 0.075 | U42: 0.073148876 | V42: 11.864 | W42: 11.571177 | X42: 11.789 | Y42: 11.498028 | Z42: 0.87266667 | AA42: 0.85112782 | AB42: 4.4393333 | AC42: 4.3297633 | AD42: 0.0313 | AE42: 0.0174 | AF42: 0.0022 | AG42: 0.032 | AH42: 0.0216 | AI42: -9999.9999 | AJ42: 0.0027 | AK42: -9999.9999 | AL42: -9999.9999 | AM42: 0.0037 | AN42: -9999.9999 | AO42: -9999.9999 | AP42: 0.0102 | AR42: 0.1561 | AS42: 0.0108 | AT42: 0.1669 | AU42: 0.0158 | AV42: absent | AW42: -9999.9999 | AX42: 0.0381 | AY42: 0.0975 | AZ42: 0.1356 | BA42: 0.0091
C43: 8 | D43: 3238 | E43: 18.2 | F43: 3.7257 | G43: 35.74805 | H43: 80 | I43: 81 | J43: 117.73 | K43: 0.9985604 | L43: 0.00077099568 | M43: -4.4114157e-06 | N43: 1.0257965 | O43: 117.72788 | P43: 3.6814904 | Q43: 3.588909 | R43: 164.41536 | S43: 160.28067 | T43: 0.077 | U43: 0.075099563 | V43: 11.892 | W43: 11.598494 | X43: 11.815 | Y43: 11.523394 | Z43: 0.88866667 | AA43: 0.86673349 | AB43: 4.5243333 | AC43: 4.4126683
C44: 9 | D44: 3239 | E44: 19 | F44: 3.4792 | G44: 35.82925 | H44: 60 | I44: 62 | J44: 113.98 | K44: 0.99840732 | L44: 0.00076942471 | M44: -4.3788406e-06 | N44: 1.0256563 | O44: 113.97886 | P44: 3.5516717 | Q44: 3.4628282 | R44: 158.61766 | S44: 154.64991 | T44: 0.153 | U44: 0.14921457 | V44: 11.827 | W44: 11.534384 | X44: 11.674 | Y44: 11.385169 | Z44: 0.85466667 | AA44: 0.83352103 | AB44: 4.3913333 | AC44: 4.2826857 | AD44: 0.0461 | AE44: 0.0276 | AF44: 0.0032 | AG44: 0.0421 | AH44: 0.0476 | AI44: -9999.9999 | AJ44: 0.0043 | AK44: 0.0013 | AL44: 0.051 | AM44: 0.0053 | AN44: -9999.9999 | AO44: -9999.9999 | AP44: 0.0208 | AR44: 0.2699 | AS44: 0.0197 | AT44: 0.2896 | AU44: 0.0283 | AV44: absent | AW44: -9999.9999 | AX44: 0.0699 | AY44: 0.158 | AZ44: 0.2279 | BA44: 0.0117
C45: 10 | D45: 3240 | E45: 21 | F45: 3.4566 | G45: 35.9321 | H45: 40 | I45: 40 | J45: 117.01 | K45: 0.99799482 | L45: 0.00076572476 | M45: -4.3066686e-06 | N45: 1.0252051 | O45: 117.01117 | P45: 3.4354397 | Q45: 3.350978 | R45: 153.42674 | S45: 149.65468 | T45: 0.293 | U45: 0.28573442 | V45: 8.774 | W45: 8.5564293 | X45: 8.481 | Y45: 8.2706949 | Z45: 0.63966667 | AA45: 0.62380472 | AB45: 3.5473333 | AC45: 3.4593694 | AD45: 0.1242 | AE45: 0.0904 | AF45: 0.0079 | AG45: 0.0888 | AH45: 0.2015 | AI45: -9999.9999 | AJ45: 0.0267 | AK45: 0.0055 | AL45: 0.1095 | AM45: 0.0167 | AN45: -9999.9999 | AO45: -9999.9999 | AP45: 0.0502 | AR45: 0.19 | AS45: 0.1742 | AT45: 0.3642 | AU45: 0.0429 | AV45: absent | AW45: -9999.9999 | AX45: 0.1085 | AY45: 0.5823 | AZ45: 0.6908 | BA45: 0.0218
C46: 11 | D46: 3243 | E46: 27.5 | F46: 4.5999 | G46: 35.2244 | H46: 20 | I46: 20 | J46: 116.66 | K46: 0.99637802 | L46: 0.00075575762 | M46: -4.1635263e-06 | N46: 1.0227282 | O46: 116.66875 | P46: 4.5919544 | Q46: 4.489907 | R46: 205.07668 | S46: 200.51925 | T46: 0.004 | U46: 0.0039027535 | V46: 0.069 | W46: 0.067322498 | X46: 0.065 | Y46: 0.063419744 | Z46: 0.025666667 | AA46: 0.025042668 | AB46: 0.74833333 | AC46: 0.73014013 | AD46: 0.0158 | AE46: 0.0163 | AF46: 0.012 | AG46: 0.0088 | AH46: 0.0214 | AI46: -9999.9999 | AJ46: 0.0029 | AK46: 0.0076 | AL46: 0.0301 | AM46: 0.0104 | AN46: -9999.9999 | AO46: -9999.9999 | AP46: 0.1796 | AR46: -9999.9999 | AS46: 0.0118 | AT46: 0.0118 | AU46: 0.0252 | AV46: absent | AW46: -9999.9999 | AX46: 0.0854 | AY46: 0.1519 | AZ46: 0.2373 | BA46: -9999.9999
C47: 12 | D47: 3245 | E47: 28.2 | F47: 4.618 | G47: 35.1312 | H47: 0 | I47: 3 | J47: 119.39 | K47: 0.99618013 | L47: 0.00075485761 | M47: -4.1564501e-06 | N47: 1.02243 | O47: 119.39979 | P47: 4.5028576 | Q47: 4.4040743 | R47: 201.09762 | S47: 196.68596 | T47: -0.004 | U47: -0.0039030641 | V47: 0.069 | W47: 0.067327855 | X47: 0.073 | Y47: 0.071230919 | Z47: 0.010666667 | AA47: 0.010408171 | AB47: 0.70733333 | AC47: 0.69019183 | AD47: 0.0067 | AE47: 0.0088 | AF47: 0.0078 | AG47: 0.005 | AH47: 0.0064 | AI47: -9999.9999 | AJ47: -9999.9999 | AK47: 0.002 | AL47: 0.0166 | AM47: 0.0067 | AN47: -9999.9999 | AO47: -9999.9999 | AP47: 0.1683 | AR47: 0.0107 | AS47: 0.0035 | AT47: 0.0142 | AU47: 0.018 | AV47: absent | AW47: -9999.9999 | AX47: 0.0684 | AY47: 0.0669 | AZ47: 0.1353 | BA47: -9999.9999
C48: 13
C49: 14
C50: 15
C51: 16
C52: 17
C53: 18
C54: 19
C55: 20
A56: =IF(ISBLANK(VLOOKUP(D56,'Volumes flacons'!A5:C644,3)),0,1) -> 1 | B56: =IF(ISBLANK(D56),0,IF(ISBLANK(E56),0,IF(ISBLANK(F56),0,1))) -> 0 | C56: 22 | J56: =IF(ISBLANK(D56),"",IF(VLOOKUP(D56,'Volumes flacons'!$A$5:$C$1047,2)=0,"",IF(D56>'Volumes flacons'!$A$1047,"Mauvais numéro",IF(D56<'Volumes flacons'!$A$5,"Mauvais numéro",(VLOOKUP(D56,'Volumes flacons'!$A$5:$C$1047,3)))))) | K56: =IF(ISBLANK(E56),"",(0.999842594+(0.00006793952*E56)-(0.00000909529*E56^2)+(0.0000001001685*E56^3)-(0.000000001120083*E56^4)+(0.000000000006536332*E56^5))) | L56: =IF(ISBLANK(E56),"",(0.000824493-(0.0000040899*E56)+(0.000000076438*E56^2)-(0.00000000082467*E56^3)+(0.0000000000053875*E56^4))) | M56: =IF(ISBLANK(E56),"",(-0.00000572466+(0.00000010227*E56)-(0.0000000016546*E56^2))) | N56: =IF(ISBLANK(E56),"",IF(ISBLANK(G56),(K56+(L56*35)+(M56*35^1.5)+(0.00000048314*35^2)),(K56+(L56*G56)+(M56*G56^1.5)+(0.00000048314*G56^2)))) | O56: =IF(ISBLANK(D56),"",(J56*(1+0.00001*(E56-20)))) | P56: =IF(ISBLANK($R$16),"",IF(A56=0,"",IF(ISBLANK($R$17),"",IF(B56=0,"",IF($O$28=$I$29,"",IF(AND($I$29=$O$29,D56<1000),"N° Flac.",IF(AND($I$29=$O$30,D56>1000),"N° Flac.",IF(AND(D56>1202,D56<2001),"Err. N°",IF(AND(D56>499,D56<1141),"Err.N°",((((F56-$R$17)*$P$21*$P$19*5598)/($R$16-$R$17))-($P$27*1000))/((O56)-($P$26))))))))))) | Q56: =IF(ISBLANK($R$16),"",IF(A56=0,"",IF(ISBLANK($R$17),"",IF(AND(D56>1202,D56<2001),"Err. N°",IF(AND(D56>499,D56<1141),"Err.N°",IF(B56=0,"",IF($O$28=$I$29,"",IF(AND($I$29=$O$29,D56<1000),"N° Flac.",IF(AND($I$29=$O$30,D56>1000),"N° Flac.",P56/N56))))))))) | R56: =IF(ISBLANK($R$16),"",IF(A56=0,"",IF(ISBLANK($R$17),"",IF(B56=0,"",IF(ISBLANK(J56),"",IF(AND(D56>1202,D56<2001),"Err. N°",IF(AND(D56>499,D56<1141),"Err.N°",IF($I$29=$O$28,"",IF(AND($I$29=$O$29,D56<1000),"N° Flac.",IF(AND($I$29=$O$30,D56>1000),"N° Flac.",((44.66*P56)))))))))))) | S56: =IF(ISBLANK($R$16),"",IF(A56=0,"",IF(ISBLANK($R$17),"",IF(B56=0,"",IF(ISBLANK(J56),"",IF(AND(D56>1202,D56<2001),"Err. N°",IF(AND(D56>499,D56<1141),"Err.N°",IF($I$29=$O$28,"",IF(AND($I$29=$O$29,D56<1000),"N° Flac.",IF(AND($I$29=$O$30,D56>1000),"N° Flac.",((44.66*P56)/N56)))))))))))
A57: =IF(ISBLANK(VLOOKUP(D57,'Volumes flacons'!A5:C644,3)),0,1) -> 1 | B57: =IF(ISBLANK(D57),0,IF(ISBLANK(E57),0,IF(ISBLANK(F57),0,1))) -> 0 | C57: 23 | J57: =IF(ISBLANK(D57),"",IF(VLOOKUP(D57,'Volumes flacons'!$A$5:$C$1047,2)=0,"",IF(D57>'Volumes flacons'!$A$1047,"Mauvais numéro",IF(D57<'Volumes flacons'!$A$5,"Mauvais numéro",(VLOOKUP(D57,'Volumes flacons'!$A$5:$C$1047,3)))))) | K57: =IF(ISBLANK(E57),"",(0.999842594+(0.00006793952*E57)-(0.00000909529*E57^2)+(0.0000001001685*E57^3)-(0.000000001120083*E57^4)+(0.000000000006536332*E57^5))) | L57: =IF(ISBLANK(E57),"",(0.000824493-(0.0000040899*E57)+(0.000000076438*E57^2)-(0.00000000082467*E57^3)+(0.0000000000053875*E57^4))) | M57: =IF(ISBLANK(E57),"",(-0.00000572466+(0.00000010227*E57)-(0.0000000016546*E57^2))) | N57: =IF(ISBLANK(E57),"",IF(ISBLANK(G57),(K57+(L57*35)+(M57*35^1.5)+(0.00000048314*35^2)),(K57+(L57*G57)+(M57*G57^1.5)+(0.00000048314*G57^2)))) | O57: =IF(ISBLANK(D57),"",(J57*(1+0.00001*(E57-20)))) | P57: =IF(ISBLANK($R$16),"",IF(A57=0,"",IF(ISBLANK($R$17),"",IF(B57=0,"",IF($O$28=$I$29,"",IF(AND($I$29=$O$29,D57<1000),"N° Flac.",IF(AND($I$29=$O$30,D57>1000),"N° Flac.",IF(AND(D57>1202,D57<2001),"Err. N°",IF(AND(D57>499,D57<1141),"Err.N°",((((F57-$R$17)*$P$21*$P$19*5598)/($R$16-$R$17))-($P$27*1000))/((O57)-($P$26))))))))))) | Q57: =IF(ISBLANK($R$16),"",IF(A57=0,"",IF(ISBLANK($R$17),"",IF(AND(D57>1202,D57<2001),"Err. N°",IF(AND(D57>499,D57<1141),"Err.N°",IF(B57=0,"",IF($O$28=$I$29,"",IF(AND($I$29=$O$29,D57<1000),"N° Flac.",IF(AND($I$29=$O$30,D57>1000),"N° Flac.",P57/N57))))))))) | R57: =IF(ISBLANK($R$16),"",IF(A57=0,"",IF(ISBLANK($R$17),"",IF(B57=0,"",IF(ISBLANK(J57),"",IF(AND(D57>1202,D57<2001),"Err. N°",IF(AND(D57>499,D57<1141),"Err.N°",IF($I$29=$O$28,"",IF(AND($I$29=$O$29,D57<1000),"N° Flac.",IF(AND($I$29=$O$30,D57>1000),"N° Flac.",((44.66*P57)))))))))))) | S57: =IF(ISBLANK($R$16),"",IF(A57=0,"",IF(ISBLANK($R$17),"",IF(B57=0,"",IF(ISBLANK(J57),"",IF(AND(D57>1202,D57<2001),"Err. N°",IF(AND(D57>499,D57<1141),"Err.N°",IF($I$29=$O$28,"",IF(AND($I$29=$O$29,D57<1000),"N° Flac.",IF(AND($I$29=$O$30,D57>1000),"N° Flac.",((44.66*P57)/N57)))))))))))
A58: =IF(ISBLANK(VLOOKUP(D58,'Volumes flacons'!A5:C646,3)),0,1) -> 1 | B58: =IF(ISBLANK(D58),0,IF(ISBLANK(E58),0,IF(ISBLANK(F58),0,1))) -> 0 | C58: 24 | J58: =IF(ISBLANK(D58),"",IF(VLOOKUP(D58,'Volumes flacons'!$A$5:$C$1047,2)=0,"",IF(D58>'Volumes flacons'!$A$1047,"Mauvais numéro",IF(D58<'Volumes flacons'!$A$5,"Mauvais numéro",(VLOOKUP(D58,'Volumes flacons'!$A$5:$C$1047,3)))))) | K58: =IF(ISBLANK(E58),"",(0.999842594+(0.00006793952*E58)-(0.00000909529*E58^2)+(0.0000001001685*E58^3)-(0.000000001120083*E58^4)+(0.000000000006536332*E58^5))) | L58: =IF(ISBLANK(E58),"",(0.000824493-(0.0000040899*E58)+(0.000000076438*E58^2)-(0.00000000082467*E58^3)+(0.0000000000053875*E58^4))) | M58: =IF(ISBLANK(E58),"",(-0.00000572466+(0.00000010227*E58)-(0.0000000016546*E58^2))) | N58: =IF(ISBLANK(E58),"",IF(ISBLANK(G58),(K58+(L58*35)+(M58*35^1.5)+(0.00000048314*35^2)),(K58+(L58*G58)+(M58*G58^1.5)+(0.00000048314*G58^2)))) | O58: =IF(ISBLANK(D58),"",(J58*(1+0.00001*(E58-20)))) | P58: =IF(ISBLANK($R$16),"",IF(A58=0,"",IF(ISBLANK($R$17),"",IF(B58=0,"",IF($O$28=$I$29,"",IF(AND($I$29=$O$29,D58<1000),"N° Flac.",IF(AND($I$29=$O$30,D58>1000),"N° Flac.",IF(AND(D58>1202,D58<2001),"Err. N°",IF(AND(D58>499,D58<1141),"Err.N°",((((F58-$R$17)*$P$21*$P$19*5598)/($R$16-$R$17))-($P$27*1000))/((O58)-($P$26))))))))))) | Q58: =IF(ISBLANK($R$16),"",IF(A58=0,"",IF(ISBLANK($R$17),"",IF(AND(D58>1202,D58<2001),"Err. N°",IF(AND(D58>499,D58<1141),"Err.N°",IF(B58=0,"",IF($O$28=$I$29,"",IF(AND($I$29=$O$29,D58<1000),"N° Flac.",IF(AND($I$29=$O$30,D58>1000),"N° Flac.",P58/N58))))))))) | R58: =IF(ISBLANK($R$16),"",IF(A58=0,"",IF(ISBLANK($R$17),"",IF(B58=0,"",IF(ISBLANK(J58),"",IF(AND(D58>1202,D58<2001),"Err. N°",IF(AND(D58>499,D58<1141),"Err.N°",IF($I$29=$O$28,"",IF(AND($I$29=$O$29,D58<1000),"N° Flac.",IF(AND($I$29=$O$30,D58>1000),"N° Flac.",((44.66*P58)))))))))))) | S58: =IF(ISBLANK($R$16),"",IF(A58=0,"",IF(ISBLANK($R$17),"",IF(B58=0,"",IF(ISBLANK(J58),"",IF(AND(D58>1202,D58<2001),"Err. N°",IF(AND(D58>499,D58<1141),"Err.N°",IF($I$29=$O$28,"",IF(AND($I$29=$O$29,D58<1000),"N° Flac.",IF(AND($I$29=$O$30,D58>1000),"N° Flac.",((44.66*P58)/N58)))))))))))
J59: =IF(ISBLANK(D59),"",IF(VLOOKUP(D59,'Volumes flacons'!$A$5:$C$1047,2)=0,"",IF(D59>'Volumes flacons'!$A$1047,"Mauvais numéro",IF(D59<'Volumes flacons'!$A$5,"Mauvais numéro",(VLOOKUP(D59,'Volumes flacons'!$A$5:$C$1047,3)))))) | K59: =IF(ISBLANK(E59),"",(0.999842594+(0.00006793952*E59)-(0.00000909529*E59^2)+(0.0000001001685*E59^3)-(0.000000001120083*E59^4)+(0.000000000006536332*E59^5))) | L59: =IF(ISBLANK(E59),"",(0.000824493-(0.0000040899*E59)+(0.000000076438*E59^2)-(0.00000000082467*E59^3)+(0.0000000000053875*E59^4))) | M59: =IF(ISBLANK(E59),"",(-0.00000572466+(0.00000010227*E59)-(0.0000000016546*E59^2))) | N59: =IF(ISBLANK(E59),"",IF(ISBLANK(G59),(K59+(L59*35)+(M59*35^1.5)+(0.00000048314*35^2)),(K59+(L59*G59)+(M59*G59^1.5)+(0.00000048314*G59^2)))) | O59: =IF(ISBLANK(D59),"",(J59*(1+0.00001*(E59-20)))) | P59: =IF(ISBLANK($R$16),"",IF(A59=0,"",IF(ISBLANK($R$17),"",IF(B59=0,"",IF($O$28=$I$29,"",IF(AND($I$29=$O$29,D59<1000),"N° Flac.",IF(AND($I$29=$O$30,D59>1000),"N° Flac.",IF(AND(D59>1202,D59<2001),"Err. N°",IF(AND(D59>499,D59<1141),"Err.N°",((((F59-$R$17)*$P$21*$P$19*5598)/($R$16-$R$17))-($P$27*1000))/((O59)-($P$26))))))))))) | Q59: =IF(ISBLANK($R$16),"",IF(A59=0,"",IF(ISBLANK($R$17),"",IF(AND(D59>1202,D59<2001),"Err. N°",IF(AND(D59>499,D59<1141),"Err.N°",IF(B59=0,"",IF($O$28=$I$29,"",IF(AND($I$29=$O$29,D59<1000),"N° Flac.",IF(AND($I$29=$O$30,D59>1000),"N° Flac.",P59/N59))))))))) | R59: =IF(ISBLANK($R$16),"",IF(A59=0,"",IF(ISBLANK($R$17),"",IF(B59=0,"",IF(ISBLANK(J59),"",IF(AND(D59>1202,D59<2001),"Err. N°",IF(AND(D59>499,D59<1141),"Err.N°",IF($I$29=$O$28,"",IF(AND($I$29=$O$29,D59<1000),"N° Flac.",IF(AND($I$29=$O$30,D59>1000),"N° Flac.",((44.66*P59)))))))))))) | S59: =IF(ISBLANK($R$16),"",IF(A59=0,"",IF(ISBLANK($R$17),"",IF(B59=0,"",IF(ISBLANK(J59),"",IF(AND(D59>1202,D59<2001),"Err. N°",IF(AND(D59>499,D59<1141),"Err.N°",IF($I$29=$O$28,"",IF(AND($I$29=$O$29,D59<1000),"N° Flac.",IF(AND($I$29=$O$30,D59>1000),"N° Flac.",((44.66*P59)/N59)))))))))))
J61: =IF(ISBLANK(D61),"",IF(VLOOKUP(D61,'Volumes flacons'!$A$5:$C$1002,2)=0,"",IF(D61>'Volumes flacons'!$A$1002,"Mauvais numéro",IF(D61<'Volumes flacons'!$A$5,"Mauvais numéro",(VLOOKUP(D61,'Volumes flacons'!$A$5:$C$1002,3)))))) | K61: =IF(ISBLANK(E61),"",(0.999842594+(0.00006793952*E61)-(0.00000909529*E61^2)+(0.0000001001685*E61^3)-(0.000000001120083*E61^4)+(0.000000000006536332*E61^5))) | L61: =IF(ISBLANK(E61),"",(0.000824493-(0.0000040899*E61)+(0.000000076438*E61^2)-(0.00000000082467*E61^3)+(0.0000000000053875*E61^4))) | M61: =IF(ISBLANK(E61),"",(-0.00000572466+(0.00000010227*E61)-(0.0000000016546*E61^2))) | N61: =IF(ISBLANK(E61),"",IF(ISBLANK(G61),(K61+(L61*35)+(M61*35^1.5)+(0.00000048314*35^2)),(K61+(L61*G61)+(M61*G61^1.5)+(0.00000048314*G61^2)))) | O61: =IF(ISBLANK(D61),"",(J61*(1+0.00001*(E61-20)))) | P61: =IF(ISBLANK($R$16),"",IF(A61=0,"",IF(ISBLANK($R$17),"",IF(B61=0,"",IF($O$28=$I$29,"",IF(AND($I$29=$O$29,D61<1000),"N° Flac.",IF(AND($I$29=$O$30,D61>1000),"N° Flac.",IF(AND(D61>1202,D61<2001),"Err. N°",IF(AND(D61>499,D61<1141),"Err.N°",((((F61-$R$17)*$P$21*$P$19*5598)/($R$16-$R$17))-($P$27*1000))/((O61)-($P$26))))))))))) | Q61: =IF(ISBLANK($R$16),"",IF(A61=0,"",IF(ISBLANK($R$17),"",IF(AND(D61>1202,D61<2001),"Err. N°",IF(AND(D61>499,D61<1141),"Err.N°",IF(B61=0,"",IF($O$28=$I$29,"",IF(AND($I$29=$O$29,D61<1000),"N° Flac.",IF(AND($I$29=$O$30,D61>1000),"N° Flac.",P61/N61))))))))) | R61: =IF(ISBLANK($R$16),"",IF(A61=0,"",IF(ISBLANK($R$17),"",IF(B61=0,"",IF(ISBLANK(J61),"",IF(AND(D61>1202,D61<2001),"Err. N°",IF(AND(D61>499,D61<1141),"Err.N°",IF($I$29=$O$28,"",IF(AND($I$29=$O$29,D61<1000),"N° Flac.",IF(AND($I$29=$O$30,D61>1000),"N° Flac.",((44.66*P61)))))))))))) | S61: =IF(ISBLANK($R$16),"",IF(A61=0,"",IF(ISBLANK($R$17),"",IF(B61=0,"",IF(ISBLANK(J61),"",IF(AND(D61>1202,D61<2001),"Err. N°",IF(AND(D61>499,D61<1141),"Err.N°",IF($I$29=$O$28,"",IF(AND($I$29=$O$29,D61<1000),"N° Flac.",IF(AND($I$29=$O$30,D61>1000),"N° Flac.",((44.66*P61)/N61)))))))))))
J62: =IF(ISBLANK(D62),"",IF(VLOOKUP(D62,'Volumes flacons'!$A$5:$C$1002,2)=0,"",IF(D62>'Volumes flacons'!$A$1002,"Mauvais numéro",IF(D62<'Volumes flacons'!$A$5,"Mauvais numéro",(VLOOKUP(D62,'Volumes flacons'!$A$5:$C$1002,3)))))) | K62: =IF(ISBLANK(E62),"",(0.999842594+(0.00006793952*E62)-(0.00000909529*E62^2)+(0.0000001001685*E62^3)-(0.000000001120083*E62^4)+(0.000000000006536332*E62^5))) | L62: =IF(ISBLANK(E62),"",(0.000824493-(0.0000040899*E62)+(0.000000076438*E62^2)-(0.00000000082467*E62^3)+(0.0000000000053875*E62^4))) | M62: =IF(ISBLANK(E62),"",(-0.00000572466+(0.00000010227*E62)-(0.0000000016546*E62^2))) | N62: =IF(ISBLANK(E62),"",IF(ISBLANK(G62),(K62+(L62*35)+(M62*35^1.5)+(0.00000048314*35^2)),(K62+(L62*G62)+(M62*G62^1.5)+(0.00000048314*G62^2)))) | O62: =IF(ISBLANK(D62),"",(J62*(1+0.00001*(E62-20)))) | P62: =IF(ISBLANK($R$16),"",IF(A62=0,"",IF(ISBLANK($R$17),"",IF(B62=0,"",IF($O$28=$I$29,"",IF(AND($I$29=$O$29,D62<1000),"N° Flac.",IF(AND($I$29=$O$30,D62>1000),"N° Flac.",IF(AND(D62>1202,D62<2001),"Err. N°",IF(AND(D62>499,D62<1141),"Err.N°",((((F62-$R$17)*$P$21*$P$19*5598)/($R$16-$R$17))-($P$27*1000))/((O62)-($P$26))))))))))) | Q62: =IF(ISBLANK($R$16),"",IF(A62=0,"",IF(ISBLANK($R$17),"",IF(AND(D62>1202,D62<2001),"Err. N°",IF(AND(D62>499,D62<1141),"Err.N°",IF(B62=0,"",IF($O$28=$I$29,"",IF(AND($I$29=$O$29,D62<1000),"N° Flac.",IF(AND($I$29=$O$30,D62>1000),"N° Flac.",P62/N62))))))))) | R62: =IF(ISBLANK($R$16),"",IF(A62=0,"",IF(ISBLANK($R$17),"",IF(B62=0,"",IF(ISBLANK(J62),"",IF(AND(D62>1202,D62<2001),"Err. N°",IF(AND(D62>499,D62<1141),"Err.N°",IF($I$29=$O$28,"",IF(AND($I$29=$O$29,D62<1000),"N° Flac.",IF(AND($I$29=$O$30,D62>1000),"N° Flac.",((44.66*P62)))))))))))) | S62: =IF(ISBLANK($R$16),"",IF(A62=0,"",IF(ISBLANK($R$17),"",IF(B62=0,"",IF(ISBLANK(J62),"",IF(AND(D62>1202,D62<2001),"Err. N°",IF(AND(D62>499,D62<1141),"Err.N°",IF($I$29=$O$28,"",IF(AND($I$29=$O$29,D62<1000),"N° Flac.",IF(AND($I$29=$O$30,D62>1000),"N° Flac.",((44.66*P62)/N62)))))))))))
J63: =IF(ISBLANK(D63),"",IF(VLOOKUP(D63,'Volumes flacons'!$A$5:$C$1002,2)=0,"",IF(D63>'Volumes flacons'!$A$1002,"Mauvais numéro",IF(D63<'Volumes flacons'!$A$5,"Mauvais numéro",(VLOOKUP(D63,'Volumes flacons'!$A$5:$C$1002,3)))))) | K63: =IF(ISBLANK(E63),"",(0.999842594+(0.00006793952*E63)-(0.00000909529*E63^2)+(0.0000001001685*E63^3)-(0.000000001120083*E63^4)+(0.000000000006536332*E63^5))) | L63: =IF(ISBLANK(E63),"",(0.000824493-(0.0000040899*E63)+(0.000000076438*E63^2)-(0.00000000082467*E63^3)+(0.0000000000053875*E63^4))) | M63: =IF(ISBLANK(E63),"",(-0.00000572466+(0.00000010227*E63)-(0.0000000016546*E63^2))) | N63: =IF(ISBLANK(E63),"",IF(ISBLANK(G63),(K63+(L63*35)+(M63*35^1.5)+(0.00000048314*35^2)),(K63+(L63*G63)+(M63*G63^1.5)+(0.00000048314*G63^2)))) | O63: =IF(ISBLANK(D63),"",(J63*(1+0.00001*(E63-20)))) | P63: =IF(ISBLANK($R$16),"",IF(A63=0,"",IF(ISBLANK($R$17),"",IF(B63=0,"",IF($O$28=$I$29,"",IF(AND($I$29=$O$29,D63<1000),"N° Flac.",IF(AND($I$29=$O$30,D63>1000),"N° Flac.",IF(AND(D63>1202,D63<2001),"Err. N°",IF(AND(D63>499,D63<1141),"Err.N°",((((F63-$R$17)*$P$21*$P$19*5598)/($R$16-$R$17))-($P$27*1000))/((O63)-($P$26))))))))))) | Q63: =IF(ISBLANK($R$16),"",IF(A63=0,"",IF(ISBLANK($R$17),"",IF(AND(D63>1202,D63<2001),"Err. N°",IF(AND(D63>499,D63<1141),"Err.N°",IF(B63=0,"",IF($O$28=$I$29,"",IF(AND($I$29=$O$29,D63<1000),"N° Flac.",IF(AND($I$29=$O$30,D63>1000),"N° Flac.",P63/N63))))))))) | R63: =IF(ISBLANK($R$16),"",IF(A63=0,"",IF(ISBLANK($R$17),"",IF(B63=0,"",IF(ISBLANK(J63),"",IF(AND(D63>1202,D63<2001),"Err. N°",IF(AND(D63>499,D63<1141),"Err.N°",IF($I$29=$O$28,"",IF(AND($I$29=$O$29,D63<1000),"N° Flac.",IF(AND($I$29=$O$30,D63>1000),"N° Flac.",((44.66*P63)))))))))))) | S63: =IF(ISBLANK($R$16),"",IF(A63=0,"",IF(ISBLANK($R$17),"",IF(B63=0,"",IF(ISBLANK(J63),"",IF(AND(D63>1202,D63<2001),"Err. N°",IF(AND(D63>499,D63<1141),"Err.N°",IF($I$29=$O$28,"",IF(AND($I$29=$O$29,D63<1000),"N° Flac.",IF(AND($I$29=$O$30,D63>1000),"N° Flac.",((44.66*P63)/N63)))))))))))
J64: =IF(ISBLANK(D64),"",IF(VLOOKUP(D64,'Volumes flacons'!$A$5:$C$1002,2)=0,"",IF(D64>'Volumes flacons'!$A$1002,"Mauvais numéro",IF(D64<'Volumes flacons'!$A$5,"Mauvais numéro",(VLOOKUP(D64,'Volumes flacons'!$A$5:$C$1002,3)))))) | K64: =IF(ISBLANK(E64),"",(0.999842594+(0.00006793952*E64)-(0.00000909529*E64^2)+(0.0000001001685*E64^3)-(0.000000001120083*E64^4)+(0.000000000006536332*E64^5))) | L64: =IF(ISBLANK(E64),"",(0.000824493-(0.0000040899*E64)+(0.000000076438*E64^2)-(0.00000000082467*E64^3)+(0.0000000000053875*E64^4))) | M64: =IF(ISBLANK(E64),"",(-0.00000572466+(0.00000010227*E64)-(0.0000000016546*E64^2))) | N64: =IF(ISBLANK(E64),"",IF(ISBLANK(G64),(K64+(L64*35)+(M64*35^1.5)+(0.00000048314*35^2)),(K64+(L64*G64)+(M64*G64^1.5)+(0.00000048314*G64^2)))) | O64: =IF(ISBLANK(D64),"",(J64*(1+0.00001*(E64-20)))) | P64: =IF(ISBLANK($R$16),"",IF(A64=0,"",IF(ISBLANK($R$17),"",IF(B64=0,"",IF($O$28=$I$29,"",IF(AND($I$29=$O$29,D64<1000),"N° Flac.",IF(AND($I$29=$O$30,D64>1000),"N° Flac.",IF(AND(D64>1202,D64<2001),"Err. N°",IF(AND(D64>499,D64<1141),"Err.N°",((((F64-$R$17)*$P$21*$P$19*5598)/($R$16-$R$17))-($P$27*1000))/((O64)-($P$26))))))))))) | Q64: =IF(ISBLANK($R$16),"",IF(A64=0,"",IF(ISBLANK($R$17),"",IF(AND(D64>1202,D64<2001),"Err. N°",IF(AND(D64>499,D64<1141),"Err.N°",IF(B64=0,"",IF($O$28=$I$29,"",IF(AND($I$29=$O$29,D64<1000),"N° Flac.",IF(AND($I$29=$O$30,D64>1000),"N° Flac.",P64/N64))))))))) | R64: =IF(ISBLANK($R$16),"",IF(A64=0,"",IF(ISBLANK($R$17),"",IF(B64=0,"",IF(ISBLANK(J64),"",IF(AND(D64>1202,D64<2001),"Err. N°",IF(AND(D64>499,D64<1141),"Err.N°",IF($I$29=$O$28,"",IF(AND($I$29=$O$29,D64<1000),"N° Flac.",IF(AND($I$29=$O$30,D64>1000),"N° Flac.",((44.66*P64)))))))))))) | S64: =IF(ISBLANK($R$16),"",IF(A64=0,"",IF(ISBLANK($R$17),"",IF(B64=0,"",IF(ISBLANK(J64),"",IF(AND(D64>1202,D64<2001),"Err. N°",IF(AND(D64>499,D64<1141),"Err.N°",IF($I$29=$O$28,"",IF(AND($I$29=$O$29,D64<1000),"N° Flac.",IF(AND($I$29=$O$30,D64>1000),"N° Flac.",((44.66*P64)/N64)))))))))))

Sheet station 09
D1: MdP = | E1: oxygene
C2: Campagne : | F2: PIRATA-FR31
C4: Données de campagne
C6: N° de station : | H6: N° de palanquée : | R6: Date d'analyse :
G8: Position | I8: Degrés | J8: Minutes | P8: Cardinal | Q8: Décimale
G9: Latitude | I9: 0 | J9: 30.27' | K9: S | L9: =IF(P9=M9,"+","-") -> + | M9: N | N9: E | O9: =IF(ISBLANK(I9),"",IF(ISBLANK(J9),"",IF(P9=M10,L9&N11,N11))) -> 0°30.27' | P9: N | Q9: -0.5045
G10: Longitude | I10: 10 | J10: 00.00' | K10: W | L10: =IF(P10=N9,"+","-") -> - | M10: S | N10: W | O10: =IF(ISBLANK(I10),"",IF(ISBLANK(J10),"",IF(P10=N10,L10&N12,N12))) -> -10°00.00' | P10: W | Q10: -10
G11: Prélèvement | I11: Date | N11: =I9&"°"&J9 -> 0°30.27' | O11: =IF(P9=M10,-1,1) -> 1 | P11: 2021-03-10T01:28:09z
I12: Heure | N12: =I10&"°"&J10 -> 10°00.00' | O12: =IF(P10=N10,-1,1) -> -1
C13: Données :
C14: Température du laboratoire à la calibration ( t°c ) | Q14: t°c = | R14: 25.4 | S14: °C
C15: Température du laboratoire au début de la série d'analyses | Q15: t°lab = | R15: 25.4 | S15: °C
C16: Volume moyen de thiosulfate pour la titration à t°c | Q16: Vmoy.titr.t°c = | R16: 4.8764 | S16: mL | T16: identifiant de la burette : | U16: ='Correction de volume'!J7 -> 1
C17: Volume moyen de thiosulfate pour la détermination du blanc à t°c | Q17: Vmoy.titr.blanc.t°c = | R17: 0.005 | S17: mL
C18: Masse volumique de l'eau pure à la calibration | O18: ρ = | P18: =(0.999842594+(0.00006793952*$R$14)-(0.00000909529*$R$14^2)+(0.0000001001685*$R$14^3)-(0.000000001120083*$R$14^4)+(0.000000000006536332*$R$14^5)) -> 0.9969447
C19: Normalite de l'iodate (NIO3) à la température de calibration | O19: N(IO3) = | P19: =$P$24*($P$18/'Titre de l''Iodate'!E19) -> 0.019979112 | Q19: N
C20: Vol. de la prise d'essai d'iodate (VIO3) à 20°C | O20: V(IO3)20°C = | P20: ='Correction de volume'!F8 -> 5.0010585 | Q20: mL | T20: pipette n° : | U20: ='Correction de volume'!J8 -> pipette O
C21: Vol. de la prise d'essai d'iodate (VIO3) à t°c | O21: V(IO3)t°c= | P21: =P20*'Correction de volume'!$C$11/'station 09'!$P$18 -> 5.0073872 | Q21: mL
C22: Volume moyen de thiosulfate pour la titration à 20° C | O22: Vmoy.titr.20°C = | P22: =$R$16*P18/'Correction de volume'!C11 -> 4.8702368 | Q22: mL
C23: Volume moyen de thiosulfate pour la détermination du blanc à 20° C | O23: Vmoy.titr.blanc.20°C = | P23: =$R$17*P18/'Correction de volume'!C11 -> 0.0049936806 | Q23: mL | T23: 4.8766
C24: Normalite de l'iodate (NIO3) à 20°C | O24: N(IO3)20°C = | P24: ='Titre de l''Iodate'!F7 -> 0.020004395 | Q24: N | T24: 4.8733
C25: Titre du thiosulfate à 20°C | O25: N(Thio)20°C = | P25: =IF(ISBLANK(R14),"",IF(ISBLANK(P21),"",IF(ISBLANK(R17),"",(($P$24*$P$20)/($P$22-$P$23))))) -> 0.020562826 | Q25: N | T25: 4.877
C26: Volume de réactif utilisé | O26: Vreg = | P26: 2 | Q26: mL | T26: 4.8769
O27: DOreg = | P27: 0.0017 | T27: 4.8782
T28: =AVERAGE(T23:T27) -> 4.8764
E29: Choix de la série de flacons : | I29: IRD | O29: IRD
O30: LPO
C31: N° | D31: N° des Flacons | E31: T° prélèv. | F31: Volume de thio. | G31: Salinité | H31: Prof. Théorique | I31: Prof. Effective | J31: V. flacons 20°C | K31: masse volumique de l'eau de mer moyenne standard | L31: A | M31: B | N31: Masse volumique eau de mer à t° | O31: Vol. à t° prél. des flacons | P31: Oxygène dissous | T31: NO2 | V31: NO3 + NO2 | X31: NO3 | Z31: Phosphate | AB31: Silicate | AD31: chlorophyll-c3 | AE31: chlorophyll-c1+c2 | AF31: peridinin | AG31: 19'-butanoyloxyfucoxanthin | AH31: fucoxanthine | AI31: neoxanthin | AJ31: prasinoxanthin | AK31: violaxanthin | AL31: 19'-hexanoyloxyfucoxanthin | AM31: diadinoxanthin | AN31: alloxanthin | AO31: diatoxanthin | AP31: zeaxanthin | AQ31: lutein | AR31: divinyl chlorophyll-b | AS31: chlorophyll-b | AT31: total chlorophyll-b | AU31: alpha-carotene | AV31: beta-carotene | AW31: pheophorbide | AX31: divinyl chlorophyll-a | AY31: chlorophyll-a | AZ31: total chlorophyll-a | BA31: pheophytin_a | BB31: crocoxanthin
C33: BTL | E33: °C | F33: ml | H33: m | I33: m | J33: ml | O33: mL | P33: DOX1 | R33: DOXY | S33: DOX2 | T33: NTRI | U33: NTIW | V33: NTRZ | W33: NTZW | X33: NTRA | Y33: NTAW | Z33: PHOS | AA33: PHOW | AB33: SLCA | AC33: SLCW | AD33: CHC3 | AE33: CHCZ | AF33: PERP | AG33: BFUP | AH33: FUCP | AI33: NEXW | AJ33: PXAP | AK33: VIOW | AL33: HFUP | AM33: DXAP | AN33: AXAP | AO33: TXAP | AP33: ZXAP | AQ33: LUTW | AR33: CHBD | AS33: CH2P | AT33: CHLB | AU33: AACP | AV33: BBCP | AW33: PHEP | AX33: CHAD | AY33: CH1P | AZ33: CPHL | BA33: PHEA | BB33: CXAP
P34: ml/l | Q34: ml/kg | R34: µmol/l | S34: µmol/kg | T34: µmol/l | U34: µmol/kg | V34: µmol/l | W34: µmol/kg | X34: µmol/l | Y34: µmol/kg | Z34: µmol/l | AA34: µmol/kg | AB34: µmol/l | AC34: µmol/kg | AD34: µg.l-1 | AE34: µg.l-1 | AF34: µg.l-1 | AG34: µg.l-1 | AH34: µg.l-1 | AI34: µg.l-1 | AJ34: µg.l-1 | AK34: µg.l-1 | AL34: µg.l-1 | AM34: µg.l-1 | AN34: µg.l-1 | AO34: µg.l-1 | AP34: µg.l-1 | AQ34: µg.l-1 | AR34: µg.l-1 | AS34: µg.l-1 | AT34: µg.l-1 | AU34: µg.l-1 | AV34: µg.l-1 | AW34: µg.l-1 | AX34: µg.l-1 | AY34: µg.l-1 | AZ34: µg.l-1 | BA34: µg.l-1 | BB34: µg.l-1
P35: ml/l | Q35: ml/kg | R35: µmol/l | S35: µmol/kg | T35: µmol/l | U35: µmol/kg | V35: µmol/l | W35: µmol/kg | X35: µmol/l | Y35: µmol/kg | Z35: µmol/l | AA35: µmol/kg | AB35: µmol/l | AC35: µmol/kg | AD35: µg.l-1 | AE35: µg.l-1 | AF35: µg.l-1 | AG35: µg.l-1 | AH35: µg.l-1 | AI35: µg.l-1 | AJ35: µg.l-1 | AK35: µg.l-1 | AL35: µg.l-1 | AM35: µg.l-1 | AN35: µg.l-1 | AO35: µg.l-1 | AP35: µg.l-1 | AQ35: µg.l-1 | AR35: µg.l-1 | AS35: µg.l-1 | AT35: µg.l-1 | AU35: µg.l-1 | AV35: µg.l-1 | AW35: µg.l-1 | AX35: µg.l-1 | AY35: µg.l-1 | AZ35: µg.l-1 | BA35: µg.l-1 | BB35: µg.l-1
C36: 1 | D36: 3246 | E36: 7.2 | F36: 5.5809 | G36: 34.9603 | H36: 2000 | I36: 2001 | J36: 114.22 | K36: 0.99989476 | L36: 0.00079871494 | M36: -5.0740905e-06 | N36: 1.0273597 | O36: 114.20538 | P36: 5.6978957 | Q36: 5.5461545 | R36: 254.46802 | S36: 247.69126 | T36: -0.001 | U36: -0.00097589212 | V36: 20.863 | W36: 20.360037 | X36: 20.864 | Y36: 20.361013 | Z36: 1.3526667 | AA36: 1.3200567 | AB36: 22.901333 | AC36: 22.349231
C37: 2 | D37: 3248 | E37: 8 | F37: 5.1526 | G37: 34.9503 | H37: 1500 | I37: 1503 | J37: 118.49 | K37: 0.99985092 | L37: 0.00079626567 | M37: -5.0123944e-06 | N37: 1.0272351 | O37: 118.47578 | P37: 5.0662459 | Q37: 4.9319242 | R37: 226.25854 | S37: 220.25973 | T37: 0 | U37: 0 | V37: 23.771 | W37: 23.198071 | X37: 23.771 | Y37: 23.198071 | Z37: 1.5386667 | AA37: 1.5015817 | AB37: 19.877333 | AC37: 19.39825
C38: 3 | D38: 3249 | E38: 8.6 | F38: 3.561 | G38: 34.5178 | H38: 800 | I38: 800 | J38: 119.99 | K38: 0.99981208 | L38: 0.00079447815 | M38: -4.9675122e-06 | N38: 1.026804 | O38: 119.97632 | P38: 3.4508307 | Q38: 3.3607493 | R38: 154.1141 | S38: 150.09106 | T38: -0.002 | U38: -0.0019524222 | V38: 36.176 | W38: 35.315413 | X38: 36.178 | Y38: 35.317365 | Z38: 2.3836667 | AA38: 2.3269619 | AB38: 31.270333 | AC38: 30.526447
C39: 4 | D39: 3250 | E39: 10.3 | F39: 3.0803 | G39: 34.5976 | H39: 500 | I39: 501 | J39: 117.21 | K39: 0.99967506 | L39: 0.00078963584 | M39: -4.8468155e-06 | N39: 1.0265865 | O39: 117.19863 | P39: 3.0543117 | Q39: 2.9752111 | R39: 136.40556 | S39: 132.87293 | T39: -0.001 | U39: -0.00097615289 | V39: 34.22 | W39: 33.403952 | X39: 34.221 | Y39: 33.404928 | Z39: 2.1826667 | AA39: 2.1306164 | AB39: 20.693333 | AC39: 20.199857
C40: 5 | D40: 3252 | E40: 14 | F40: 1.7525 | G40: 35.0645 | H40: 300 | I40: 302 | J40: 113.95 | K40: 0.99924642 | L40: 0.00078016032 | M40: -4.6171816e-06 | N40: 1.0262377 | O40: 113.94316 | P40: 1.7794898 | Q40: 1.7339938 | R40: 79.472014 | S40: 77.440163 | T40: 0.005 | U40: 0.0048790916 | V40: 31.175 | W40: 30.421136 | X40: 31.17 | Y40: 30.416257 | Z40: 1.8896667 | AA40: 1.8439713 | AB40: 12.406333 | AC40: 12.106327
C41: 6 | D41: 3253 | E41: 18 | F41: 3.3678 | G41: 35.67045 | H41: 100 | I41: 100 | J41: 111.66 | K41: 0.99859758 | L41: 0.00077139679 | M41: -4.4198904e-06 | N41: 1.0257868 | O41: 111.65777 | P41: 3.5100571 | Q41: 3.4218195 | R41: 156.75915 | S41: 152.81846 | T41: 0.056 | U41: 0.054620991 | V41: 13.857 | W41: 13.515769 | X41: 13.801 | Y41: 13.461148 | Z41: 0.97466667 | AA41: 0.95066534 | AB41: 5.0023333 | AC41: 4.87915
C42: 7 | D42: 3254 | E42: 18.7 | F42: 3.668 | G42: 35.85645 | H42: 80 | I42: 81 | J42: 115.36 | K42: 0.99846553 | L42: 0.00077000759 | M42: -4.3908081e-06 | N42: 1.0257537 | O42: 115.3585 | P42: 3.6999218 | Q42: 3.6070275 | R42: 165.23851 | S42: 161.08985 | T42: 0.151 | U42: 0.14726162 | V42: 10.891 | W42: 10.621366 | X42: 10.74 | Y42: 10.474104 | Z42: 0.81966667 | AA42: 0.79937377 | AB42: 3.9293333 | AC42: 3.8320529
C43: 8 | D43: 3255 | E43: 20.4 | F43: 3.8419 | G43: 36.11835 | H43: 60 | I43: 61 | J43: 115.95 | K43: 0.99812297 | L43: 0.00076680136 | M43: -4.3269303e-06 | N43: 1.0255096 | O43: 115.95046 | P43: 3.8561496 | Q43: 3.7602277 | R43: 172.21564 | S43: 167.93177 | T43: 0.194 | U43: 0.18916287 | V43: 7.616 | W43: 7.4261053 | X43: 7.422 | Y43: 7.2369425 | Z43: 0.64466667 | AA43: 0.62859278 | AB43: 2.9513333 | AC43: 2.8777458
C44: 9 | D44: 3256 | E44: 20.6 | F44: 3.9786 | G44: 36.0953 | H44: 60 | I44: 62 | J44: 120.07 | K44: 0.99808067 | L44: 0.00076643936 | M44: -4.3200441e-06 | N44: 1.0254382 | O44: 120.07072 | P44: 3.8546879 | Q44: 3.7590643 | R44: 172.15036 | S44: 167.87981 | T44: 0.188 | U44: 0.18331523 | V44: 7.782 | W44: 7.5880804 | X44: 7.594 | Y44: 7.4047652 | Z44: 0.64766667 | AA44: 0.63152747 | AB44: 3.0893333 | AC44: 3.0123503
C45: 10 | I45: 62
C46: 11 | D46: 3260 | E46: 21.2 | F46: 3.6136 | G46: 36.0596 | H46: 40 | I46: 40 | J46: 118.33 | K46: 0.99795128 | L46: 0.00076537211 | M46: -4.3001794e-06 | N46: 1.0252474 | O46: 118.33142 | P46: 3.5516069 | Q46: 3.4641463 | R46: 158.61477 | S46: 154.70878 | T46: 0.338 | U46: 0.32957667 | V46: 8.913 | W46: 8.6908783 | X46: 8.575 | Y46: 8.3613016 | Z46: 0.67266667 | AA46: 0.65590308 | AB46: 3.2963333 | AC46: 3.2141851
C47: 12 | D47: 3261 | E47: 25.5 | F47: 4.639 | G47: 35.7496 | H47: 20 | I47: 20 | J47: 116.76 | K47: 0.99691865 | L47: 0.00075850817 | M47: -4.1926786e-06 | N47: 1.0237563 | O47: 116.76642 | P47: 4.6272141 | Q47: 4.5198395 | R47: 206.65138 | S47: 201.85603 | T47: 0.017 | U47: 0.016580073 | V47: 0.316 | W47: 0.30819429 | X47: 0.299 | Y47: 0.29161422 | Z47: 0.12266667 | AA47: 0.1196366 | AB47: 0.61833333 | AC47: 0.6030595
C48: 13 | D48: 3263 | E48: 26.5 | F48: 4.5622 | G48: 35.2801 | H48: 0 | I48: 4 | J48: 116.09 | K48: 0.99665297 | L48: 0.00075709931 | M48: -4.1764479e-06 | N48: 1.0230897 | O48: 116.09755 | P48: 4.5769563 | Q48: 4.4736609 | R48: 204.40687 | S48: 199.7937 | T48: -0.004 | U48: -0.003902626 | V48: 0.061 | W48: 0.059515046 | X48: 0.065 | Y48: 0.063417672 | Z48: 0.022666667 | AA48: 0.02211488 | AB48: 0.68933333 | AC48: 0.67255254
C49: 14 | I49: 4
C50: 15 | I50: 4
C51: 16
C52: 17
C53: 18
C54: 19
C55: 20
A56: =IF(ISBLANK(VLOOKUP(D56,'Volumes flacons'!A5:C644,3)),0,1) -> 1 | B56: =IF(ISBLANK(D56),0,IF(ISBLANK(E56),0,IF(ISBLANK(F56),0,1))) -> 0 | C56: 22 | J56: =IF(ISBLANK(D56),"",IF(VLOOKUP(D56,'Volumes flacons'!$A$5:$C$1047,2)=0,"",IF(D56>'Volumes flacons'!$A$1047,"Mauvais numéro",IF(D56<'Volumes flacons'!$A$5,"Mauvais numéro",(VLOOKUP(D56,'Volumes flacons'!$A$5:$C$1047,3)))))) | K56: =IF(ISBLANK(E56),"",(0.999842594+(0.00006793952*E56)-(0.00000909529*E56^2)+(0.0000001001685*E56^3)-(0.000000001120083*E56^4)+(0.000000000006536332*E56^5))) | L56: =IF(ISBLANK(E56),"",(0.000824493-(0.0000040899*E56)+(0.000000076438*E56^2)-(0.00000000082467*E56^3)+(0.0000000000053875*E56^4))) | M56: =IF(ISBLANK(E56),"",(-0.00000572466+(0.00000010227*E56)-(0.0000000016546*E56^2))) | N56: =IF(ISBLANK(E56),"",IF(ISBLANK(G56),(K56+(L56*35)+(M56*35^1.5)+(0.00000048314*35^2)),(K56+(L56*G56)+(M56*G56^1.5)+(0.00000048314*G56^2)))) | O56: =IF(ISBLANK(D56),"",(J56*(1+0.00001*(E56-20)))) | P56: =IF(ISBLANK($R$16),"",IF(A56=0,"",IF(ISBLANK($R$17),"",IF(B56=0,"",IF($O$28=$I$29,"",IF(AND($I$29=$O$29,D56<1000),"N° Flac.",IF(AND($I$29=$O$30,D56>1000),"N° Flac.",IF(AND(D56>1202,D56<2001),"Err. N°",IF(AND(D56>499,D56<1141),"Err.N°",((((F56-$R$17)*$P$21*$P$19*5598)/($R$16-$R$17))-($P$27*1000))/((O56)-($P$26))))))))))) | Q56: =IF(ISBLANK($R$16),"",IF(A56=0,"",IF(ISBLANK($R$17),"",IF(AND(D56>1202,D56<2001),"Err. N°",IF(AND(D56>499,D56<1141),"Err.N°",IF(B56=0,"",IF($O$28=$I$29,"",IF(AND($I$29=$O$29,D56<1000),"N° Flac.",IF(AND($I$29=$O$30,D56>1000),"N° Flac.",P56/N56))))))))) | R56: =IF(ISBLANK($R$16),"",IF(A56=0,"",IF(ISBLANK($R$17),"",IF(B56=0,"",IF(ISBLANK(J56),"",IF(AND(D56>1202,D56<2001),"Err. N°",IF(AND(D56>499,D56<1141),"Err.N°",IF($I$29=$O$28,"",IF(AND($I$29=$O$29,D56<1000),"N° Flac.",IF(AND($I$29=$O$30,D56>1000),"N° Flac.",((44.66*P56)))))))))))) | S56: =IF(ISBLANK($R$16),"",IF(A56=0,"",IF(ISBLANK($R$17),"",IF(B56=0,"",IF(ISBLANK(J56),"",IF(AND(D56>1202,D56<2001),"Err. N°",IF(AND(D56>499,D56<1141),"Err.N°",IF($I$29=$O$28,"",IF(AND($I$29=$O$29,D56<1000),"N° Flac.",IF(AND($I$29=$O$30,D56>1000),"N° Flac.",((44.66*P56)/N56)))))))))))
