Workbook

Sheet 001_01
C2: Campagne : | F2: PIRATA Fr29
C4: Données de campagne
C6: N° de station : | F6: 1 | H6: N° de palanquée : | P6: 1 | R6: Date d'analyse : | T6: 42065
G8: Position | I8: Degrés | J8: Minutes | P8: Cardinal | Q8: Décimale
G9: Latitude | I9: 12 | J9: 29.57 | K9: : | L9: =IF(P9=M9,"+","-") -> + | M9: N | N9: E | O9: =IF(ISBLANK(I9),"",IF(ISBLANK(J9),"",IF(P9=M10,L9&N11,N11))) -> 12°29,57 | P9: N | Q9: =IF(ISBLANK(I9),"",IF(ISBLANK(J9),"",IF(J9>60,"ERREUR !!",O11*(I9+(J9/60))))) -> 12.492833
G10: Longitude | I10: 23 | J10: 20.56 | K10: : | L10: =IF(P10=N9,"+","-") -> - | M10: S | N10: W | O10: =IF(ISBLANK(I10),"",IF(ISBLANK(J10),"",IF(P10=N10,L10&N12,N12))) -> -23°20,56 | P10: W | Q10: =IF(ISBLANK(I10),"",IF(ISBLANK(J10),"",IF(J10>60,"ERREUR !!",O12*(I10+(J10/60))))) -> -23.342667
G11: Prélèvement | I11: Date | J11: 42064 | N11: =I9&"°"&J9 -> 12°29,57 | O11: =IF(P9=M10,-1,1) -> 1 | P11: =TEXT(J11,"aaaa-mm-jj")&"T"&TEXT(J12,"hh:mm:ss")&"z" -> 2019-03-02T17:46:13z | V11: 4.977
I12: Heure | J12: 0.74042824 | N12: =I10&"°"&J10 -> 23°20,56 | O12: =IF(P10=N10,-1,1) -> -1 | V12: 4.984
C13: Données : | V13: 4.989
C14: Température du laboratoire à la calibration ( t°c ) | Q14: t°c = | R14: 21.8 | S14: °C | V14: 4.9833
C15: Température du laboratoire au début de la série d'analyses | Q15: t°lab = | R15: 21.8 | S15: °C | V15: 4.9817
C16: Volume moyen de thiosulfate pour la titration à t°c | Q16: Vmoy.titr.t°c = | R16: 4.983 | S16: mL | V16: =AVERAGE(V11:V15) -> 4.983
C17: Volume moyen de thiosulfate pour la détermination du blanc à t°c | Q17: Vmoy.titr.blanc.t°c = | R17: 0.006 | S17: mL
C18: Masse volumique de l'eau pure à la calibration | O18: ρ = | P18: =(0.999842594+(0.00006793952*$R$14)-(0.00000909529*$R$14^2)+(0.0000001001685*$R$14^3)-(0.000000001120083*$R$14^4)+(0.000000000006536332*$R$14^5)) -> 0.99781821
C19: Normalite de l'iodate (NIO3) à la température de calibration | O19: N(IO3) = | P19: =$P$24*($P$18/'Titre d''iodate'!E19) -> 0.020021743 | Q19: N
C20: Vol. de la prise d'essai d'iodate (VIO3) à 20°C | O20: V(IO3)20°C = | P20: =5+'Correction de volume'!G8 -> 5.0112146 | Q20: mL
C21: Vol. de la prise d'essai d'iodate (VIO3) à t°c | O21: V(IO3)t°c= | P21: =P20*(1+0.00001*(R14-20)) -> 5.0113048 | Q21: mL
C22: Volume moyen de thiosulfate pour la titration à 20° C | O22: Vmoy.titr.20°C = | P22: =$R$16*(1+0.00001*(20-$R$14)) -> 4.9829103 | Q22: mL
C23: Volume moyen de thiosulfate pour la détermination du blanc à 20° C | O23: Vmoy.titr.blanc.20°C = | P23: =$R$17*(1+0.00001*(20-$R$14)) -> 0.005999892 | Q23: mL
C24: Normalite de l'iodate (NIO3) à 20°C | O24: N(IO3)20°C = | P24: =MAX('Titre d''iodate'!F7:F10) -> 0.020029531 | Q24: N
C25: Titre du thiosulfate à 20°C | O25: V(Thio)20°C = | P25: =IF(ISBLANK(R14),"",IF(ISBLANK(P21),"",IF(ISBLANK(R17),"",(($P$24*$P$18)/($P$22-$P$23))))) -> 0.0040157103 | Q25: N
C26: Volume de réactif utilisé | O26: Vreg = | P26: =2+('Correction de volume'!G10+'Correction de volume'!G9) -> 2.0304948 | Q26: mL
O27: DOreg = | P27: 0.0017
E29: Choix de la série de flacons : | I29: IRD | O29: IRD
O30: LPO
C31: N° | D31: N° des Flacons | E31: T° prélèv. | F31: Volume de thio. | G31: Salinité | H31: Prof. Théorique | I31: Prof. Effective | J31: V. flacons 20°C | K31: A | L31: B | M31: Densité eau de mer à t° | N31: Vol. à t° prél. des flacons | O31: Densité eau pure à t° | P31: Oxygène dissous | T31: NO2 | V31: NO3 + NO2 | X31: NO3 | Z31: Phosphate | AB31: Silicate | AD31: chlorophyll-c3 | AE31: chlorophyll-c1+c2 | AF31: peridinin | AG31: 19'-butanoyloxyfucoxanthin | AH31: fucoxanthine | AI31: neoxanthin | AJ31: prasinoxanthin | AK31: violaxanthin | AL31: 19'-hexanoyloxyfucoxanthin | AM31: diadinoxanthin | AN31: alloxanthin | AO31: diatoxanthin | AP31: zeaxanthin | AQ31: lutein | AR31: divinyl chlorophyll-b | AS31: chlorophyll-b | AT31: total chlorophyll-b | AU31: alpha-carotene | AV31: beta-carotene | AW31: pheophorbide | AX31: divinyl chlorophyll-a | AY31: chlorophyll-a | AZ31: total chlorophyll-a | BA31: pheophytin_a | BB31: crocoxanthin
C33: BTL | E33: °C | F33: ml | H33: m | I33: dbar | J33: ml | P33: DOX1 | R33: DOXY | S33: DOX2 | T33: NTRI | U33: NTIW | V33: NTRZ | W33: NTZW | X33: NTRA | Y33: NTAW | Z33: PHOS | AA33: PHOW | AB33: SLCA | AC33: SLCW | AD33: CHC3 | AE33: CHCZ | AF33: PERP | AG33: BFUP | AH33: FUCP | AI33: NEXW | AJ33: PXAP | AK33: VIOW | AL33: HFUP | AM33: DXAP | AN33: AXAP | AO33: TXAP | AP33: ZXAP | AQ33: LUTW | AR33: CHBD | AS33: CH2P | AT33: CHLB | AU33: AACP | AV33: BBCP | AW33: PHEP | AX33: CHAD | AY33: CH1P | AZ33: CPHL | BA33: PHEA | BB33: CXAP
N34: mL | P34: ml/l | Q34: ml/kg | R34: µmol/l | S34: µmol/kg | T34: µmol/l | U34: µmol/kg | V34: µmol/l | W34: µmol/kg | X34: µmol/l | Y34: µmol/kg | Z34: µmol/l | AA34: µmol/kg | AB34: µmol/l | AC34: µmol/kg | AD34: µg.l-1 | AE34: µg.l-1 | AF34: µg.l-1 | AG34: µg.l-1 | AH34: µg.l-1 | AI34: µg.l-1 | AJ34: µg.l-1 | AK34: µg.l-1 | AL34: µg.l-1 | AM34: µg.l-1 | AN34: µg.l-1 | AO34: µg.l-1 | AP34: µg.l-1 | AQ34: µg.l-1 | AR34: µg.l-1 | AS34: µg.l-1 | AT34: µg.l-1 | AU34: µg.l-1 | AV34: µg.l-1 | AW34: µg.l-1 | AX34: µg.l-1 | AY34: µg.l-1 | AZ34: µg.l-1 | BA34: µg.l-1 | BB34: µg.l-1
A35: =IF(ISBLANK(VLOOKUP(D35,'Volumes flacons'!A5:C623,3)),0,1) -> 1 | B35: =IF(ISBLANK(D35),0,IF(ISBLANK(E35),0,IF(ISBLANK(F35),0,1))) -> 1 | C35: 1 | D35: 2001 | E35: 6.4 | F35: 5.346 | G35: 34.88955 | H35: 4000 | I35: 4068 | J35: =IF(ISBLANK(D35),"",IF(VLOOKUP(D35,'Volumes flacons'!$A$5:$C$1023,2)=0,"",IF(D35>'Volumes flacons'!$A$1023,"Mauvais numéro",IF(D35<'Volumes flacons'!$A$5,"Mauvais numéro",(VLOOKUP(D35,'Volumes flacons'!$A$5:$C$1023,3)))))) -> 110.84 | K35: =IF(ISBLANK(E35),"",(0.000824493-(0.0000040899*E35)+(0.000000076438*E35^2)-(0.00000000082467*E35^3)+(0.0000000000053875*E35^4))) -> 0.0008012414 | L35: =IF(ISBLANK(E35),"",(-0.00000572466+(0.00000010227*E35)-(0.0000000016546*E35^2))) -> -5.1379044e-06 | M35: =IF(ISBLANK(E35),"",IF(ISBLANK(G35),(O35+(K35*35)+(L35*35^1.5)+(0.00000048314*35^2)),(O35+(K35*G35)+(L35*G35^1.5)+(0.00000048314*G35^2)))) -> 1.0274135 | N35: =IF(ISBLANK(D35),"",IF(ISBLANK(G35),J35*(1+0.00001*(35-20)),J35*(1+0.00001*(G35-20)))) -> 110.8565 | O35: =IF(ISBLANK(E35),"",(0.999842594+(0.00006793952*E35)-(0.00000909529*E35^2)+(0.0000001001685*E35^3)-(0.000000001120083*E35^4)+(0.000000000006536332*E35^5))) -> 0.99992931 | P35: =IF(ISBLANK($R$16),"",IF(A35=0,"",IF(ISBLANK($R$17),"",IF(B35=0,"",IF($O$28=$I$29,"",IF(AND($I$29=$O$29,D35<1000),"N° Flac.",IF(AND($I$29=$O$30,D35>1000),"N° Flac.",IF(AND(D35>1202,D35<2001),"Err. N°",IF(AND(D35>499,D35<1141),"Err.N°",(((((F35)+'Correction de volume'!$G$7)*(($P$21)*($P$19)*5598)/(($R$16)-($R$17)))-(($P$27)*1000))/((N35)-($P$26)))))))))))) -> 5.5281081 | Q35: =IF(ISBLANK($R$16),"",IF(A35=0,"",IF(ISBLANK($R$17),"",IF(AND(D35>1202,D35<2001),"Err. N°",IF(AND(D35>499,D35<1141),"Err.N°",IF(B35=0,"",IF($O$28=$I$29,"",IF(AND($I$29=$O$29,D35<1000),"N° Flac.",IF(AND($I$29=$O$30,D35>1000),"N° Flac.",P35/M35))))))))) -> 5.3806066 | R35: =IF(ISBLANK($R$16),"",IF(A35=0,"",IF(ISBLANK($R$17),"",IF(B35=0,"",IF(ISBLANK(J35),"",IF(AND(D35>1202,D35<2001),"Err. N°",IF(AND(D35>499,D35<1141),"Err.N°",IF($I$29=$O$28,"",IF(AND($I$29=$O$29,D35<1000),"N° Flac.",IF(AND($I$29=$O$30,D35>1000),"N° Flac.",((44.66*P35)))))))))))) -> 246.88531 | S35: =IF(ISBLANK($R$16),"",IF(A35=0,"",IF(ISBLANK($R$17),"",IF(B35=0,"",IF(ISBLANK(J35),"",IF(AND(D35>1202,D35<2001),"Err. N°",IF(AND(D35>499,D35<1141),"Err.N°",IF($I$29=$O$28,"",IF(AND($I$29=$O$29,D35<1000),"N° Flac.",IF(AND($I$29=$O$30,D35>1000),"N° Flac.",((44.66*P35)/M35))))))))))) -> 240.29789 | T35: 0 | U35: 0 | V35: 22.99 | W35: 22.47 | X35: 22.99 | Y35: 22.47 | Z35: 1.44 | AA35: 1.41 | AB35: 47.74 | AC35: 46.65
A36: =IF(ISBLANK(VLOOKUP(D36,'Volumes flacons'!A5:C623,3)),0,1) -> 1 | B36: =IF(ISBLANK(D36),0,IF(ISBLANK(E36),0,IF(ISBLANK(F36),0,1))) -> 1 | C36: 2 | D36: 2002 | E36: 6.5 | F36: 5.2301 | G36: 34.89145 | H36: 4000 | I36: 4067 | J36: =IF(ISBLANK(D36),"",IF(VLOOKUP(D36,'Volumes flacons'!$A$5:$C$1023,2)=0,"",IF(D36>'Volumes flacons'!$A$1023,"Mauvais numéro",IF(D36<'Volumes flacons'!$A$5,"Mauvais numéro",(VLOOKUP(D36,'Volumes flacons'!$A$5:$C$1023,3)))))) -> 108.59 | K36: =IF(ISBLANK(E36),"",(0.000824493-(0.0000040899*E36)+(0.000000076438*E36^2)-(0.00000000082467*E36^3)+(0.0000000000053875*E36^4))) -> 0.0008009213 | L36: =IF(ISBLANK(E36),"",(-0.00000572466+(0.00000010227*E36)-(0.0000000016546*E36^2))) -> -5.1298118e-06 | M36: =IF(ISBLANK(E36),"",IF(ISBLANK(G36),(O36+(K36*35)+(L36*35^1.5)+(0.00000048314*35^2)),(O36+(K36*G36)+(L36*G36^1.5)+(0.00000048314*G36^2)))) -> 1.0274017 | N36: =IF(ISBLANK(D36),"",IF(ISBLANK(G36),J36*(1+0.00001*(35-20)),J36*(1+0.00001*(G36-20)))) -> 108.60617 | O36: =IF(ISBLANK(E36),"",(0.999842594+(0.00006793952*E36)-(0.00000909529*E36^2)+(0.0000001001685*E36^3)-(0.000000001120083*E36^4)+(0.000000000006536332*E36^5))) -> 0.99992551 | P36: =IF(ISBLANK($R$16),"",IF(A36=0,"",IF(ISBLANK($R$17),"",IF(B36=0,"",IF($O$28=$I$29,"",IF(AND($I$29=$O$29,D36<1000),"N° Flac.",IF(AND($I$29=$O$30,D36>1000),"N° Flac.",IF(AND(D36>1202,D36<2001),"Err. N°",IF(AND(D36>499,D36<1141),"Err.N°",(((((F36)+'Correction de volume'!$G$7)*(($P$21)*($P$19)*5598)/(($R$16)-($R$17)))-(($P$27)*1000))/((N36)-($P$26)))))))))))) -> 5.5221056 | Q36: =IF(ISBLANK($R$16),"",IF(A36=0,"",IF(ISBLANK($R$17),"",IF(AND(D36>1202,D36<2001),"Err. N°",IF(AND(D36>499,D36<1141),"Err.N°",IF(B36=0,"",IF($O$28=$I$29,"",IF(AND($I$29=$O$29,D36<1000),"N° Flac.",IF(AND($I$29=$O$30,D36>1000),"N° Flac.",P36/M36))))))))) -> 5.374826 | R36: =IF(ISBLANK($R$16),"",IF(A36=0,"",IF(ISBLANK($R$17),"",IF(B36=0,"",IF(ISBLANK(J36),"",IF(AND(D36>1202,D36<2001),"Err. N°",IF(AND(D36>499,D36<1141),"Err.N°",IF($I$29=$O$28,"",IF(AND($I$29=$O$29,D36<1000),"N° Flac.",IF(AND($I$29=$O$30,D36>1000),"N° Flac.",((44.66*P36)))))))))))) -> 246.61723 | S36: =IF(ISBLANK($R$16),"",IF(A36=0,"",IF(ISBLANK($R$17),"",IF(B36=0,"",IF(ISBLANK(J36),"",IF(AND(D36>1202,D36<2001),"Err. N°",IF(AND(D36>499,D36<1141),"Err.N°",IF($I$29=$O$28,"",IF(AND($I$29=$O$29,D36<1000),"N° Flac.",IF(AND($I$29=$O$30,D36>1000),"N° Flac.",((44.66*P36)/M36))))))))))) -> 240.03973 | T36: 0 | U36: 0 | V36: 23.05 | W36: 22.52 | X36: 23.05 | Y36: 22.52 | Z36: 1.46 | AA36: 1.43 | AB36: 47.79 | AC36: 46.7
A37: =IF(ISBLANK(VLOOKUP(D37,'Volumes flacons'!A5:C623,3)),0,1) -> 1 | B37: =IF(ISBLANK(D37),0,IF(ISBLANK(E37),0,IF(ISBLANK(F37),0,1))) -> 1 | C37: 3 | D37: 2004 | E37: 7.6 | F37: 5.3296 | G37: 34.89015 | H37: 4000 | I37: 4069 | J37: =IF(ISBLANK(D37),"",IF(VLOOKUP(D37,'Volumes flacons'!$A$5:$C$1023,2)=0,"",IF(D37>'Volumes flacons'!$A$1023,"Mauvais numéro",IF(D37<'Volumes flacons'!$A$5,"Mauvais numéro",(VLOOKUP(D37,'Volumes flacons'!$A$5:$C$1023,3)))))) -> 110.33 | K37: =IF(ISBLANK(E37),"",(0.000824493-(0.0000040899*E37)+(0.000000076438*E37^2)-(0.00000000082467*E37^3)+(0.0000000000053875*E37^4))) -> 0.00079748078 | L37: =IF(ISBLANK(E37),"",(-0.00000572466+(0.00000010227*E37)-(0.0000000016546*E37^2))) -> -5.0429777e-06 | M37: =IF(ISBLANK(E37),"",IF(ISBLANK(G37),(O37+(K37*35)+(L37*35^1.5)+(0.00000048314*35^2)),(O37+(K37*G37)+(L37*G37^1.5)+(0.00000048314*G37^2)))) -> 1.0272471 | N37: =IF(ISBLANK(D37),"",IF(ISBLANK(G37),J37*(1+0.00001*(35-20)),J37*(1+0.00001*(G37-20)))) -> 110.34643 | O37: =IF(ISBLANK(E37),"",(0.999842594+(0.00006793952*E37)-(0.00000909529*E37^2)+(0.0000001001685*E37^3)-(0.000000001120083*E37^4)+(0.000000000006536332*E37^5))) -> 0.99987399 | P37: =IF(ISBLANK($R$16),"",IF(A37=0,"",IF(ISBLANK($R$17),"",IF(B37=0,"",IF($O$28=$I$29,"",IF(AND($I$29=$O$29,D37<1000),"N° Flac.",IF(AND($I$29=$O$30,D37>1000),"N° Flac.",IF(AND(D37>1202,D37<2001),"Err. N°",IF(AND(D37>499,D37<1141),"Err.N°",(((((F37)+'Correction de volume'!$G$7)*(($P$21)*($P$19)*5598)/(($R$16)-($R$17)))-(($P$27)*1000))/((N37)-($P$26)))))))))))) -> 5.5370536 | Q37: =IF(ISBLANK($R$16),"",IF(A37=0,"",IF(ISBLANK($R$17),"",IF(AND(D37>1202,D37<2001),"Err. N°",IF(AND(D37>499,D37<1141),"Err.N°",IF(B37=0,"",IF($O$28=$I$29,"",IF(AND($I$29=$O$29,D37<1000),"N° Flac.",IF(AND($I$29=$O$30,D37>1000),"N° Flac.",P37/M37))))))))) -> 5.3901869 | R37: =IF(ISBLANK($R$16),"",IF(A37=0,"",IF(ISBLANK($R$17),"",IF(B37=0,"",IF(ISBLANK(J37),"",IF(AND(D37>1202,D37<2001),"Err. N°",IF(AND(D37>499,D37<1141),"Err.N°",IF($I$29=$O$28,"",IF(AND($I$29=$O$29,D37<1000),"N° Flac.",IF(AND($I$29=$O$30,D37>1000),"N° Flac.",((44.66*P37)))))))))))) -> 247.28481 | S37: =IF(ISBLANK($R$16),"",IF(A37=0,"",IF(ISBLANK($R$17),"",IF(B37=0,"",IF(ISBLANK(J37),"",IF(AND(D37>1202,D37<2001),"Err. N°",IF(AND(D37>499,D37<1141),"Err.N°",IF($I$29=$O$28,"",IF(AND($I$29=$O$29,D37<1000),"N° Flac.",IF(AND($I$29=$O$30,D37>1000),"N° Flac.",((44.66*P37)/M37))))))))))) -> 240.72575 | T37: 0 | U37: 0 | V37: 23.08 | W37: 22.55 | X37: 23.08 | Y37: 22.55 | Z37: 1.47 | AA37: 1.44 | AB37: 47.8 | AC37: 46.71
A38: =IF(ISBLANK(VLOOKUP(D38,'Volumes flacons'!A5:C623,3)),0,1) -> 1 | B38: =IF(ISBLANK(D38),0,IF(ISBLANK(E38),0,IF(ISBLANK(F38),0,1))) -> 1 | C38: 4 | D38: 2006 | E38: 7.4 | F38: 5.2629 | G38: 34.88985 | H38: 4000 | I38: 4067 | J38: =IF(ISBLANK(D38),"",IF(VLOOKUP(D38,'Volumes flacons'!$A$5:$C$1023,2)=0,"",IF(D38>'Volumes flacons'!$A$1023,"Mauvais numéro",IF(D38<'Volumes flacons'!$A$5,"Mauvais numéro",(VLOOKUP(D38,'Volumes flacons'!$A$5:$C$1023,3)))))) -> 108.87 | K38: =IF(ISBLANK(E38),"",(0.000824493-(0.0000040899*E38)+(0.000000076438*E38^2)-(0.00000000082467*E38^3)+(0.0000000000053875*E38^4))) -> 0.00079809546 | L38: =IF(ISBLANK(E38),"",(-0.00000572466+(0.00000010227*E38)-(0.0000000016546*E38^2))) -> -5.0584679e-06 | M38: =IF(ISBLANK(E38),"",IF(ISBLANK(G38),(O38+(K38*35)+(L38*35^1.5)+(0.00000048314*35^2)),(O38+(K38*G38)+(L38*G38^1.5)+(0.00000048314*G38^2)))) -> 1.0272757 | N38: =IF(ISBLANK(D38),"",IF(ISBLANK(G38),J38*(1+0.00001*(35-20)),J38*(1+0.00001*(G38-20)))) -> 108.88621 | O38: =IF(ISBLANK(E38),"",(0.999842594+(0.00006793952*E38)-(0.00000909529*E38^2)+(0.0000001001685*E38^3)-(0.000000001120083*E38^4)+(0.000000000006536332*E38^5))) -> 0.99988467 | P38: =IF(ISBLANK($R$16),"",IF(A38=0,"",IF(ISBLANK($R$17),"",IF(B38=0,"",IF($O$28=$I$29,"",IF(AND($I$29=$O$29,D38<1000),"N° Flac.",IF(AND($I$29=$O$30,D38>1000),"N° Flac.",IF(AND(D38>1202,D38<2001),"Err. N°",IF(AND(D38>499,D38<1141),"Err.N°",(((((F38)+'Correction de volume'!$G$7)*(($P$21)*($P$19)*5598)/(($R$16)-($R$17)))-(($P$27)*1000))/((N38)-($P$26)))))))))))) -> 5.5422749 | Q38: =IF(ISBLANK($R$16),"",IF(A38=0,"",IF(ISBLANK($R$17),"",IF(AND(D38>1202,D38<2001),"Err. N°",IF(AND(D38>499,D38<1141),"Err.N°",IF(B38=0,"",IF($O$28=$I$29,"",IF(AND($I$29=$O$29,D38<1000),"N° Flac.",IF(AND($I$29=$O$30,D38>1000),"N° Flac.",P38/M38))))))))) -> 5.395119 | R38: =IF(ISBLANK($R$16),"",IF(A38=0,"",IF(ISBLANK($R$17),"",IF(B38=0,"",IF(ISBLANK(J38),"",IF(AND(D38>1202,D38<2001),"Err. N°",IF(AND(D38>499,D38<1141),"Err.N°",IF($I$29=$O$28,"",IF(AND($I$29=$O$29,D38<1000),"N° Flac.",IF(AND($I$29=$O$30,D38>1000),"N° Flac.",((44.66*P38)))))))))))) -> 247.518 | S38: =IF(ISBLANK($R$16),"",IF(A38=0,"",IF(ISBLANK($R$17),"",IF(B38=0,"",IF(ISBLANK(J38),"",IF(AND(D38>1202,D38<2001),"Err. N°",IF(AND(D38>499,D38<1141),"Err.N°",IF($I$29=$O$28,"",IF(AND($I$29=$O$29,D38<1000),"N° Flac.",IF(AND($I$29=$O$30,D38>1000),"N° Flac.",((44.66*P38)/M38))))))))))) -> 240.94602 | T38: 0 | U38: 0 | V38: 22.89 | W38: 22.37 | X38: 22.89 | Y38: 22.37 | Z38: 1.47 | AA38: 1.44 | AB38: 47.85 | AC38: 46.76
A39: =IF(ISBLANK(VLOOKUP(D39,'Volumes flacons'!A5:C623,3)),0,1) -> 1 | B39: =IF(ISBLANK(D39),0,IF(ISBLANK(E39),0,IF(ISBLANK(F39),0,1))) -> 1 | C39: 5 | D39: 2007 | E39: 7.5 | F39: 5.3084 | G39: 34.891 | H39: 4000 | I39: 4067 | J39: =IF(ISBLANK(D39),"",IF(VLOOKUP(D39,'Volumes flacons'!$A$5:$C$1023,2)=0,"",IF(D39>'Volumes flacons'!$A$1023,"Mauvais numéro",IF(D39<'Volumes flacons'!$A$5,"Mauvais numéro",(VLOOKUP(D39,'Volumes flacons'!$A$5:$C$1023,3)))))) -> 109.77 | K39: =IF(ISBLANK(E39),"",(0.000824493-(0.0000040899*E39)+(0.000000076438*E39^2)-(0.00000000082467*E39^3)+(0.0000000000053875*E39^4))) -> 0.00079778753 | L39: =IF(ISBLANK(E39),"",(-0.00000572466+(0.00000010227*E39)-(0.0000000016546*E39^2))) -> -5.0507063e-06 | M39: =IF(ISBLANK(E39),"",IF(ISBLANK(G39),(O39+(K39*35)+(L39*35^1.5)+(0.00000048314*35^2)),(O39+(K39*G39)+(L39*G39^1.5)+(0.00000048314*G39^2)))) -> 1.0272622 | N39: =IF(ISBLANK(D39),"",IF(ISBLANK(G39),J39*(1+0.00001*(35-20)),J39*(1+0.00001*(G39-20)))) -> 109.78635 | O39: =IF(ISBLANK(E39),"",(0.999842594+(0.00006793952*E39)-(0.00000909529*E39^2)+(0.0000001001685*E39^3)-(0.000000001120083*E39^4)+(0.000000000006536332*E39^5))) -> 0.9998794 | P39: =IF(ISBLANK($R$16),"",IF(A39=0,"",IF(ISBLANK($R$17),"",IF(B39=0,"",IF($O$28=$I$29,"",IF(AND($I$29=$O$29,D39<1000),"N° Flac.",IF(AND($I$29=$O$30,D39>1000),"N° Flac.",IF(AND(D39>1202,D39<2001),"Err. N°",IF(AND(D39>499,D39<1141),"Err.N°",(((((F39)+'Correction de volume'!$G$7)*(($P$21)*($P$19)*5598)/(($R$16)-($R$17)))-(($P$27)*1000))/((N39)-($P$26)))))))))))) -> 5.5436305 | Q39: =IF(ISBLANK($R$16),"",IF(A39=0,"",IF(ISBLANK($R$17),"",IF(AND(D39>1202,D39<2001),"Err. N°",IF(AND(D39>499,D39<1141),"Err.N°",IF(B39=0,"",IF($O$28=$I$29,"",IF(AND($I$29=$O$29,D39<1000),"N° Flac.",IF(AND($I$29=$O$30,D39>1000),"N° Flac.",P39/M39))))))))) -> 5.3965096 | R39: =IF(ISBLANK($R$16),"",IF(A39=0,"",IF(ISBLANK($R$17),"",IF(B39=0,"",IF(ISBLANK(J39),"",IF(AND(D39>1202,D39<2001),"Err. N°",IF(AND(D39>499,D39<1141),"Err.N°",IF($I$29=$O$28,"",IF(AND($I$29=$O$29,D39<1000),"N° Flac.",IF(AND($I$29=$O$30,D39>1000),"N° Flac.",((44.66*P39)))))))))))) -> 247.57854 | S39: =IF(ISBLANK($R$16),"",IF(A39=0,"",IF(ISBLANK($R$17),"",IF(B39=0,"",IF(ISBLANK(J39),"",IF(AND(D39>1202,D39<2001),"Err. N°",IF(AND(D39>499,D39<1141),"Err.N°",IF($I$29=$O$28,"",IF(AND($I$29=$O$29,D39<1000),"N° Flac.",IF(AND($I$29=$O$30,D39>1000),"N° Flac.",((44.66*P39)/M39))))))))))) -> 241.00812 | T39: 0.01 | U39: 0.01 | V39: 22.85 | W39: 22.33 | X39: 22.84 | Y39: 22.32 | Z39: 1.48 | AA39: 1.45 | AB39: 47.88 | AC39: 46.79
A40: =IF(ISBLANK(VLOOKUP(D40,'Volumes flacons'!A5:C623,3)),0,1) -> 1 | B40: =IF(ISBLANK(D40),0,IF(ISBLANK(E40),0,IF(ISBLANK(F40),0,1))) -> 1 | C40: 6 | D40: 2008 | E40: 7.7 | F40: 5.2729 | G40: 34.8898 | H40: 4000 | I40: 4068 | J40: =IF(ISBLANK(D40),"",IF(VLOOKUP(D40,'Volumes flacons'!$A$5:$C$1023,2)=0,"",IF(D40>'Volumes flacons'!$A$1023,"Mauvais numéro",IF(D40<'Volumes flacons'!$A$5,"Mauvais numéro",(VLOOKUP(D40,'Volumes flacons'!$A$5:$C$1023,3)))))) -> 108.85 | K40: =IF(ISBLANK(E40),"",(0.000824493-(0.0000040899*E40)+(0.000000076438*E40^2)-(0.00000000082467*E40^3)+(0.0000000000053875*E40^4))) -> 0.00079717523 | L40: =IF(ISBLANK(E40),"",(-0.00000572466+(0.00000010227*E40)-(0.0000000016546*E40^2))) -> -5.0352822e-06 | M40: =IF(ISBLANK(E40),"",IF(ISBLANK(G40),(O40+(K40*35)+(L40*35^1.5)+(0.00000048314*35^2)),(O40+(K40*G40)+(L40*G40^1.5)+(0.00000048314*G40^2)))) -> 1.0272321 | N40: =IF(ISBLANK(D40),"",IF(ISBLANK(G40),J40*(1+0.00001*(35-20)),J40*(1+0.00001*(G40-20)))) -> 108.86621 | O40: =IF(ISBLANK(E40),"",(0.999842594+(0.00006793952*E40)-(0.00000909529*E40^2)+(0.0000001001685*E40^3)-(0.000000001120083*E40^4)+(0.000000000006536332*E40^5))) -> 0.99986844 | P40: =IF(ISBLANK($R$16),"",IF(A40=0,"",IF(ISBLANK($R$17),"",IF(B40=0,"",IF($O$28=$I$29,"",IF(AND($I$29=$O$29,D40<1000),"N° Flac.",IF(AND($I$29=$O$30,D40>1000),"N° Flac.",IF(AND(D40>1202,D40<2001),"Err. N°",IF(AND(D40>499,D40<1141),"Err.N°",(((((F40)+'Correction de volume'!$G$7)*(($P$21)*($P$19)*5598)/(($R$16)-($R$17)))-(($P$27)*1000))/((N40)-($P$26)))))))))))) -> 5.5538759 | Q40: =IF(ISBLANK($R$16),"",IF(A40=0,"",IF(ISBLANK($R$17),"",IF(AND(D40>1202,D40<2001),"Err. N°",IF(AND(D40>499,D40<1141),"Err.N°",IF(B40=0,"",IF($O$28=$I$29,"",IF(AND($I$29=$O$29,D40<1000),"N° Flac.",IF(AND($I$29=$O$30,D40>1000),"N° Flac.",P40/M40))))))))) -> 5.4066415 | R40: =IF(ISBLANK($R$16),"",IF(A40=0,"",IF(ISBLANK($R$17),"",IF(B40=0,"",IF(ISBLANK(J40),"",IF(AND(D40>1202,D40<2001),"Err. N°",IF(AND(D40>499,D40<1141),"Err.N°",IF($I$29=$O$28,"",IF(AND($I$29=$O$29,D40<1000),"N° Flac.",IF(AND($I$29=$O$30,D40>1000),"N° Flac.",((44.66*P40)))))))))))) -> 248.0361 | S40: =IF(ISBLANK($R$16),"",IF(A40=0,"",IF(ISBLANK($R$17),"",IF(B40=0,"",IF(ISBLANK(J40),"",IF(AND(D40>1202,D40<2001),"Err. N°",IF(AND(D40>499,D40<1141),"Err.N°",IF($I$29=$O$28,"",IF(AND($I$29=$O$29,D40<1000),"N° Flac.",IF(AND($I$29=$O$30,D40>1000),"N° Flac.",((44.66*P40)/M40))))))))))) -> 241.46061 | T40: 0 | U40: 0 | V40: 22.95 | W40: 22.43 | X40: 22.95 | Y40: 22.43 | Z40: 1.51 | AA40: 1.48 | AB40: 47.99 | AC40: 46.9
A41: =IF(ISBLANK(VLOOKUP(D41,'Volumes flacons'!A5:C623,3)),0,1) -> 1 | B41: =IF(ISBLANK(D41),0,IF(ISBLANK(E41),0,IF(ISBLANK(F41),0,1))) -> 1 | C41: 7 | D41: 2009 | E41: 8.2 | F41: 5.3093 | G41: 34.89355 | H41: 4000 | I41: 4067 | J41: =IF(ISBLANK(D41),"",IF(VLOOKUP(D41,'Volumes flacons'!$A$5:$C$1023,2)=0,"",IF(D41>'Volumes flacons'!$A$1023,"Mauvais numéro",IF(D41<'Volumes flacons'!$A$5,"Mauvais numéro",(VLOOKUP(D41,'Volumes flacons'!$A$5:$C$1023,3)))))) -> 109.15 | K41: =IF(ISBLANK(E41),"",(0.000824493-(0.0000040899*E41)+(0.000000076438*E41^2)-(0.00000000082467*E41^3)+(0.0000000000053875*E41^4))) -> 0.00079566517 | L41: =IF(ISBLANK(E41),"",(-0.00000572466+(0.00000010227*E41)-(0.0000000016546*E41^2))) -> -4.9973013e-06 | M41: =IF(ISBLANK(E41),"",IF(ISBLANK(G41),(O41+(K41*35)+(L41*35^1.5)+(0.00000048314*35^2)),(O41+(K41*G41)+(L41*G41^1.5)+(0.00000048314*G41^2)))) -> 1.0271603 | N41: =IF(ISBLANK(D41),"",IF(ISBLANK(G41),J41*(1+0.00001*(35-20)),J41*(1+0.00001*(G41-20)))) -> 109.16626 | O41: =IF(ISBLANK(E41),"",(0.999842594+(0.00006793952*E41)-(0.00000909529*E41^2)+(0.0000001001685*E41^3)-(0.000000001120083*E41^4)+(0.000000000006536332*E41^5))) -> 0.99983854 | P41: =IF(ISBLANK($R$16),"",IF(A41=0,"",IF(ISBLANK($R$17),"",IF(B41=0,"",IF($O$28=$I$29,"",IF(AND($I$29=$O$29,D41<1000),"N° Flac.",IF(AND($I$29=$O$30,D41>1000),"N° Flac.",IF(AND(D41>1202,D41<2001),"Err. N°",IF(AND(D41>499,D41<1141),"Err.N°",(((((F41)+'Correction de volume'!$G$7)*(($P$21)*($P$19)*5598)/(($R$16)-($R$17)))-(($P$27)*1000))/((N41)-($P$26)))))))))))) -> 5.5766644 | Q41: =IF(ISBLANK($R$16),"",IF(A41=0,"",IF(ISBLANK($R$17),"",IF(AND(D41>1202,D41<2001),"Err. N°",IF(AND(D41>499,D41<1141),"Err.N°",IF(B41=0,"",IF($O$28=$I$29,"",IF(AND($I$29=$O$29,D41<1000),"N° Flac.",IF(AND($I$29=$O$30,D41>1000),"N° Flac.",P41/M41))))))))) -> 5.4292054 | R41: =IF(ISBLANK($R$16),"",IF(A41=0,"",IF(ISBLANK($R$17),"",IF(B41=0,"",IF(ISBLANK(J41),"",IF(AND(D41>1202,D41<2001),"Err. N°",IF(AND(D41>499,D41<1141),"Err.N°",IF($I$29=$O$28,"",IF(AND($I$29=$O$29,D41<1000),"N° Flac.",IF(AND($I$29=$O$30,D41>1000),"N° Flac.",((44.66*P41)))))))))))) -> 249.05383 | S41: =IF(ISBLANK($R$16),"",IF(A41=0,"",IF(ISBLANK($R$17),"",IF(B41=0,"",IF(ISBLANK(J41),"",IF(AND(D41>1202,D41<2001),"Err. N°",IF(AND(D41>499,D41<1141),"Err.N°",IF($I$29=$O$28,"",IF(AND($I$29=$O$29,D41<1000),"N° Flac.",IF(AND($I$29=$O$30,D41>1000),"N° Flac.",((44.66*P41)/M41))))))))))) -> 242.46831 | T41: 0.01 | U41: 0.01 | V41: 22.94 | W41: 22.42 | X41: 22.93 | Y41: 22.41 | Z41: 1.46 | AA41: 1.43 | AB41: 47.64 | AC41: 46.55
A42: =IF(ISBLANK(VLOOKUP(D42,'Volumes flacons'!A5:C623,3)),0,1) -> 1 | B42: =IF(ISBLANK(D42),0,IF(ISBLANK(E42),0,IF(ISBLANK(F42),0,1))) -> 1 | C42: 8 | D42: 2010 | E42: 8.4 | F42: 5.3008 | G42: 34.8926 | H42: 4000 | I42: 4071 | J42: =IF(ISBLANK(D42),"",IF(VLOOKUP(D42,'Volumes flacons'!$A$5:$C$1023,2)=0,"",IF(D42>'Volumes flacons'!$A$1023,"Mauvais numéro",IF(D42<'Volumes flacons'!$A$5,"Mauvais numéro",(VLOOKUP(D42,'Volumes flacons'!$A$5:$C$1023,3)))))) -> 109.42 | K42: =IF(ISBLANK(E42),"",(0.000824493-(0.0000040899*E42)+(0.000000076438*E42^2)-(0.00000000082467*E42^3)+(0.0000000000053875*E42^4))) -> 0.00079506934 | L42: =IF(ISBLANK(E42),"",(-0.00000572466+(0.00000010227*E42)-(0.0000000016546*E42^2))) -> -4.9823406e-06 | M42: =IF(ISBLANK(E42),"",IF(ISBLANK(G42),(O42+(K42*35)+(L42*35^1.5)+(0.00000048314*35^2)),(O42+(K42*G42)+(L42*G42^1.5)+(0.00000048314*G42^2)))) -> 1.0271289 | N42: =IF(ISBLANK(D42),"",IF(ISBLANK(G42),J42*(1+0.00001*(35-20)),J42*(1+0.00001*(G42-20)))) -> 109.4363 | O42: =IF(ISBLANK(E42),"",(0.999842594+(0.00006793952*E42)-(0.00000909529*E42^2)+(0.0000001001685*E42^3)-(0.000000001120083*E42^4)+(0.000000000006536332*E42^5))) -> 0.99982559 | P42: =IF(ISBLANK($R$16),"",IF(A42=0,"",IF(ISBLANK($R$17),"",IF(B42=0,"",IF($O$28=$I$29,"",IF(AND($I$29=$O$29,D42<1000),"N° Flac.",IF(AND($I$29=$O$30,D42>1000),"N° Flac.",IF(AND(D42>1202,D42<2001),"Err. N°",IF(AND(D42>499,D42<1141),"Err.N°",(((((F42)+'Correction de volume'!$G$7)*(($P$21)*($P$19)*5598)/(($R$16)-($R$17)))-(($P$27)*1000))/((N42)-($P$26)))))))))))) -> 5.5537124 | Q42: =IF(ISBLANK($R$16),"",IF(A42=0,"",IF(ISBLANK($R$17),"",IF(AND(D42>1202,D42<2001),"Err. N°",IF(AND(D42>499,D42<1141),"Err.N°",IF(B42=0,"",IF($O$28=$I$29,"",IF(AND($I$29=$O$29,D42<1000),"N° Flac.",IF(AND($I$29=$O$30,D42>1000),"N° Flac.",P42/M42))))))))) -> 5.4070256 | R42: =IF(ISBLANK($R$16),"",IF(A42=0,"",IF(ISBLANK($R$17),"",IF(B42=0,"",IF(ISBLANK(J42),"",IF(AND(D42>1202,D42<2001),"Err. N°",IF(AND(D42>499,D42<1141),"Err.N°",IF($I$29=$O$28,"",IF(AND($I$29=$O$29,D42<1000),"N° Flac.",IF(AND($I$29=$O$30,D42>1000),"N° Flac.",((44.66*P42)))))))))))) -> 248.0288 | S42: =IF(ISBLANK($R$16),"",IF(A42=0,"",IF(ISBLANK($R$17),"",IF(B42=0,"",IF(ISBLANK(J42),"",IF(AND(D42>1202,D42<2001),"Err. N°",IF(AND(D42>499,D42<1141),"Err.N°",IF($I$29=$O$28,"",IF(AND($I$29=$O$29,D42<1000),"N° Flac.",IF(AND($I$29=$O$30,D42>1000),"N° Flac.",((44.66*P42)/M42))))))))))) -> 241.47776 | T42: 0 | U42: 0 | V42: 23.07 | W42: 22.54 | X42: 23.07 | Y42: 22.54 | Z42: 1.46 | AA42: 1.43 | AB42: 47.6 | AC42: 46.51
A43: =IF(ISBLANK(VLOOKUP(D43,'Volumes flacons'!A5:C623,3)),0,1) -> 1 | B43: =IF(ISBLANK(D43),0,IF(ISBLANK(E43),0,IF(ISBLANK(F43),0,1))) -> 1 | C43: 9 | D43: 2011 | E43: 8.5 | F43: 5.3686 | G43: 34.89085 | H43: 4000 | I43: 4072 | J43: =IF(ISBLANK(D43),"",IF(VLOOKUP(D43,'Volumes flacons'!$A$5:$C$1023,2)=0,"",IF(D43>'Volumes flacons'!$A$1023,"Mauvais numéro",IF(D43<'Volumes flacons'!$A$5,"Mauvais numéro",(VLOOKUP(D43,'Volumes flacons'!$A$5:$C$1023,3)))))) -> 110.81 | K43: =IF(ISBLANK(E43),"",(0.000824493-(0.0000040899*E43)+(0.000000076438*E43^2)-(0.00000000082467*E43^3)+(0.0000000000053875*E43^4))) -> 0.00079477317 | L43: =IF(ISBLANK(E43),"",(-0.00000572466+(0.00000010227*E43)-(0.0000000016546*E43^2))) -> -4.9749099e-06 | M43: =IF(ISBLANK(E43),"",IF(ISBLANK(G43),(O43+(K43*35)+(L43*35^1.5)+(0.00000048314*35^2)),(O43+(K43*G43)+(L43*G43^1.5)+(0.00000048314*G43^2)))) -> 1.0271121 | N43: =IF(ISBLANK(D43),"",IF(ISBLANK(G43),J43*(1+0.00001*(35-20)),J43*(1+0.00001*(G43-20)))) -> 110.8265 | O43: =IF(ISBLANK(E43),"",(0.999842594+(0.00006793952*E43)-(0.00000909529*E43^2)+(0.0000001001685*E43^3)-(0.000000001120083*E43^4)+(0.000000000006536332*E43^5))) -> 0.9998189 | P43: =IF(ISBLANK($R$16),"",IF(A43=0,"",IF(ISBLANK($R$17),"",IF(B43=0,"",IF($O$28=$I$29,"",IF(AND($I$29=$O$29,D43<1000),"N° Flac.",IF(AND($I$29=$O$30,D43>1000),"N° Flac.",IF(AND(D43>1202,D43<2001),"Err. N°",IF(AND(D43>499,D43<1141),"Err.N°",(((((F43)+'Correction de volume'!$G$7)*(($P$21)*($P$19)*5598)/(($R$16)-($R$17)))-(($P$27)*1000))/((N43)-($P$26)))))))))))) -> 5.5530756 | Q43: =IF(ISBLANK($R$16),"",IF(A43=0,"",IF(ISBLANK($R$17),"",IF(AND(D43>1202,D43<2001),"Err. N°",IF(AND(D43>499,D43<1141),"Err.N°",IF(B43=0,"",IF($O$28=$I$29,"",IF(AND($I$29=$O$29,D43<1000),"N° Flac.",IF(AND($I$29=$O$30,D43>1000),"N° Flac.",P43/M43))))))))) -> 5.4064944 | R43: =IF(ISBLANK($R$16),"",IF(A43=0,"",IF(ISBLANK($R$17),"",IF(B43=0,"",IF(ISBLANK(J43),"",IF(AND(D43>1202,D43<2001),"Err. N°",IF(AND(D43>499,D43<1141),"Err.N°",IF($I$29=$O$28,"",IF(AND($I$29=$O$29,D43<1000),"N° Flac.",IF(AND($I$29=$O$30,D43>1000),"N° Flac.",((44.66*P43)))))))))))) -> 248.00036 | S43: =IF(ISBLANK($R$16),"",IF(A43=0,"",IF(ISBLANK($R$17),"",IF(B43=0,"",IF(ISBLANK(J43),"",IF(AND(D43>1202,D43<2001),"Err. N°",IF(AND(D43>499,D43<1141),"Err.N°",IF($I$29=$O$28,"",IF(AND($I$29=$O$29,D43<1000),"N° Flac.",IF(AND($I$29=$O$30,D43>1000),"N° Flac.",((44.66*P43)/M43))))))))))) -> 241.45404 | T43: 0 | U43: 0 | V43: 23.14 | W43: 22.61 | X43: 23.14 | Y43: 22.61 | Z43: 1.46 | AA43: 1.43 | AB43: 47.13 | AC43: 46.05
A44: =IF(ISBLANK(VLOOKUP(D44,'Volumes flacons'!A5:C623,3)),0,1) -> 1 | B44: =IF(ISBLANK(D44),0,IF(ISBLANK(E44),0,IF(ISBLANK(F44),0,1))) -> 1 | C44: 10 | D44: 2012 | E44: 8.8 | F44: 5.3389 | G44: 34.89065 | H44: 4000 | I44: 4071 | J44: =IF(ISBLANK(D44),"",IF(VLOOKUP(D44,'Volumes flacons'!$A$5:$C$1023,2)=0,"",IF(D44>'Volumes flacons'!$A$1023,"Mauvais numéro",IF(D44<'Volumes flacons'!$A$5,"Mauvais numéro",(VLOOKUP(D44,'Volumes flacons'!$A$5:$C$1023,3)))))) -> 110.46 | K44: =IF(ISBLANK(E44),"",(0.000824493-(0.0000040899*E44)+(0.000000076438*E44^2)-(0.00000000082467*E44^3)+(0.0000000000053875*E44^4))) -> 0.00079389156 | L44: =IF(ISBLANK(E44),"",(-0.00000572466+(0.00000010227*E44)-(0.0000000016546*E44^2))) -> -4.9528162e-06 | M44: =IF(ISBLANK(E44),"",IF(ISBLANK(G44),(O44+(K44*35)+(L44*35^1.5)+(0.00000048314*35^2)),(O44+(K44*G44)+(L44*G44^1.5)+(0.00000048314*G44^2)))) -> 1.0270648 | N44: =IF(ISBLANK(D44),"",IF(ISBLANK(G44),J44*(1+0.00001*(35-20)),J44*(1+0.00001*(G44-20)))) -> 110.47645 | O44: =IF(ISBLANK(E44),"",(0.999842594+(0.00006793952*E44)-(0.00000909529*E44^2)+(0.0000001001685*E44^3)-(0.000000001120083*E44^4)+(0.000000000006536332*E44^5))) -> 0.99979801 | P44: =IF(ISBLANK($R$16),"",IF(A44=0,"",IF(ISBLANK($R$17),"",IF(B44=0,"",IF($O$28=$I$29,"",IF(AND($I$29=$O$29,D44<1000),"N° Flac.",IF(AND($I$29=$O$30,D44>1000),"N° Flac.",IF(AND(D44>1202,D44<2001),"Err. N°",IF(AND(D44>499,D44<1141),"Err.N°",(((((F44)+'Correction de volume'!$G$7)*(($P$21)*($P$19)*5598)/(($R$16)-($R$17)))-(($P$27)*1000))/((N44)-($P$26)))))))))))) -> 5.5400931 | Q44: =IF(ISBLANK($R$16),"",IF(A44=0,"",IF(ISBLANK($R$17),"",IF(AND(D44>1202,D44<2001),"Err. N°",IF(AND(D44>499,D44<1141),"Err.N°",IF(B44=0,"",IF($O$28=$I$29,"",IF(AND($I$29=$O$29,D44<1000),"N° Flac.",IF(AND($I$29=$O$30,D44>1000),"N° Flac.",P44/M44))))))))) -> 5.3941027 | R44: =IF(ISBLANK($R$16),"",IF(A44=0,"",IF(ISBLANK($R$17),"",IF(B44=0,"",IF(ISBLANK(J44),"",IF(AND(D44>1202,D44<2001),"Err. N°",IF(AND(D44>499,D44<1141),"Err.N°",IF($I$29=$O$28,"",IF(AND($I$29=$O$29,D44<1000),"N° Flac.",IF(AND($I$29=$O$30,D44>1000),"N° Flac.",((44.66*P44)))))))))))) -> 247.42056 | S44: =IF(ISBLANK($R$16),"",IF(A44=0,"",IF(ISBLANK($R$17),"",IF(B44=0,"",IF(ISBLANK(J44),"",IF(AND(D44>1202,D44<2001),"Err. N°",IF(AND(D44>499,D44<1141),"Err.N°",IF($I$29=$O$28,"",IF(AND($I$29=$O$29,D44<1000),"N° Flac.",IF(AND($I$29=$O$30,D44>1000),"N° Flac.",((44.66*P44)/M44))))))))))) -> 240.90063 | T44: 0 | U44: 0 | V44: 23.13 | W44: 22.6 | X44: 23.13 | Y44: 22.6 | Z44: 1.48 | AA44: 1.45 | AB44: 47.73 | AC44: 46.64
A45: =IF(ISBLANK(VLOOKUP(D45,'Volumes flacons'!A5:C623,3)),0,1) -> 1 | B45: =IF(ISBLANK(D45),0,IF(ISBLANK(E45),0,IF(ISBLANK(F45),0,1))) -> 1 | C45: 11 | D45: 2013 | E45: 8.9 | F45: 5.3318 | G45: 34.89025 | H45: 4000 | I45: 4072 | J45: =IF(ISBLANK(D45),"",IF(VLOOKUP(D45,'Volumes flacons'!$A$5:$C$1023,2)=0,"",IF(D45>'Volumes flacons'!$A$1023,"Mauvais numéro",IF(D45<'Volumes flacons'!$A$5,"Mauvais numéro",(VLOOKUP(D45,'Volumes flacons'!$A$5:$C$1023,3)))))) -> 109.83 | K45: =IF(ISBLANK(E45),"",(0.000824493-(0.0000040899*E45)+(0.000000076438*E45^2)-(0.00000000082467*E45^3)+(0.0000000000053875*E45^4))) -> 0.00079359998 | L45: =IF(ISBLANK(E45),"",(-0.00000572466+(0.00000010227*E45)-(0.0000000016546*E45^2))) -> -4.9455179e-06 | M45: =IF(ISBLANK(E45),"",IF(ISBLANK(G45),(O45+(K45*35)+(L45*35^1.5)+(0.00000048314*35^2)),(O45+(K45*G45)+(L45*G45^1.5)+(0.00000048314*G45^2)))) -> 1.0270486 | N45: =IF(ISBLANK(D45),"",IF(ISBLANK(G45),J45*(1+0.00001*(35-20)),J45*(1+0.00001*(G45-20)))) -> 109.84635 | O45: =IF(ISBLANK(E45),"",(0.999842594+(0.00006793952*E45)-(0.00000909529*E45^2)+(0.0000001001685*E45^3)-(0.000000001120083*E45^4)+(0.000000000006536332*E45^5))) -> 0.99979077 | P45: =IF(ISBLANK($R$16),"",IF(A45=0,"",IF(ISBLANK($R$17),"",IF(B45=0,"",IF($O$28=$I$29,"",IF(AND($I$29=$O$29,D45<1000),"N° Flac.",IF(AND($I$29=$O$30,D45>1000),"N° Flac.",IF(AND(D45>1202,D45<2001),"Err. N°",IF(AND(D45>499,D45<1141),"Err.N°",(((((F45)+'Correction de volume'!$G$7)*(($P$21)*($P$19)*5598)/(($R$16)-($R$17)))-(($P$27)*1000))/((N45)-($P$26)))))))))))) -> 5.5650385 | Q45: =IF(ISBLANK($R$16),"",IF(A45=0,"",IF(ISBLANK($R$17),"",IF(AND(D45>1202,D45<2001),"Err. N°",IF(AND(D45>499,D45<1141),"Err.N°",IF(B45=0,"",IF($O$28=$I$29,"",IF(AND($I$29=$O$29,D45<1000),"N° Flac.",IF(AND($I$29=$O$30,D45>1000),"N° Flac.",P45/M45))))))))) -> 5.4184764 | R45: =IF(ISBLANK($R$16),"",IF(A45=0,"",IF(ISBLANK($R$17),"",IF(B45=0,"",IF(ISBLANK(J45),"",IF(AND(D45>1202,D45<2001),"Err. N°",IF(AND(D45>499,D45<1141),"Err.N°",IF($I$29=$O$28,"",IF(AND($I$29=$O$29,D45<1000),"N° Flac.",IF(AND($I$29=$O$30,D45>1000),"N° Flac.",((44.66*P45)))))))))))) -> 248.53462 | S45: =IF(ISBLANK($R$16),"",IF(A45=0,"",IF(ISBLANK($R$17),"",IF(B45=0,"",IF(ISBLANK(J45),"",IF(AND(D45>1202,D45<2001),"Err. N°",IF(AND(D45>499,D45<1141),"Err.N°",IF($I$29=$O$28,"",IF(AND($I$29=$O$29,D45<1000),"N° Flac.",IF(AND($I$29=$O$30,D45>1000),"N° Flac.",((44.66*P45)/M45))))))))))) -> 241.98915 | T45: 0.01 | U45: 0.01 | V45: 22.92 | W45: 22.4 | X45: 22.91 | Y45: 22.39 | Z45: 1.44 | AA45: 1.41 | AB45: 47.77 | AC45: 46.68
A46: =IF(ISBLANK(VLOOKUP(D46,'Volumes flacons'!A5:C623,3)),0,1) -> 1 | B46: =IF(ISBLANK(D46),0,IF(ISBLANK(E46),0,IF(ISBLANK(F46),0,1))) -> 1 | C46: 12 | D46: 2014 | E46: 9.5 | F46: 5.4188 | G46: 34.89085 | H46: 4000 | I46: 4072 | J46: =IF(ISBLANK(D46),"",IF(VLOOKUP(D46,'Volumes flacons'!$A$5:$C$1023,2)=0,"",IF(D46>'Volumes flacons'!$A$1023,"Mauvais numéro",IF(D46<'Volumes flacons'!$A$5,"Mauvais numéro",(VLOOKUP(D46,'Volumes flacons'!$A$5:$C$1023,3)))))) -> 112.03 | K46: =IF(ISBLANK(E46),"",(0.000824493-(0.0000040899*E46)+(0.000000076438*E46^2)-(0.00000000082467*E46^3)+(0.0000000000053875*E46^4))) -> 0.00079187431 | L46: =IF(ISBLANK(E46),"",(-0.00000572466+(0.00000010227*E46)-(0.0000000016546*E46^2))) -> -4.9024226e-06 | M46: =IF(ISBLANK(E46),"",IF(ISBLANK(G46),(O46+(K46*35)+(L46*35^1.5)+(0.00000048314*35^2)),(O46+(K46*G46)+(L46*G46^1.5)+(0.00000048314*G46^2)))) -> 1.0269514 | N46: =IF(ISBLANK(D46),"",IF(ISBLANK(G46),J46*(1+0.00001*(35-20)),J46*(1+0.00001*(G46-20)))) -> 112.04668 | O46: =IF(ISBLANK(E46),"",(0.999842594+(0.00006793952*E46)-(0.00000909529*E46^2)+(0.0000001001685*E46^3)-(0.000000001120083*E46^4)+(0.000000000006536332*E46^5))) -> 0.99974443 | P46: =IF(ISBLANK($R$16),"",IF(A46=0,"",IF(ISBLANK($R$17),"",IF(B46=0,"",IF($O$28=$I$29,"",IF(AND($I$29=$O$29,D46<1000),"N° Flac.",IF(AND($I$29=$O$30,D46>1000),"N° Flac.",IF(AND(D46>1202,D46<2001),"Err. N°",IF(AND(D46>499,D46<1141),"Err.N°",(((((F46)+'Correction de volume'!$G$7)*(($P$21)*($P$19)*5598)/(($R$16)-($R$17)))-(($P$27)*1000))/((N46)-($P$26)))))))))))) -> 5.5429819 | Q46: =IF(ISBLANK($R$16),"",IF(A46=0,"",IF(ISBLANK($R$17),"",IF(AND(D46>1202,D46<2001),"Err. N°",IF(AND(D46>499,D46<1141),"Err.N°",IF(B46=0,"",IF($O$28=$I$29,"",IF(AND($I$29=$O$29,D46<1000),"N° Flac.",IF(AND($I$29=$O$30,D46>1000),"N° Flac.",P46/M46))))))))) -> 5.3975114 | R46: =IF(ISBLANK($R$16),"",IF(A46=0,"",IF(ISBLANK($R$17),"",IF(B46=0,"",IF(ISBLANK(J46),"",IF(AND(D46>1202,D46<2001),"Err. N°",IF(AND(D46>499,D46<1141),"Err.N°",IF($I$29=$O$28,"",IF(AND($I$29=$O$29,D46<1000),"N° Flac.",IF(AND($I$29=$O$30,D46>1000),"N° Flac.",((44.66*P46)))))))))))) -> 247.54957 | S46: =IF(ISBLANK($R$16),"",IF(A46=0,"",IF(ISBLANK($R$17),"",IF(B46=0,"",IF(ISBLANK(J46),"",IF(AND(D46>1202,D46<2001),"Err. N°",IF(AND(D46>499,D46<1141),"Err.N°",IF($I$29=$O$28,"",IF(AND($I$29=$O$29,D46<1000),"N° Flac.",IF(AND($I$29=$O$30,D46>1000),"N° Flac.",((44.66*P46)/M46))))))))))) -> 241.05286 | T46: 0 | U46: 0 | V46: 22.83 | W46: 22.31 | X46: 22.83 | Y46: 22.31 | Z46: 1.41 | AA46: 1.38 | AB46: 47.78 | AC46: 46.69
A47: =IF(ISBLANK(VLOOKUP(D47,'Volumes flacons'!A5:C623,3)),0,1) -> 1 | B47: =IF(ISBLANK(D47),0,IF(ISBLANK(E47),0,IF(ISBLANK(F47),0,1))) -> 1 | C47: 13 | D47: 2015 | E47: 9.3 | F47: 5.3524 | G47: 34.8898 | H47: 4000 | I47: 4073 | J47: =IF(ISBLANK(D47),"",IF(VLOOKUP(D47,'Volumes flacons'!$A$5:$C$1023,2)=0,"",IF(D47>'Volumes flacons'!$A$1023,"Mauvais numéro",IF(D47<'Volumes flacons'!$A$5,"Mauvais numéro",(VLOOKUP(D47,'Volumes flacons'!$A$5:$C$1023,3)))))) -> 110.12 | K47: =IF(ISBLANK(E47),"",(0.000824493-(0.0000040899*E47)+(0.000000076438*E47^2)-(0.00000000082467*E47^3)+(0.0000000000053875*E47^4))) -> 0.00079244502 | L47: =IF(ISBLANK(E47),"",(-0.00000572466+(0.00000010227*E47)-(0.0000000016546*E47^2))) -> -4.9166554e-06 | M47: =IF(ISBLANK(E47),"",IF(ISBLANK(G47),(O47+(K47*35)+(L47*35^1.5)+(0.00000048314*35^2)),(O47+(K47*G47)+(L47*G47^1.5)+(0.00000048314*G47^2)))) -> 1.0269835 | N47: =IF(ISBLANK(D47),"",IF(ISBLANK(G47),J47*(1+0.00001*(35-20)),J47*(1+0.00001*(G47-20)))) -> 110.1364 | O47: =IF(ISBLANK(E47),"",(0.999842594+(0.00006793952*E47)-(0.00000909529*E47^2)+(0.0000001001685*E47^3)-(0.000000001120083*E47^4)+(0.000000000006536332*E47^5))) -> 0.99976043 | P47: =IF(ISBLANK($R$16),"",IF(A47=0,"",IF(ISBLANK($R$17),"",IF(B47=0,"",IF($O$28=$I$29,"",IF(AND($I$29=$O$29,D47<1000),"N° Flac.",IF(AND($I$29=$O$30,D47>1000),"N° Flac.",IF(AND(D47>1202,D47<2001),"Err. N°",IF(AND(D47>499,D47<1141),"Err.N°",(((((F47)+'Correction de volume'!$G$7)*(($P$21)*($P$19)*5598)/(($R$16)-($R$17)))-(($P$27)*1000))/((N47)-($P$26)))))))))))) -> 5.5716126 | Q47: =IF(ISBLANK($R$16),"",IF(A47=0,"",IF(ISBLANK($R$17),"",IF(AND(D47>1202,D47<2001),"Err. N°",IF(AND(D47>499,D47<1141),"Err.N°",IF(B47=0,"",IF($O$28=$I$29,"",IF(AND($I$29=$O$29,D47<1000),"N° Flac.",IF(AND($I$29=$O$30,D47>1000),"N° Flac.",P47/M47))))))))) -> 5.4252209 | R47: =IF(ISBLANK($R$16),"",IF(A47=0,"",IF(ISBLANK($R$17),"",IF(B47=0,"",IF(ISBLANK(J47),"",IF(AND(D47>1202,D47<2001),"Err. N°",IF(AND(D47>499,D47<1141),"Err.N°",IF($I$29=$O$28,"",IF(AND($I$29=$O$29,D47<1000),"N° Flac.",IF(AND($I$29=$O$30,D47>1000),"N° Flac.",((44.66*P47)))))))))))) -> 248.82822 | S47: =IF(ISBLANK($R$16),"",IF(A47=0,"",IF(ISBLANK($R$17),"",IF(B47=0,"",IF(ISBLANK(J47),"",IF(AND(D47>1202,D47<2001),"Err. N°",IF(AND(D47>499,D47<1141),"Err.N°",IF($I$29=$O$28,"",IF(AND($I$29=$O$29,D47<1000),"N° Flac.",IF(AND($I$29=$O$30,D47>1000),"N° Flac.",((44.66*P47)/M47))))))))))) -> 242.29037 | T47: 0 | U47: 0 | V47: 22.91 | W47: 22.39 | X47: 22.91 | Y47: 22.39 | Z47: 1.44 | AA47: 1.41 | AB47: 47.15 | AC47: 46.07
A48: =IF(ISBLANK(VLOOKUP(D48,'Volumes flacons'!A5:C623,3)),0,1) -> 1 | B48: =IF(ISBLANK(D48),0,IF(ISBLANK(E48),0,IF(ISBLANK(F48),0,1))) -> 1 | C48: 14 | D48: 2016 | E48: 9.8 | F48: 5.2135 | G48: 34.89145 | H48: 4000 | I48: 4073 | J48: =IF(ISBLANK(D48),"",IF(VLOOKUP(D48,'Volumes flacons'!$A$5:$C$1023,2)=0,"",IF(D48>'Volumes flacons'!$A$1023,"Mauvais numéro",IF(D48<'Volumes flacons'!$A$5,"Mauvais numéro",(VLOOKUP(D48,'Volumes flacons'!$A$5:$C$1023,3)))))) -> 107.63 | K48: =IF(ISBLANK(E48),"",(0.000824493-(0.0000040899*E48)+(0.000000076438*E48^2)-(0.00000000082467*E48^3)+(0.0000000000053875*E48^4))) -> 0.00079102661 | L48: =IF(ISBLANK(E48),"",(-0.00000572466+(0.00000010227*E48)-(0.0000000016546*E48^2))) -> -4.8813218e-06 | M48: =IF(ISBLANK(E48),"",IF(ISBLANK(G48),(O48+(K48*35)+(L48*35^1.5)+(0.00000048314*35^2)),(O48+(K48*G48)+(L48*G48^1.5)+(0.00000048314*G48^2)))) -> 1.0269016 | N48: =IF(ISBLANK(D48),"",IF(ISBLANK(G48),J48*(1+0.00001*(35-20)),J48*(1+0.00001*(G48-20)))) -> 107.64603 | O48: =IF(ISBLANK(E48),"",(0.999842594+(0.00006793952*E48)-(0.00000909529*E48^2)+(0.0000001001685*E48^3)-(0.000000001120083*E48^4)+(0.000000000006536332*E48^5))) -> 0.99971943 | P48: =IF(ISBLANK($R$16),"",IF(A48=0,"",IF(ISBLANK($R$17),"",IF(B48=0,"",IF($O$28=$I$29,"",IF(AND($I$29=$O$29,D48<1000),"N° Flac.",IF(AND($I$29=$O$30,D48>1000),"N° Flac.",IF(AND(D48>1202,D48<2001),"Err. N°",IF(AND(D48>499,D48<1141),"Err.N°",(((((F48)+'Correction de volume'!$G$7)*(($P$21)*($P$19)*5598)/(($R$16)-($R$17)))-(($P$27)*1000))/((N48)-($P$26)))))))))))) -> 5.5545689 | Q48: =IF(ISBLANK($R$16),"",IF(A48=0,"",IF(ISBLANK($R$17),"",IF(AND(D48>1202,D48<2001),"Err. N°",IF(AND(D48>499,D48<1141),"Err.N°",IF(B48=0,"",IF($O$28=$I$29,"",IF(AND($I$29=$O$29,D48<1000),"N° Flac.",IF(AND($I$29=$O$30,D48>1000),"N° Flac.",P48/M48))))))))) -> 5.4090564 | R48: =IF(ISBLANK($R$16),"",IF(A48=0,"",IF(ISBLANK($R$17),"",IF(B48=0,"",IF(ISBLANK(J48),"",IF(AND(D48>1202,D48<2001),"Err. N°",IF(AND(D48>499,D48<1141),"Err.N°",IF($I$29=$O$28,"",IF(AND($I$29=$O$29,D48<1000),"N° Flac.",IF(AND($I$29=$O$30,D48>1000),"N° Flac.",((44.66*P48)))))))))))) -> 248.06705 | S48: =IF(ISBLANK($R$16),"",IF(A48=0,"",IF(ISBLANK($R$17),"",IF(B48=0,"",IF(ISBLANK(J48),"",IF(AND(D48>1202,D48<2001),"Err. N°",IF(AND(D48>499,D48<1141),"Err.N°",IF($I$29=$O$28,"",IF(AND($I$29=$O$29,D48<1000),"N° Flac.",IF(AND($I$29=$O$30,D48>1000),"N° Flac.",((44.66*P48)/M48))))))))))) -> 241.56846 | T48: 0.01 | U48: 0.01 | V48: 23.02 | W48: 22.49 | X48: 23.01 | Y48: 22.49 | Z48: 1.43 | AA48: 1.4 | AB48: 47.79 | AC48: 46.7
A49: =IF(ISBLANK(VLOOKUP(D49,'Volumes flacons'!A5:C623,3)),0,1) -> 1 | B49: =IF(ISBLANK(D49),0,IF(ISBLANK(E49),0,IF(ISBLANK(F49),0,1))) -> 1 | C49: 15 | D49: 2017 | E49: 10 | F49: 5.3038 | G49: 34.8948 | H49: 4000 | I49: 4073 | J49: =IF(ISBLANK(D49),"",IF(VLOOKUP(D49,'Volumes flacons'!$A$5:$C$1023,2)=0,"",IF(D49>'Volumes flacons'!$A$1023,"Mauvais numéro",IF(D49<'Volumes flacons'!$A$5,"Mauvais numéro",(VLOOKUP(D49,'Volumes flacons'!$A$5:$C$1023,3)))))) -> 109.96 | K49: =IF(ISBLANK(E49),"",(0.000824493-(0.0000040899*E49)+(0.000000076438*E49^2)-(0.00000000082467*E49^3)+(0.0000000000053875*E49^4))) -> 0.000790467 | L49: =IF(ISBLANK(E49),"",(-0.00000572466+(0.00000010227*E49)-(0.0000000016546*E49^2))) -> -4.86742e-06 | M49: =IF(ISBLANK(E49),"",IF(ISBLANK(G49),(O49+(K49*35)+(L49*35^1.5)+(0.00000048314*35^2)),(O49+(K49*G49)+(L49*G49^1.5)+(0.00000048314*G49^2)))) -> 1.0268702 | N49: =IF(ISBLANK(D49),"",IF(ISBLANK(G49),J49*(1+0.00001*(35-20)),J49*(1+0.00001*(G49-20)))) -> 109.97638 | O49: =IF(ISBLANK(E49),"",(0.999842594+(0.00006793952*E49)-(0.00000909529*E49^2)+(0.0000001001685*E49^3)-(0.000000001120083*E49^4)+(0.000000000006536332*E49^5))) -> 0.99970208 | P49: =IF(ISBLANK($R$16),"",IF(A49=0,"",IF(ISBLANK($R$17),"",IF(B49=0,"",IF($O$28=$I$29,"",IF(AND($I$29=$O$29,D49<1000),"N° Flac.",IF(AND($I$29=$O$30,D49>1000),"N° Flac.",IF(AND(D49>1202,D49<2001),"Err. N°",IF(AND(D49>499,D49<1141),"Err.N°",(((((F49)+'Correction de volume'!$G$7)*(($P$21)*($P$19)*5598)/(($R$16)-($R$17)))-(($P$27)*1000))/((N49)-($P$26)))))))))))) -> 5.5290621 | Q49: =IF(ISBLANK($R$16),"",IF(A49=0,"",IF(ISBLANK($R$17),"",IF(AND(D49>1202,D49<2001),"Err. N°",IF(AND(D49>499,D49<1141),"Err.N°",IF(B49=0,"",IF($O$28=$I$29,"",IF(AND($I$29=$O$29,D49<1000),"N° Flac.",IF(AND($I$29=$O$30,D49>1000),"N° Flac.",P49/M49))))))))) -> 5.3843824 | R49: =IF(ISBLANK($R$16),"",IF(A49=0,"",IF(ISBLANK($R$17),"",IF(B49=0,"",IF(ISBLANK(J49),"",IF(AND(D49>1202,D49<2001),"Err. N°",IF(AND(D49>499,D49<1141),"Err.N°",IF($I$29=$O$28,"",IF(AND($I$29=$O$29,D49<1000),"N° Flac.",IF(AND($I$29=$O$30,D49>1000),"N° Flac.",((44.66*P49)))))))))))) -> 246.92791 | S49: =IF(ISBLANK($R$16),"",IF(A49=0,"",IF(ISBLANK($R$17),"",IF(B49=0,"",IF(ISBLANK(J49),"",IF(AND(D49>1202,D49<2001),"Err. N°",IF(AND(D49>499,D49<1141),"Err.N°",IF($I$29=$O$28,"",IF(AND($I$29=$O$29,D49<1000),"N° Flac.",IF(AND($I$29=$O$30,D49>1000),"N° Flac.",((44.66*P49)/M49))))))))))) -> 240.46652 | T49: 0.19 | U49: 0.19 | V49: 22.6 | W49: 22.08 | X49: 22.41 | Y49: 21.9 | Z49: 1.41 | AA49: 1.38 | AB49: 47.24 | AC49: 46.16
A50: =IF(ISBLANK(VLOOKUP(D50,'Volumes flacons'!A5:C623,3)),0,1) -> 1 | B50: =IF(ISBLANK(D50),0,IF(ISBLANK(E50),0,IF(ISBLANK(F50),0,1))) -> 1 | C50: 16 | D50: 2018 | E50: 10.1 | F50: 5.2514 | G50: 34.88955 | H50: 4000 | I50: 4073 | J50: =IF(ISBLANK(D50),"",IF(VLOOKUP(D50,'Volumes flacons'!$A$5:$C$1023,2)=0,"",IF(D50>'Volumes flacons'!$A$1023,"Mauvais numéro",IF(D50<'Volumes flacons'!$A$5,"Mauvais numéro",(VLOOKUP(D50,'Volumes flacons'!$A$5:$C$1023,3)))))) -> 109.32 | K50: =IF(ISBLANK(E50),"",(0.000824493-(0.0000040899*E50)+(0.000000076438*E50^2)-(0.00000000082467*E50^3)+(0.0000000000053875*E50^4))) -> 0.00079018885 | L50: =IF(ISBLANK(E50),"",(-0.00000572466+(0.00000010227*E50)-(0.0000000016546*E50^2))) -> -4.8605187e-06 | M50: =IF(ISBLANK(E50),"",IF(ISBLANK(G50),(O50+(K50*35)+(L50*35^1.5)+(0.00000048314*35^2)),(O50+(K50*G50)+(L50*G50^1.5)+(0.00000048314*G50^2)))) -> 1.026849 | N50: =IF(ISBLANK(D50),"",IF(ISBLANK(G50),J50*(1+0.00001*(35-20)),J50*(1+0.00001*(G50-20)))) -> 109.33628 | O50: =IF(ISBLANK(E50),"",(0.999842594+(0.00006793952*E50)-(0.00000909529*E50^2)+(0.0000001001685*E50^3)-(0.000000001120083*E50^4)+(0.000000000006536332*E50^5))) -> 0.99969321 | P50: =IF(ISBLANK($R$16),"",IF(A50=0,"",IF(ISBLANK($R$17),"",IF(B50=0,"",IF($O$28=$I$29,"",IF(AND($I$29=$O$29,D50<1000),"N° Flac.",IF(AND($I$29=$O$30,D50>1000),"N° Flac.",IF(AND(D50>1202,D50<2001),"Err. N°",IF(AND(D50>499,D50<1141),"Err.N°",(((((F50)+'Correction de volume'!$G$7)*(($P$21)*($P$19)*5598)/(($R$16)-($R$17)))-(($P$27)*1000))/((N50)-($P$26)))))))))))) -> 5.5069346 | Q50: =IF(ISBLANK($R$16),"",IF(A50=0,"",IF(ISBLANK($R$17),"",IF(AND(D50>1202,D50<2001),"Err. N°",IF(AND(D50>499,D50<1141),"Err.N°",IF(B50=0,"",IF($O$28=$I$29,"",IF(AND($I$29=$O$29,D50<1000),"N° Flac.",IF(AND($I$29=$O$30,D50>1000),"N° Flac.",P50/M50))))))))) -> 5.362945 | R50: =IF(ISBLANK($R$16),"",IF(A50=0,"",IF(ISBLANK($R$17),"",IF(B50=0,"",IF(ISBLANK(J50),"",IF(AND(D50>1202,D50<2001),"Err. N°",IF(AND(D50>499,D50<1141),"Err.N°",IF($I$29=$O$28,"",IF(AND($I$29=$O$29,D50<1000),"N° Flac.",IF(AND($I$29=$O$30,D50>1000),"N° Flac.",((44.66*P50)))))))))))) -> 245.9397 | S50: =IF(ISBLANK($R$16),"",IF(A50=0,"",IF(ISBLANK($R$17),"",IF(B50=0,"",IF(ISBLANK(J50),"",IF(AND(D50>1202,D50<2001),"Err. N°",IF(AND(D50>499,D50<1141),"Err.N°",IF($I$29=$O$28,"",IF(AND($I$29=$O$29,D50<1000),"N° Flac.",IF(AND($I$29=$O$30,D50>1000),"N° Flac.",((44.66*P50)/M50))))))))))) -> 239.50912 | T50: 0.01 | U50: 0.01 | V50: 22.65 | W50: 22.13 | X50: 22.64 | Y50: 22.12 | Z50: 1.43 | AA50: 1.4 | AB50: 47.8 | AC50: 46.71
A51: =IF(ISBLANK(VLOOKUP(D51,'Volumes flacons'!A5:C623,3)),0,1) -> 1 | B51: =IF(ISBLANK(D51),0,IF(ISBLANK(E51),0,IF(ISBLANK(F51),0,1))) -> 1 | C51: 17 | D51: 2019 | E51: 10 | F51: 5.2845 | G51: 34.88965 | H51: 4000 | I51: 4072 | J51: =IF(ISBLANK(D51),"",IF(VLOOKUP(D51,'Volumes flacons'!$A$5:$C$1023,2)=0,"",IF(D51>'Volumes flacons'!$A$1023,"Mauvais numéro",IF(D51<'Volumes flacons'!$A$5,"Mauvais numéro",(VLOOKUP(D51,'Volumes flacons'!$A$5:$C$1023,3)))))) -> 108.2 | K51: =IF(ISBLANK(E51),"",(0.000824493-(0.0000040899*E51)+(0.000000076438*E51^2)-(0.00000000082467*E51^3)+(0.0000000000053875*E51^4))) -> 0.000790467 | L51: =IF(ISBLANK(E51),"",(-0.00000572466+(0.00000010227*E51)-(0.0000000016546*E51^2))) -> -4.86742e-06 | M51: =IF(ISBLANK(E51),"",IF(ISBLANK(G51),(O51+(K51*35)+(L51*35^1.5)+(0.00000048314*35^2)),(O51+(K51*G51)+(L51*G51^1.5)+(0.00000048314*G51^2)))) -> 1.0268662 | N51: =IF(ISBLANK(D51),"",IF(ISBLANK(G51),J51*(1+0.00001*(35-20)),J51*(1+0.00001*(G51-20)))) -> 108.21611 | O51: =IF(ISBLANK(E51),"",(0.999842594+(0.00006793952*E51)-(0.00000909529*E51^2)+(0.0000001001685*E51^3)-(0.000000001120083*E51^4)+(0.000000000006536332*E51^5))) -> 0.99970208 | P51: =IF(ISBLANK($R$16),"",IF(A51=0,"",IF(ISBLANK($R$17),"",IF(B51=0,"",IF($O$28=$I$29,"",IF(AND($I$29=$O$29,D51<1000),"N° Flac.",IF(AND($I$29=$O$30,D51>1000),"N° Flac.",IF(AND(D51>1202,D51<2001),"Err. N°",IF(AND(D51>499,D51<1141),"Err.N°",(((((F51)+'Correction de volume'!$G$7)*(($P$21)*($P$19)*5598)/(($R$16)-($R$17)))-(($P$27)*1000))/((N51)-($P$26)))))))))))) -> 5.6002068 | Q51: =IF(ISBLANK($R$16),"",IF(A51=0,"",IF(ISBLANK($R$17),"",IF(AND(D51>1202,D51<2001),"Err. N°",IF(AND(D51>499,D51<1141),"Err.N°",IF(B51=0,"",IF($O$28=$I$29,"",IF(AND($I$29=$O$29,D51<1000),"N° Flac.",IF(AND($I$29=$O$30,D51>1000),"N° Flac.",P51/M51))))))))) -> 5.4536868 | R51: =IF(ISBLANK($R$16),"",IF(A51=0,"",IF(ISBLANK($R$17),"",IF(B51=0,"",IF(ISBLANK(J51),"",IF(AND(D51>1202,D51<2001),"Err. N°",IF(AND(D51>499,D51<1141),"Err.N°",IF($I$29=$O$28,"",IF(AND($I$29=$O$29,D51<1000),"N° Flac.",IF(AND($I$29=$O$30,D51>1000),"N° Flac.",((44.66*P51)))))))))))) -> 250.10523 | S51: =IF(ISBLANK($R$16),"",IF(A51=0,"",IF(ISBLANK($R$17),"",IF(B51=0,"",IF(ISBLANK(J51),"",IF(AND(D51>1202,D51<2001),"Err. N°",IF(AND(D51>499,D51<1141),"Err.N°",IF($I$29=$O$28,"",IF(AND($I$29=$O$29,D51<1000),"N° Flac.",IF(AND($I$29=$O$30,D51>1000),"N° Flac.",((44.66*P51)/M51))))))))))) -> 243.56165 | T51: 0 | U51: 0 | V51: 23.1 | W51: 22.57 | X51: 23.1 | Y51: 22.57 | Z51: 1.44 | AA51: 1.41 | AB51: 47.72 | AC51: 46.63
A52: =IF(ISBLANK(VLOOKUP(D52,'Volumes flacons'!A5:C623,3)),0,1) -> 1 | B52: =IF(ISBLANK(D52),0,IF(ISBLANK(E52),0,IF(ISBLANK(F52),0,1))) -> 1 | C52: 18 | D52: 2021 | E52: 10.4 | F52: 5.359 | G52: 34.88975 | H52: 4000 | I52: 4073 | J52: =IF(ISBLANK(D52),"",IF(VLOOKUP(D52,'Volumes flacons'!$A$5:$C$1023,2)=0,"",IF(D52>'Volumes flacons'!$A$1023,"Mauvais numéro",IF(D52<'Volumes flacons'!$A$5,"Mauvais numéro",(VLOOKUP(D52,'Volumes flacons'!$A$5:$C$1023,3)))))) -> 110.95 | K52: =IF(ISBLANK(E52),"",(0.000824493-(0.0000040899*E52)+(0.000000076438*E52^2)-(0.00000000082467*E52^3)+(0.0000000000053875*E52^4))) -> 0.00078936096 | L52: =IF(ISBLANK(E52),"",(-0.00000572466+(0.00000010227*E52)-(0.0000000016546*E52^2))) -> -4.8400135e-06 | M52: =IF(ISBLANK(E52),"",IF(ISBLANK(G52),(O52+(K52*35)+(L52*35^1.5)+(0.00000048314*35^2)),(O52+(K52*G52)+(L52*G52^1.5)+(0.00000048314*G52^2)))) -> 1.0267971 | N52: =IF(ISBLANK(D52),"",IF(ISBLANK(G52),J52*(1+0.00001*(35-20)),J52*(1+0.00001*(G52-20)))) -> 110.96652 | O52: =IF(ISBLANK(E52),"",(0.999842594+(0.00006793952*E52)-(0.00000909529*E52^2)+(0.0000001001685*E52^3)-(0.000000001120083*E52^4)+(0.000000000006536332*E52^5))) -> 0.99966579 | P52: =IF(ISBLANK($R$16),"",IF(A52=0,"",IF(ISBLANK($R$17),"",IF(B52=0,"",IF($O$28=$I$29,"",IF(AND($I$29=$O$29,D52<1000),"N° Flac.",IF(AND($I$29=$O$30,D52>1000),"N° Flac.",IF(AND(D52>1202,D52<2001),"Err. N°",IF(AND(D52>499,D52<1141),"Err.N°",(((((F52)+'Correction de volume'!$G$7)*(($P$21)*($P$19)*5598)/(($R$16)-($R$17)))-(($P$27)*1000))/((N52)-($P$26)))))))))))) -> 5.5359927 | Q52: =IF(ISBLANK($R$16),"",IF(A52=0,"",IF(ISBLANK($R$17),"",IF(AND(D52>1202,D52<2001),"Err. N°",IF(AND(D52>499,D52<1141),"Err.N°",IF(B52=0,"",IF($O$28=$I$29,"",IF(AND($I$29=$O$29,D52<1000),"N° Flac.",IF(AND($I$29=$O$30,D52>1000),"N° Flac.",P52/M52))))))))) -> 5.391516 | R52: =IF(ISBLANK($R$16),"",IF(A52=0,"",IF(ISBLANK($R$17),"",IF(B52=0,"",IF(ISBLANK(J52),"",IF(AND(D52>1202,D52<2001),"Err. N°",IF(AND(D52>499,D52<1141),"Err.N°",IF($I$29=$O$28,"",IF(AND($I$29=$O$29,D52<1000),"N° Flac.",IF(AND($I$29=$O$30,D52>1000),"N° Flac.",((44.66*P52)))))))))))) -> 247.23744 | S52: =IF(ISBLANK($R$16),"",IF(A52=0,"",IF(ISBLANK($R$17),"",IF(B52=0,"",IF(ISBLANK(J52),"",IF(AND(D52>1202,D52<2001),"Err. N°",IF(AND(D52>499,D52<1141),"Err.N°",IF($I$29=$O$28,"",IF(AND($I$29=$O$29,D52<1000),"N° Flac.",IF(AND($I$29=$O$30,D52>1000),"N° Flac.",((44.66*P52)/M52))))))))))) -> 240.7851 | T52: 0 | U52: 0 | V52: 22.82 | W52: 22.3 | X52: 22.82 | Y52: 22.3 | Z52: 1.44 | AA52: 1.41 | AB52: 47.75 | AC52: 46.66
A53: =IF(ISBLANK(VLOOKUP(D53,'Volumes flacons'!A5:C623,3)),0,1) -> 1 | B53: =IF(ISBLANK(D53),0,IF(ISBLANK(E53),0,IF(ISBLANK(F53),0,1))) -> 1 | C53: 19 | D53: 2022 | E53: 10.4 | F53: 5.344 | G53: 34.89065 | H53: 4000 | I53: 4073 | J53: =IF(ISBLANK(D53),"",IF(VLOOKUP(D53,'Volumes flacons'!$A$5:$C$1023,2)=0,"",IF(D53>'Volumes flacons'!$A$1023,"Mauvais numéro",IF(D53<'Volumes flacons'!$A$5,"Mauvais numéro",(VLOOKUP(D53,'Volumes flacons'!$A$5:$C$1023,3)))))) -> 109.76 | K53: =IF(ISBLANK(E53),"",(0.000824493-(0.0000040899*E53)+(0.000000076438*E53^2)-(0.00000000082467*E53^3)+(0.0000000000053875*E53^4))) -> 0.00078936096 | L53: =IF(ISBLANK(E53),"",(-0.00000572466+(0.00000010227*E53)-(0.0000000016546*E53^2))) -> -4.8400135e-06 | M53: =IF(ISBLANK(E53),"",IF(ISBLANK(G53),(O53+(K53*35)+(L53*35^1.5)+(0.00000048314*35^2)),(O53+(K53*G53)+(L53*G53^1.5)+(0.00000048314*G53^2)))) -> 1.0267978 | N53: =IF(ISBLANK(D53),"",IF(ISBLANK(G53),J53*(1+0.00001*(35-20)),J53*(1+0.00001*(G53-20)))) -> 109.77634 | O53: =IF(ISBLANK(E53),"",(0.999842594+(0.00006793952*E53)-(0.00000909529*E53^2)+(0.0000001001685*E53^3)-(0.000000001120083*E53^4)+(0.000000000006536332*E53^5))) -> 0.99966579 | P53: =IF(ISBLANK($R$16),"",IF(A53=0,"",IF(ISBLANK($R$17),"",IF(B53=0,"",IF($O$28=$I$29,"",IF(AND($I$29=$O$29,D53<1000),"N° Flac.",IF(AND($I$29=$O$30,D53>1000),"N° Flac.",IF(AND(D53>1202,D53<2001),"Err. N°",IF(AND(D53>499,D53<1141),"Err.N°",(((((F53)+'Correction de volume'!$G$7)*(($P$21)*($P$19)*5598)/(($R$16)-($R$17)))-(($P$27)*1000))/((N53)-($P$26)))))))))))) -> 5.5814329 | Q53: =IF(ISBLANK($R$16),"",IF(A53=0,"",IF(ISBLANK($R$17),"",IF(AND(D53>1202,D53<2001),"Err. N°",IF(AND(D53>499,D53<1141),"Err.N°",IF(B53=0,"",IF($O$28=$I$29,"",IF(AND($I$29=$O$29,D53<1000),"N° Flac.",IF(AND($I$29=$O$30,D53>1000),"N° Flac.",P53/M53))))))))) -> 5.4357666 | R53: =IF(ISBLANK($R$16),"",IF(A53=0,"",IF(ISBLANK($R$17),"",IF(B53=0,"",IF(ISBLANK(J53),"",IF(AND(D53>1202,D53<2001),"Err. N°",IF(AND(D53>499,D53<1141),"Err.N°",IF($I$29=$O$28,"",IF(AND($I$29=$O$29,D53<1000),"N° Flac.",IF(AND($I$29=$O$30,D53>1000),"N° Flac.",((44.66*P53)))))))))))) -> 249.2668 | S53: =IF(ISBLANK($R$16),"",IF(A53=0,"",IF(ISBLANK($R$17),"",IF(B53=0,"",IF(ISBLANK(J53),"",IF(AND(D53>1202,D53<2001),"Err. N°",IF(AND(D53>499,D53<1141),"Err.N°",IF($I$29=$O$28,"",IF(AND($I$29=$O$29,D53<1000),"N° Flac.",IF(AND($I$29=$O$30,D53>1000),"N° Flac.",((44.66*P53)/M53))))))))))) -> 242.76133 | T53: 0 | U53: 0 | V53: 22.73 | W53: 22.21 | X53: 22.73 | Y53: 22.21 | Z53: 1.4 | AA53: 1.37 | AB53: 47.65 | AC53: 46.56
A54: =IF(ISBLANK(VLOOKUP(D54,'Volumes flacons'!A5:C623,3)),0,1) -> 1 | B54: =IF(ISBLANK(D54),0,IF(ISBLANK(E54),0,IF(ISBLANK(F54),0,1))) -> 0 | C54: 20 | J54: =IF(ISBLANK(D54),"",IF(VLOOKUP(D54,'Volumes flacons'!$A$5:$C$1023,2)=0,"",IF(D54>'Volumes flacons'!$A$1023,"Mauvais numéro",IF(D54<'Volumes flacons'!$A$5,"Mauvais numéro",(VLOOKUP(D54,'Volumes flacons'!$A$5:$C$1023,3)))))) | K54: =IF(ISBLANK(E54),"",(0.000824493-(0.0000040899*E54)+(0.000000076438*E54^2)-(0.00000000082467*E54^3)+(0.0000000000053875*E54^4))) | L54: =IF(ISBLANK(E54),"",(-0.00000572466+(0.00000010227*E54)-(0.0000000016546*E54^2))) | M54: =IF(ISBLANK(E54),"",IF(ISBLANK(G54),(O54+(K54*35)+(L54*35^1.5)+(0.00000048314*35^2)),(O54+(K54*G54)+(L54*G54^1.5)+(0.00000048314*G54^2)))) | N54: =IF(ISBLANK(D54),"",IF(ISBLANK(G54),J54*(1+0.00001*(35-20)),J54*(1+0.00001*(G54-20)))) | O54: =IF(ISBLANK(E54),"",(0.999842594+(0.00006793952*E54)-(0.00000909529*E54^2)+(0.0000001001685*E54^3)-(0.000000001120083*E54^4)+(0.000000000006536332*E54^5))) | P54: =IF(ISBLANK($R$16),"",IF(A54=0,"",IF(ISBLANK($R$17),"",IF(B54=0,"",IF($O$28=$I$29,"",IF(AND($I$29=$O$29,D54<1000),"N° Flac.",IF(AND($I$29=$O$30,D54>1000),"N° Flac.",IF(AND(D54>1202,D54<2001),"Err. N°",IF(AND(D54>499,D54<1141),"Err.N°",(((((F54)+'Correction de volume'!$G$7)*(($P$21)*($P$19)*5598)/(($R$16)-($R$17)))-(($P$27)*1000))/((N54)-($P$26)))))))))))) | Q54: =IF(ISBLANK($R$16),"",IF(A54=0,"",IF(ISBLANK($R$17),"",IF(AND(D54>1202,D54<2001),"Err. N°",IF(AND(D54>499,D54<1141),"Err.N°",IF(B54=0,"",IF($O$28=$I$29,"",IF(AND($I$29=$O$29,D54<1000),"N° Flac.",IF(AND($I$29=$O$30,D54>1000),"N° Flac.",P54/M54))))))))) | R54: =IF(ISBLANK($R$16),"",IF(A54=0,"",IF(ISBLANK($R$17),"",IF(B54=0,"",IF(ISBLANK(J54),"",IF(AND(D54>1202,D54<2001),"Err. N°",IF(AND(D54>499,D54<1141),"Err.N°",IF($I$29=$O$28,"",IF(AND($I$29=$O$29,D54<1000),"N° Flac.",IF(AND($I$29=$O$30,D54>1000),"N° Flac.",((44.66*P54)))))))))))) | S54: =IF(ISBLANK($R$16),"",IF(A54=0,"",IF(ISBLANK($R$17),"",IF(B54=0,"",IF(ISBLANK(J54),"",IF(AND(D54>1202,D54<2001),"Err. N°",IF(AND(D54>499,D54<1141),"Err.N°",IF($I$29=$O$28,"",IF(AND($I$29=$O$29,D54<1000),"N° Flac.",IF(AND($I$29=$O$30,D54>1000),"N° Flac.",((44.66*P54)/M54)))))))))))
A55: =IF(ISBLANK(VLOOKUP(D55,'Volumes flacons'!A5:C623,3)),0,1) -> 1 | B55: =IF(ISBLANK(D55),0,IF(ISBLANK(E55),0,IF(ISBLANK(F55),0,1))) -> 0 | C55: 21 | K55: =IF(ISBLANK(E55),"",(0.000824493-(0.0000040899*E55)+(0.000000076438*E55^2)-(0.00000000082467*E55^3)+(0.0000000000053875*E55^4))) | L55: =IF(ISBLANK(E55),"",(-0.00000572466+(0.00000010227*E55)-(0.0000000016546*E55^2))) | M55: =IF(ISBLANK(E55),"",IF(ISBLANK(G55),(O55+(K55*35)+(L55*35^1.5)+(0.00000048314*35^2)),(O55+(K55*G55)+(L55*G55^1.5)+(0.00000048314*G55^2)))) | N55: =IF(ISBLANK(D55),"",IF(ISBLANK(G55),J55*(1+0.00001*(35-20)),J55*(1+0.00001*(G55-20)))) | O55: =IF(ISBLANK(E55),"",(0.999842594+(0.00006793952*E55)-(0.00000909529*E55^2)+(0.0000001001685*E55^3)-(0.000000001120083*E55^4)+(0.000000000006536332*E55^5))) | P55: =IF(ISBLANK($R$16),"",IF(A55=0,"",IF(ISBLANK($R$17),"",IF(B55=0,"",IF($O$28=$I$29,"",IF(AND($I$29=$O$29,D55<1000),"N° Flac.",IF(AND($I$29=$O$30,D55>1000),"N° Flac.",IF(AND(D55>1202,D55<2001),"Err. N°",IF(AND(D55>499,D55<1141),"Err.N°",(((((F55)+'Correction de volume'!$G$7)*(($P$21)*($P$19)*5598)/(($R$16)-($R$17)))-(($P$27)*1000))/((N55)-($P$26)))))))))))) | Q55: =IF(ISBLANK($R$16),"",IF(A55=0,"",IF(ISBLANK($R$17),"",IF(AND(D55>1202,D55<2001),"Err. N°",IF(AND(D55>499,D55<1141),"Err.N°",IF(B55=0,"",IF($O$28=$I$29,"",IF(AND($I$29=$O$29,D55<1000),"N° Flac.",IF(AND($I$29=$O$30,D55>1000),"N° Flac.",P55/M55))))))))) | R55: =IF(ISBLANK($R$16),"",IF(A55=0,"",IF(ISBLANK($R$17),"",IF(B55=0,"",IF(ISBLANK(J55),"",IF(AND(D55>1202,D55<2001),"Err. N°",IF(AND(D55>499,D55<1141),"Err.N°",IF($I$29=$O$28,"",IF(AND($I$29=$O$29,D55<1000),"N° Flac.",IF(AND($I$29=$O$30,D55>1000),"N° Flac.",((44.66*P55)))))))))))) | S55: =IF(ISBLANK($R$16),"",IF(A55=0,"",IF(ISBLANK($R$17),"",IF(B55=0,"",IF(ISBLANK(J55),"",IF(AND(D55>1202,D55<2001),"Err. N°",IF(AND(D55>499,D55<1141),"Err.N°",IF($I$29=$O$28,"",IF(AND($I$29=$O$29,D55<1000),"N° Flac.",IF(AND($I$29=$O$30,D55>1000),"N° Flac.",((44.66*P55)/M55)))))))))))
A56: =IF(ISBLANK(VLOOKUP(D56,'Volumes flacons'!A5:C623,3)),0,1) -> 1 | B56: =IF(ISBLANK(D56),0,IF(ISBLANK(E56),0,IF(ISBLANK(F56),0,1))) -> 0 | C56: 22 | J56: =IF(ISBLANK(D56),"",IF(VLOOKUP(D56,'Volumes flacons'!$A$5:$C$1023,2)=0,"",IF(D56>'Volumes flacons'!$A$1023,"Mauvais numéro",IF(D56<'Volumes flacons'!$A$5,"Mauvais numéro",(VLOOKUP(D56,'Volumes flacons'!$A$5:$C$1023,3)))))) | K56: =IF(ISBLANK(E56),"",(0.000824493-(0.0000040899*E56)+(0.000000076438*E56^2)-(0.00000000082467*E56^3)+(0.0000000000053875*E56^4))) | L56: =IF(ISBLANK(E56),"",(-0.00000572466+(0.00000010227*E56)-(0.0000000016546*E56^2))) | M56: =IF(ISBLANK(E56),"",IF(ISBLANK(G56),(O56+(K56*35)+(L56*35^1.5)+(0.00000048314*35^2)),(O56+(K56*G56)+(L56*G56^1.5)+(0.00000048314*G56^2)))) | N56: =IF(ISBLANK(D56),"",IF(ISBLANK(G56),J56*(1+0.00001*(35-20)),J56*(1+0.00001*(G56-20)))) | O56: =IF(ISBLANK(E56),"",(0.999842594+(0.00006793952*E56)-(0.00000909529*E56^2)+(0.0000001001685*E56^3)-(0.000000001120083*E56^4)+(0.000000000006536332*E56^5))) | P56: =IF(ISBLANK($R$16),"",IF(A56=0,"",IF(ISBLANK($R$17),"",IF(B56=0,"",IF($O$28=$I$29,"",IF(AND($I$29=$O$29,D56<1000),"N° Flac.",IF(AND($I$29=$O$30,D56>1000),"N° Flac.",IF(AND(D56>1202,D56<2001),"Err. N°",IF(AND(D56>499,D56<1141),"Err.N°",(((((F56)+'Correction de volume'!$G$7)*(($P$21)*($P$19)*5598)/(($R$16)-($R$17)))-(($P$27)*1000))/((N56)-($P$26)))))))))))) | Q56: =IF(ISBLANK($R$16),"",IF(A56=0,"",IF(ISBLANK($R$17),"",IF(AND(D56>1202,D56<2001),"Err. N°",IF(AND(D56>499,D56<1141),"Err.N°",IF(B56=0,"",IF($O$28=$I$29,"",IF(AND($I$29=$O$29,D56<1000),"N° Flac.",IF(AND($I$29=$O$30,D56>1000),"N° Flac.",P56/M56))))))))) | R56: =IF(ISBLANK($R$16),"",IF(A56=0,"",IF(ISBLANK($R$17),"",IF(B56=0,"",IF(ISBLANK(J56),"",IF(AND(D56>1202,D56<2001),"Err. N°",IF(AND(D56>499,D56<1141),"Err.N°",IF($I$29=$O$28,"",IF(AND($I$29=$O$29,D56<1000),"N° Flac.",IF(AND($I$29=$O$30,D56>1000),"N° Flac.",((44.66*P56)))))))))))) | S56: =IF(ISBLANK($R$16),"",IF(A56=0,"",IF(ISBLANK($R$17),"",IF(B56=0,"",IF(ISBLANK(J56),"",IF(AND(D56>1202,D56<2001),"Err. N°",IF(AND(D56>499,D56<1141),"Err.N°",IF($I$29=$O$28,"",IF(AND($I$29=$O$29,D56<1000),"N° Flac.",IF(AND($I$29=$O$30,D56>1000),"N° Flac.",((44.66*P56)/M56)))))))))))
A57: =IF(ISBLANK(VLOOKUP(D57,'Volumes flacons'!A5:C623,3)),0,1) -> 1 | B57: =IF(ISBLANK(D57),0,IF(ISBLANK(E57),0,IF(ISBLANK(F57),0,1))) -> 0 | C57: 23 | J57: =IF(ISBLANK(D57),"",IF(VLOOKUP(D57,'Volumes flacons'!$A$5:$C$1023,2)=0,"",IF(D57>'Volumes flacons'!$A$1023,"Mauvais numéro",IF(D57<'Volumes flacons'!$A$5,"Mauvais numéro",(VLOOKUP(D57,'Volumes flacons'!$A$5:$C$1023,3)))))) | K57: =IF(ISBLANK(E57),"",(0.000824493-(0.0000040899*E57)+(0.000000076438*E57^2)-(0.00000000082467*E57^3)+(0.0000000000053875*E57^4))) | L57: =IF(ISBLANK(E57),"",(-0.00000572466+(0.00000010227*E57)-(0.0000000016546*E57^2))) | M57: =IF(ISBLANK(E57),"",IF(ISBLANK(G57),(O57+(K57*35)+(L57*35^1.5)+(0.00000048314*35^2)),(O57+(K57*G57)+(L57*G57^1.5)+(0.00000048314*G57^2)))) | N57: =IF(ISBLANK(D57),"",IF(ISBLANK(G57),J57*(1+0.00001*(35-20)),J57*(1+0.00001*(G57-20)))) | O57: =IF(ISBLANK(E57),"",(0.999842594+(0.00006793952*E57)-(0.00000909529*E57^2)+(0.0000001001685*E57^3)-(0.000000001120083*E57^4)+(0.000000000006536332*E57^5))) | P57: =IF(ISBLANK($R$16),"",IF(A57=0,"",IF(ISBLANK($R$17),"",IF(B57=0,"",IF($O$28=$I$29,"",IF(AND($I$29=$O$29,D57<1000),"N° Flac.",IF(AND($I$29=$O$30,D57>1000),"N° Flac.",IF(AND(D57>1202,D57<2001),"Err. N°",IF(AND(D57>499,D57<1141),"Err.N°",(((((F57)+'Correction de volume'!$G$7)*(($P$21)*($P$19)*5598)/(($R$16)-($R$17)))-(($P$27)*1000))/((N57)-($P$26)))))))))))) | Q57: =IF(ISBLANK($R$16),"",IF(A57=0,"",IF(ISBLANK($R$17),"",IF(AND(D57>1202,D57<2001),"Err. N°",IF(AND(D57>499,D57<1141),"Err.N°",IF(B57=0,"",IF($O$28=$I$29,"",IF(AND($I$29=$O$29,D57<1000),"N° Flac.",IF(AND($I$29=$O$30,D57>1000),"N° Flac.",P57/M57))))))))) | R57: =IF(ISBLANK($R$16),"",IF(A57=0,"",IF(ISBLANK($R$17),"",IF(B57=0,"",IF(ISBLANK(J57),"",IF(AND(D57>1202,D57<2001),"Err. N°",IF(AND(D57>499,D57<1141),"Err.N°",IF($I$29=$O$28,"",IF(AND($I$29=$O$29,D57<1000),"N° Flac.",IF(AND($I$29=$O$30,D57>1000),"N° Flac.",((44.66*P57)))))))))))) | S57: =IF(ISBLANK($R$16),"",IF(A57=0,"",IF(ISBLANK($R$17),"",IF(B57=0,"",IF(ISBLANK(J57),"",IF(AND(D57>1202,D57<2001),"Err. N°",IF(AND(D57>499,D57<1141),"Err.N°",IF($I$29=$O$28,"",IF(AND($I$29=$O$29,D57<1000),"N° Flac.",IF(AND($I$29=$O$30,D57>1000),"N° Flac.",((44.66*P57)/M57)))))))))))
A58: =IF(ISBLANK(VLOOKUP(D58,'Volumes flacons'!A5:C623,3)),0,1) -> 1 | B58: =IF(ISBLANK(D58),0,IF(ISBLANK(E58),0,IF(ISBLANK(F58),0,1))) -> 0 | C58: 24 | J58: =IF(ISBLANK(D58),"",IF(VLOOKUP(D58,'Volumes flacons'!$A$5:$C$1023,2)=0,"",IF(D58>'Volumes flacons'!$A$1023,"Mauvais numéro",IF(D58<'Volumes flacons'!$A$5,"Mauvais numéro",(VLOOKUP(D58,'Volumes flacons'!$A$5:$C$1023,3)))))) | K58: =IF(ISBLANK(E58),"",(0.000824493-(0.0000040899*E58)+(0.000000076438*E58^2)-(0.00000000082467*E58^3)+(0.0000000000053875*E58^4))) | L58: =IF(ISBLANK(E58),"",(-0.00000572466+(0.00000010227*E58)-(0.0000000016546*E58^2))) | M58: =IF(ISBLANK(E58),"",IF(ISBLANK(G58),(O58+(K58*35)+(L58*35^1.5)+(0.00000048314*35^2)),(O58+(K58*G58)+(L58*G58^1.5)+(0.00000048314*G58^2)))) | N58: =IF(ISBLANK(D58),"",IF(ISBLANK(G58),J58*(1+0.00001*(35-20)),J58*(1+0.00001*(G58-20)))) | O58: =IF(ISBLANK(E58),"",(0.999842594+(0.00006793952*E58)-(0.00000909529*E58^2)+(0.0000001001685*E58^3)-(0.000000001120083*E58^4)+(0.000000000006536332*E58^5))) | P58: =IF(ISBLANK($R$16),"",IF(A58=0,"",IF(ISBLANK($R$17),"",IF(B58=0,"",IF($O$28=$I$29,"",IF(AND($I$29=$O$29,D58<1000),"N° Flac.",IF(AND($I$29=$O$30,D58>1000),"N° Flac.",IF(AND(D58>1202,D58<2001),"Err. N°",IF(AND(D58>499,D58<1141),"Err.N°",(((((F58)+'Correction de volume'!$G$7)*(($P$21)*($P$19)*5598)/(($R$16)-($R$17)))-(($P$27)*1000))/((N58)-($P$26)))))))))))) | Q58: =IF(ISBLANK($R$16),"",IF(A58=0,"",IF(ISBLANK($R$17),"",IF(AND(D58>1202,D58<2001),"Err. N°",IF(AND(D58>499,D58<1141),"Err.N°",IF(B58=0,"",IF($O$28=$I$29,"",IF(AND($I$29=$O$29,D58<1000),"N° Flac.",IF(AND($I$29=$O$30,D58>1000),"N° Flac.",P58/M58))))))))) | R58: =IF(ISBLANK($R$16),"",IF(A58=0,"",IF(ISBLANK($R$17),"",IF(B58=0,"",IF(ISBLANK(J58),"",IF(AND(D58>1202,D58<2001),"Err. N°",IF(AND(D58>499,D58<1141),"Err.N°",IF($I$29=$O$28,"",IF(AND($I$29=$O$29,D58<1000),"N° Flac.",IF(AND($I$29=$O$30,D58>1000),"N° Flac.",((44.66*P58)))))))))))) | S58: =IF(ISBLANK($R$16),"",IF(A58=0,"",IF(ISBLANK($R$17),"",IF(B58=0,"",IF(ISBLANK(J58),"",IF(AND(D58>1202,D58<2001),"Err. N°",IF(AND(D58>499,D58<1141),"Err.N°",IF($I$29=$O$28,"",IF(AND($I$29=$O$29,D58<1000),"N° Flac.",IF(AND($I$29=$O$30,D58>1000),"N° Flac.",((44.66*P58)/M58)))))))))))
D61: Profils des mesures en profondeur
V66: =AVERAGE(S35:S53) -> 241.30334 | Y66: =AVERAGE(G35:G53) -> 34.890853
V67: =STDEV(S35:S53) -> 0.99288226 | Y67: =STDEV(G35:G53) -> 0.0014310518 | AA67: salinité
V69: =AVERAGE(P35:P53) -> 5.5493908 | Z69: moyenne - 2 ecartype | AA69: moyenne | AB69: moyenne + 2 ecartype
V70: =STDEV(P35:P53) -> 0.02251781 | Y70: 0 | Z70: =Y66-(2*Y67) -> 34.887991 | AA70: =Y66 -> 34.890853 | AB70: =Y66+(2*Y67) -> 34.893715
Y71: 19 | Z71: 34.887991 | AA71: 34.890917 | AB71: 34.893715
AA74: oxygène
Z75: moyenne - 2 ecartype | AA75: moyenne | AB75: moyenne + 2 ecartype
Y76: 0 | Z76: =V66-(2*V67) -> 239.31757 | AA76: 241.30334 | AB76: =V66+(2*V67) -> 243.2891
Y77: 19 | Z77: 239.31757 | AA77: 241.30334 | AB77: 243.2891

Sheet 002_01
C2: Campagne : | F2: PIRATA Fr29
C4: Données de campagne
C6: N° de station : | F6: 2 | H6: N° de palanquée : | P6: 1 | R6: Date d'analyse : | T6: 42066
G8: Position | I8: Degrés | J8: Minutes | P8: Cardinal | Q8: Décimale
G9: Latitude | I9: 8 | J9: 59.92 | K9: : | L9: =IF(P9=M9,"+","-") -> + | M9: N | N9: E | O9: =IF(ISBLANK(I9),"",IF(ISBLANK(J9),"",IF(P9=M10,L9&N11,N11))) -> 8°59,92 | P9: N | Q9: =IF(ISBLANK(I9),"",IF(ISBLANK(J9),"",IF(J9>60,"ERREUR !!",O11*(I9+(J9/60))))) -> 8.9986667
G10: Longitude | I10: 20 | J10: 7.5 | K10: : | L10: =IF(P10=N9,"+","-") -> - | M10: S | N10: W | O10: =IF(ISBLANK(I10),"",IF(ISBLANK(J10),"",IF(P10=N10,L10&N12,N12))) -> -20°7,5 | P10: W | Q10: =IF(ISBLANK(I10),"",IF(ISBLANK(J10),"",IF(J10>60,"ERREUR !!",O12*(I10+(J10/60))))) -> -20.125
G11: Prélèvement | I11: Date | J11: 42065 | N11: =I9&"°"&J9 -> 8°59,92 | O11: =IF(P9=M10,-1,1) -> 1 | P11: =TEXT(J11,"aaaa-mm-jj")&"T"&TEXT(J12,"hh:mm:ss")&"z" -> 2019-03-03T22:07:14z | V11: 4.9585
I12: Heure | J12: 0.92168981 | N12: =I10&"°"&J10 -> 20°7,5 | O12: =IF(P10=N10,-1,1) -> -1 | V12: 4.9613
C13: Données : | V13: 4.963
C14: Température du laboratoire à la calibration ( t°c ) | Q14: t°c = | R14: 24.9 | S14: °C | V14: 4.9619
C15: Température du laboratoire au début de la série d'analyses | Q15: t°lab = | R15: 24.9 | S15: °C | V15: 4.9664
C16: Volume moyen de thiosulfate pour la titration à t°c | Q16: Vmoy.titr.t°c = | R16: 4.96222 | S16: mL | V16: =AVERAGE(V11:V15) -> 4.96222
C17: Volume moyen de thiosulfate pour la détermination du blanc à t°c | Q17: Vmoy.titr.blanc.t°c = | R17: 0.006 | S17: mL
C18: Masse volumique de l'eau pure à la calibration | O18: ρ = | P18: =(0.999842594+(0.00006793952*$R$14)-(0.00000909529*$R$14^2)+(0.0000001001685*$R$14^3)-(0.000000001120083*$R$14^4)+(0.000000000006536332*$R$14^5)) -> 0.99707353
C19: Normalite de l'iodate (NIO3) à la température de calibration | O19: N(IO3) = | P19: =$P$24*($P$18/'Titre d''iodate'!E19) -> 0.020006801 | Q19: N
C20: Vol. de la prise d'essai d'iodate (VIO3) à 20°C | O20: V(IO3)20°C = | P20: =5+'Correction de volume'!G8 -> 5.0112146 | Q20: mL
C21: Vol. de la prise d'essai d'iodate (VIO3) à t°c | O21: V(IO3)t°c= | P21: =P20*(1+0.00001*(R14-20)) -> 5.0114601 | Q21: mL
C22: Volume moyen de thiosulfate pour la titration à 20° C | O22: Vmoy.titr.20°C = | P22: =$R$16*(1+0.00001*(20-$R$14)) -> 4.9619769 | Q22: mL
C23: Volume moyen de thiosulfate pour la détermination du blanc à 20° C | O23: Vmoy.titr.blanc.20°C = | P23: =$R$17*(1+0.00001*(20-$R$14)) -> 0.005999706 | Q23: mL
C24: Normalite de l'iodate (NIO3) à 20°C | O24: N(IO3)20°C = | P24: =MAX('Titre d''iodate'!F7:F10) -> 0.020029531 | Q24: N
C25: Titre du thiosulfate à 20°C | O25: V(Thio)20°C = | P25: =IF(ISBLANK(R14),"",IF(ISBLANK(P21),"",IF(ISBLANK(R17),"",(($P$24*$P$18)/($P$22-$P$23))))) -> 0.0040296625 | Q25: N
C26: Volume de réactif utilisé | O26: Vreg = | P26: =2+('Correction de volume'!G10+'Correction de volume'!G9) -> 2.0304948 | Q26: mL
O27: DOreg = | P27: 0.0017
E29: Choix de la série de flacons : | I29: IRD | O29: IRD
O30: LPO
C31: N° | D31: N° des Flacons | E31: T° prélèv. | F31: Volume de thio. | G31: Salinité | H31: Prof. Théorique | I31: Prof. Effective | J31: V. flacons 20°C | K31: A | L31: B | M31: Densité eau de mer à t° | N31: Vol. à t° prél. des flacons | O31: Densité eau pure à t° | P31: Oxygène dissous | T31: NO2 | V31: NO3 + NO2 | X31: NO3 | Z31: Phosphate | AB31: Silicate | AD31: chlorophyll-c3 | AE31: chlorophyll-c1+c2 | AF31: peridinin | AG31: 19'-butanoyloxyfucoxanthin | AH31: fucoxanthine | AI31: neoxanthin | AJ31: prasinoxanthin | AK31: violaxanthin | AL31: 19'-hexanoyloxyfucoxanthin | AM31: diadinoxanthin | AN31: alloxanthin | AO31: diatoxanthin | AP31: zeaxanthin | AQ31: lutein | AR31: divinyl chlorophyll-b | AS31: chlorophyll-b | AT31: total chlorophyll-b | AU31: alpha-carotene | AV31: beta-carotene | AW31: pheophorbide | AX31: divinyl chlorophyll-a | AY31: chlorophyll-a | AZ31: total chlorophyll-a | BA31: pheophytin_a | BB31: crocoxanthin
C33: BTL | E33: °C | F33: ml | H33: m | I33: dbar | J33: ml | P33: DOX1 | R33: DOXY | S33: DOX2 | T33: NTRI | U33: NTIW | V33: NTRZ | W33: NTZW | X33: NTRA | Y33: NTAW | Z33: PHOS | AA33: PHOW | AB33: SLCA | AC33: SLCW | AD33: CHC3 | AE33: CHCZ | AF33: PERP | AG33: BFUP | AH33: FUCP | AI33: NEXW | AJ33: PXAP | AK33: VIOW | AL33: HFUP | AM33: DXAP | AN33: AXAP | AO33: TXAP | AP33: ZXAP | AQ33: LUTW | AR33: CHBD | AS33: CH2P | AT33: CHLB | AU33: AACP | AV33: BBCP | AW33: PHEP | AX33: CHAD | AY33: CH1P | AZ33: CPHL | BA33: PHEA | BB33: CXAP
N34: mL | P34: ml/l | Q34: ml/kg | R34: µmol/l | S34: µmol/kg | T34: µmol/l | U34: µmol/kg | V34: µmol/l | W34: µmol/kg | X34: µmol/l | Y34: µmol/kg | Z34: µmol/l | AA34: µmol/kg | AB34: µmol/l | AC34: µmol/kg | AD34: µg.l-1 | AE34: µg.l-1 | AF34: µg.l-1 | AG34: µg.l-1 | AH34: µg.l-1 | AI34: µg.l-1 | AJ34: µg.l-1 | AK34: µg.l-1 | AL34: µg.l-1 | AM34: µg.l-1 | AN34: µg.l-1 | AO34: µg.l-1 | AP34: µg.l-1 | AQ34: µg.l-1 | AR34: µg.l-1 | AS34: µg.l-1 | AT34: µg.l-1 | AU34: µg.l-1 | AV34: µg.l-1 | AW34: µg.l-1 | AX34: µg.l-1 | AY34: µg.l-1 | AZ34: µg.l-1 | BA34: µg.l-1 | BB34: µg.l-1
A35: =IF(ISBLANK(VLOOKUP(D35,'Volumes flacons'!A5:C623,3)),0,1) -> 1 | B35: =IF(ISBLANK(D35),0,IF(ISBLANK(E35),0,IF(ISBLANK(F35),0,1))) -> 1 | C35: 1 | D35: 2029 | E35: 7.7 | F35: 5.1386 | G35: 34.9518 | H35: 2000 | I35: 2025.9 | J35: =IF(ISBLANK(D35),"",IF(VLOOKUP(D35,'Volumes flacons'!$A$5:$C$1023,2)=0,"",IF(D35>'Volumes flacons'!$A$1023,"Mauvais numéro",IF(D35<'Volumes flacons'!$A$5,"Mauvais numéro",(VLOOKUP(D35,'Volumes flacons'!$A$5:$C$1023,3)))))) -> 108.87 | K35: =IF(ISBLANK(E35),"",(0.000824493-(0.0000040899*E35)+(0.000000076438*E35^2)-(0.00000000082467*E35^3)+(0.0000000000053875*E35^4))) -> 0.00079717523 | L35: =IF(ISBLANK(E35),"",(-0.00000572466+(0.00000010227*E35)-(0.0000000016546*E35^2))) -> -5.0352822e-06 | M35: =IF(ISBLANK(E35),"",IF(ISBLANK(G35),(O35+(K35*35)+(L35*35^1.5)+(0.00000048314*35^2)),(O35+(K35*G35)+(L35*G35^1.5)+(0.00000048314*G35^2)))) -> 1.0272809 | N35: =IF(ISBLANK(D35),"",IF(ISBLANK(G35),J35*(1+0.00001*(35-20)),J35*(1+0.00001*(G35-20)))) -> 108.88628 | O35: =IF(ISBLANK(E35),"",(0.999842594+(0.00006793952*E35)-(0.00000909529*E35^2)+(0.0000001001685*E35^3)-(0.000000001120083*E35^4)+(0.000000000006536332*E35^5))) -> 0.99986844 | P35: =IF(ISBLANK($R$16),"",IF(A35=0,"",IF(ISBLANK($R$17),"",IF(B35=0,"",IF($O$28=$I$29,"",IF(AND($I$29=$O$29,D35<1000),"N° Flac.",IF(AND($I$29=$O$30,D35>1000),"N° Flac.",IF(AND(D35>1202,D35<2001),"Err. N°",IF(AND(D35>499,D35<1141),"Err.N°",(((((F35)+'Correction de volume'!$G$7)*(($P$21)*($P$19)*5598)/(($R$16)-($R$17)))-(($P$27)*1000))/((N35)-($P$26)))))))))))) -> 5.4298488 | Q35: =IF(ISBLANK($R$16),"",IF(A35=0,"",IF(ISBLANK($R$17),"",IF(AND(D35>1202,D35<2001),"Err. N°",IF(AND(D35>499,D35<1141),"Err.N°",IF(B35=0,"",IF($O$28=$I$29,"",IF(AND($I$29=$O$29,D35<1000),"N° Flac.",IF(AND($I$29=$O$30,D35>1000),"N° Flac.",P35/M35))))))))) -> 5.2856515 | R35: =IF(ISBLANK($R$16),"",IF(A35=0,"",IF(ISBLANK($R$17),"",IF(B35=0,"",IF(ISBLANK(J35),"",IF(AND(D35>1202,D35<2001),"Err. N°",IF(AND(D35>499,D35<1141),"Err.N°",IF($I$29=$O$28,"",IF(AND($I$29=$O$29,D35<1000),"N° Flac.",IF(AND($I$29=$O$30,D35>1000),"N° Flac.",((44.66*P35)))))))))))) -> 242.49705 | S35: =IF(ISBLANK($R$16),"",IF(A35=0,"",IF(ISBLANK($R$17),"",IF(B35=0,"",IF(ISBLANK(J35),"",IF(AND(D35>1202,D35<2001),"Err. N°",IF(AND(D35>499,D35<1141),"Err.N°",IF($I$29=$O$28,"",IF(AND($I$29=$O$29,D35<1000),"N° Flac.",IF(AND($I$29=$O$30,D35>1000),"N° Flac.",((44.66*P35)/M35))))))))))) -> 236.0572 | T35: 0 | U35: 0 | V35: 22 | W35: 21.5 | X35: 22 | Y35: 21.5 | Z35: 1.45 | AA35: 1.42 | AB35: 26.1 | AC35: 25.5
A36: =IF(ISBLANK(VLOOKUP(D36,'Volumes flacons'!A5:C623,3)),0,1) -> 1 | B36: =IF(ISBLANK(D36),0,IF(ISBLANK(E36),0,IF(ISBLANK(F36),0,1))) -> 1 | C36: 2 | D36: 2030 | E36: 8.5 | F36: 5.1913 | G36: 34.9536 | H36: 2000 | I36: 2025.6 | J36: =IF(ISBLANK(D36),"",IF(VLOOKUP(D36,'Volumes flacons'!$A$5:$C$1023,2)=0,"",IF(D36>'Volumes flacons'!$A$1023,"Mauvais numéro",IF(D36<'Volumes flacons'!$A$5,"Mauvais numéro",(VLOOKUP(D36,'Volumes flacons'!$A$5:$C$1023,3)))))) -> 110.13 | K36: =IF(ISBLANK(E36),"",(0.000824493-(0.0000040899*E36)+(0.000000076438*E36^2)-(0.00000000082467*E36^3)+(0.0000000000053875*E36^4))) -> 0.00079477317 | L36: =IF(ISBLANK(E36),"",(-0.00000572466+(0.00000010227*E36)-(0.0000000016546*E36^2))) -> -4.9749099e-06 | M36: =IF(ISBLANK(E36),"",IF(ISBLANK(G36),(O36+(K36*35)+(L36*35^1.5)+(0.00000048314*35^2)),(O36+(K36*G36)+(L36*G36^1.5)+(0.00000048314*G36^2)))) -> 1.0271613 | N36: =IF(ISBLANK(D36),"",IF(ISBLANK(G36),J36*(1+0.00001*(35-20)),J36*(1+0.00001*(G36-20)))) -> 110.14647 | O36: =IF(ISBLANK(E36),"",(0.999842594+(0.00006793952*E36)-(0.00000909529*E36^2)+(0.0000001001685*E36^3)-(0.000000001120083*E36^4)+(0.000000000006536332*E36^5))) -> 0.9998189 | P36: =IF(ISBLANK($R$16),"",IF(A36=0,"",IF(ISBLANK($R$17),"",IF(B36=0,"",IF($O$28=$I$29,"",IF(AND($I$29=$O$29,D36<1000),"N° Flac.",IF(AND($I$29=$O$30,D36>1000),"N° Flac.",IF(AND(D36>1202,D36<2001),"Err. N°",IF(AND(D36>499,D36<1141),"Err.N°",(((((F36)+'Correction de volume'!$G$7)*(($P$21)*($P$19)*5598)/(($R$16)-($R$17)))-(($P$27)*1000))/((N36)-($P$26)))))))))))) -> 5.4217598 | Q36: =IF(ISBLANK($R$16),"",IF(A36=0,"",IF(ISBLANK($R$17),"",IF(AND(D36>1202,D36<2001),"Err. N°",IF(AND(D36>499,D36<1141),"Err.N°",IF(B36=0,"",IF($O$28=$I$29,"",IF(AND($I$29=$O$29,D36<1000),"N° Flac.",IF(AND($I$29=$O$30,D36>1000),"N° Flac.",P36/M36))))))))) -> 5.2783918 | R36: =IF(ISBLANK($R$16),"",IF(A36=0,"",IF(ISBLANK($R$17),"",IF(B36=0,"",IF(ISBLANK(J36),"",IF(AND(D36>1202,D36<2001),"Err. N°",IF(AND(D36>499,D36<1141),"Err.N°",IF($I$29=$O$28,"",IF(AND($I$29=$O$29,D36<1000),"N° Flac.",IF(AND($I$29=$O$30,D36>1000),"N° Flac.",((44.66*P36)))))))))))) -> 242.13579 | S36: =IF(ISBLANK($R$16),"",IF(A36=0,"",IF(ISBLANK($R$17),"",IF(B36=0,"",IF(ISBLANK(J36),"",IF(AND(D36>1202,D36<2001),"Err. N°",IF(AND(D36>499,D36<1141),"Err.N°",IF($I$29=$O$28,"",IF(AND($I$29=$O$29,D36<1000),"N° Flac.",IF(AND($I$29=$O$30,D36>1000),"N° Flac.",((44.66*P36)/M36))))))))))) -> 235.73298 | T36: 0 | U36: 0 | V36: 22.2 | W36: 21.7 | X36: 22.2 | Y36: 21.7 | Z36: 1.45 | AA36: 1.42 | AB36: 26.5 | AC36: 25.9
A37: =IF(ISBLANK(VLOOKUP(D38,'Volumes flacons'!A5:C623,3)),0,1) -> 1 | B37: =IF(ISBLANK(D38),0,IF(ISBLANK(E38),0,IF(ISBLANK(F38),0,1))) -> 1 | C37: 3 | H37: 1750 | I37: 1769.4 | T37: 0 | U37: 0 | V37: 22.5 | W37: 22 | X37: 22.5 | Y37: 22 | Z37: 1.45 | AA37: 1.42 | AB37: 23.4 | AC37: 22.9
A38: =IF(ISBLANK(VLOOKUP(D40,'Volumes flacons'!A5:C623,3)),0,1) -> 1 | B38: =IF(ISBLANK(D40),0,IF(ISBLANK(E40),0,IF(ISBLANK(F40),0,1))) -> 1 | C38: 4 | D38: 2031 | E38: 9.1 | F38: 4.5139 | G38: 34.94065 | H38: 1500 | I38: 1516.6 | J38: =IF(ISBLANK(D38),"",IF(VLOOKUP(D38,'Volumes flacons'!$A$5:$C$1023,2)=0,"",IF(D38>'Volumes flacons'!$A$1023,"Mauvais numéro",IF(D38<'Volumes flacons'!$A$5,"Mauvais numéro",(VLOOKUP(D38,'Volumes flacons'!$A$5:$C$1023,3)))))) -> 107.83 | K38: =IF(ISBLANK(E38),"",(0.000824493-(0.0000040899*E38)+(0.000000076438*E38^2)-(0.00000000082467*E38^3)+(0.0000000000053875*E38^4))) -> 0.00079302024 | L38: =IF(ISBLANK(E38),"",(-0.00000572466+(0.00000010227*E38)-(0.0000000016546*E38^2))) -> -4.9310204e-06 | M38: =IF(ISBLANK(E38),"",IF(ISBLANK(G38),(O38+(K38*35)+(L38*35^1.5)+(0.00000048314*35^2)),(O38+(K38*G38)+(L38*G38^1.5)+(0.00000048314*G38^2)))) -> 1.0270559 | N38: =IF(ISBLANK(D38),"",IF(ISBLANK(G38),J38*(1+0.00001*(35-20)),J38*(1+0.00001*(G38-20)))) -> 107.84611 | O38: =IF(ISBLANK(E38),"",(0.999842594+(0.00006793952*E38)-(0.00000909529*E38^2)+(0.0000001001685*E38^3)-(0.000000001120083*E38^4)+(0.000000000006536332*E38^5))) -> 0.99977587 | P38: =IF(ISBLANK($R$16),"",IF(A37=0,"",IF(ISBLANK($R$17),"",IF(B37=0,"",IF($O$28=$I$29,"",IF(AND($I$29=$O$29,D38<1000),"N° Flac.",IF(AND($I$29=$O$30,D38>1000),"N° Flac.",IF(AND(D38>1202,D38<2001),"Err. N°",IF(AND(D38>499,D38<1141),"Err.N°",(((((F38)+'Correction de volume'!$G$7)*(($P$21)*($P$19)*5598)/(($R$16)-($R$17)))-(($P$27)*1000))/((N38)-($P$26)))))))))))) -> 4.8146556 | Q38: =IF(ISBLANK($R$16),"",IF(A37=0,"",IF(ISBLANK($R$17),"",IF(AND(D38>1202,D38<2001),"Err. N°",IF(AND(D38>499,D38<1141),"Err.N°",IF(B37=0,"",IF($O$28=$I$29,"",IF(AND($I$29=$O$29,D38<1000),"N° Flac.",IF(AND($I$29=$O$30,D38>1000),"N° Flac.",P38/M38))))))))) -> 4.6878223 | R38: =IF(ISBLANK($R$16),"",IF(A37=0,"",IF(ISBLANK($R$17),"",IF(B37=0,"",IF(ISBLANK(J38),"",IF(AND(D38>1202,D38<2001),"Err. N°",IF(AND(D38>499,D38<1141),"Err.N°",IF($I$29=$O$28,"",IF(AND($I$29=$O$29,D38<1000),"N° Flac.",IF(AND($I$29=$O$30,D38>1000),"N° Flac.",((44.66*P38)))))))))))) -> 215.02252 | S38: =IF(ISBLANK($R$16),"",IF(A37=0,"",IF(ISBLANK($R$17),"",IF(B37=0,"",IF(ISBLANK(J38),"",IF(AND(D38>1202,D38<2001),"Err. N°",IF(AND(D38>499,D38<1141),"Err.N°",IF($I$29=$O$28,"",IF(AND($I$29=$O$29,D38<1000),"N° Flac.",IF(AND($I$29=$O$30,D38>1000),"N° Flac.",((44.66*P38)/M38))))))))))) -> 209.35814 | T38: 0 | U38: 0 | V38: 24.4 | W38: 23.9 | X38: 24.4 | Y38: 23.9 | Z38: 1.61 | AA38: 1.57 | AB38: 23.1 | AC38: 22.6
A39: =IF(ISBLANK(VLOOKUP(D42,'Volumes flacons'!A5:C623,3)),0,1) -> 1 | B39: =IF(ISBLANK(D42),0,IF(ISBLANK(E42),0,IF(ISBLANK(F42),0,1))) -> 1 | C39: 5 | H39: 1250 | I39: 1263.1 | T39: 0 | U39: 0 | V39: 29 | W39: 28.3 | X39: 29 | Y39: 28.3 | Z39: 1.89 | AA39: 1.85 | AB39: 25.6 | AC39: 25
A40: =IF(ISBLANK(VLOOKUP(D44,'Volumes flacons'!A5:C623,3)),0,1) -> 1 | B40: =IF(ISBLANK(D44),0,IF(ISBLANK(E44),0,IF(ISBLANK(F44),0,1))) -> 1 | C40: 6 | D40: 2032 | E40: 10.4 | F40: 2.7781 | G40: 34.7458 | H40: 1000 | I40: 1008.4 | J40: =IF(ISBLANK(D40),"",IF(VLOOKUP(D40,'Volumes flacons'!$A$5:$C$1023,2)=0,"",IF(D40>'Volumes flacons'!$A$1023,"Mauvais numéro",IF(D40<'Volumes flacons'!$A$5,"Mauvais numéro",(VLOOKUP(D40,'Volumes flacons'!$A$5:$C$1023,3)))))) -> 111.3 | K40: =IF(ISBLANK(E40),"",(0.000824493-(0.0000040899*E40)+(0.000000076438*E40^2)-(0.00000000082467*E40^3)+(0.0000000000053875*E40^4))) -> 0.00078936096 | L40: =IF(ISBLANK(E40),"",(-0.00000572466+(0.00000010227*E40)-(0.0000000016546*E40^2))) -> -4.8400135e-06 | M40: =IF(ISBLANK(E40),"",IF(ISBLANK(G40),(O40+(K40*35)+(L40*35^1.5)+(0.00000048314*35^2)),(O40+(K40*G40)+(L40*G40^1.5)+(0.00000048314*G40^2)))) -> 1.0266848 | N40: =IF(ISBLANK(D40),"",IF(ISBLANK(G40),J40*(1+0.00001*(35-20)),J40*(1+0.00001*(G40-20)))) -> 111.31641 | O40: =IF(ISBLANK(E40),"",(0.999842594+(0.00006793952*E40)-(0.00000909529*E40^2)+(0.0000001001685*E40^3)-(0.000000001120083*E40^4)+(0.000000000006536332*E40^5))) -> 0.99966579 | P40: =IF(ISBLANK($R$16),"",IF(A38=0,"",IF(ISBLANK($R$17),"",IF(B38=0,"",IF($O$28=$I$29,"",IF(AND($I$29=$O$29,D40<1000),"N° Flac.",IF(AND($I$29=$O$30,D40>1000),"N° Flac.",IF(AND(D40>1202,D40<2001),"Err. N°",IF(AND(D40>499,D40<1141),"Err.N°",(((((F40)+'Correction de volume'!$G$7)*(($P$21)*($P$19)*5598)/(($R$16)-($R$17)))-(($P$27)*1000))/((N40)-($P$26)))))))))))) -> 2.8630653 | Q40: =IF(ISBLANK($R$16),"",IF(A38=0,"",IF(ISBLANK($R$17),"",IF(AND(D40>1202,D40<2001),"Err. N°",IF(AND(D40>499,D40<1141),"Err.N°",IF(B38=0,"",IF($O$28=$I$29,"",IF(AND($I$29=$O$29,D40<1000),"N° Flac.",IF(AND($I$29=$O$30,D40>1000),"N° Flac.",P40/M40))))))))) -> 2.7886509 | R40: =IF(ISBLANK($R$16),"",IF(A38=0,"",IF(ISBLANK($R$17),"",IF(B38=0,"",IF(ISBLANK(J40),"",IF(AND(D40>1202,D40<2001),"Err. N°",IF(AND(D40>499,D40<1141),"Err.N°",IF($I$29=$O$28,"",IF(AND($I$29=$O$29,D40<1000),"N° Flac.",IF(AND($I$29=$O$30,D40>1000),"N° Flac.",((44.66*P40)))))))))))) -> 127.8645 | S40: =IF(ISBLANK($R$16),"",IF(A38=0,"",IF(ISBLANK($R$17),"",IF(B38=0,"",IF(ISBLANK(J40),"",IF(AND(D40>1202,D40<2001),"Err. N°",IF(AND(D40>499,D40<1141),"Err.N°",IF($I$29=$O$28,"",IF(AND($I$29=$O$29,D40<1000),"N° Flac.",IF(AND($I$29=$O$30,D40>1000),"N° Flac.",((44.66*P40)/M40))))))))))) -> 124.54115 | T40: 0 | U40: 0 | V40: 37.7 | W40: 36.9 | X40: 37.7 | Y40: 36.9 | Z40: 2.33 | AA40: 2.28 | AB40: 26.8 | AC40: 26.2
A41: =IF(ISBLANK(VLOOKUP(D46,'Volumes flacons'!A5:C623,3)),0,1) -> 1 | B41: =IF(ISBLANK(D46),0,IF(ISBLANK(E46),0,IF(ISBLANK(F46),0,1))) -> 1 | C41: 7 | H41: 800 | I41: 806.8 | T41: 0 | U41: 0 | V41: 38.6 | W41: 37.7 | X41: 38.6 | Y41: 37.7 | Z41: 2.27 | AA41: 2.22 | AB41: 21.1 | AC41: 20.6
A42: =IF(ISBLANK(VLOOKUP(D47,'Volumes flacons'!A5:C623,3)),0,1) -> 1 | B42: =IF(ISBLANK(D47),0,IF(ISBLANK(E47),0,IF(ISBLANK(F47),0,1))) -> 1 | C42: 8 | D42: 2033 | E42: 12.4 | F42: 1.2151 | G42: 34.8991 | H42: 600 | I42: 604.4 | J42: =IF(ISBLANK(D42),"",IF(VLOOKUP(D42,'Volumes flacons'!$A$5:$C$1023,2)=0,"",IF(D42>'Volumes flacons'!$A$1023,"Mauvais numéro",IF(D42<'Volumes flacons'!$A$5,"Mauvais numéro",(VLOOKUP(D42,'Volumes flacons'!$A$5:$C$1023,3)))))) -> 110.79 | K42: =IF(ISBLANK(E42),"",(0.000824493-(0.0000040899*E42)+(0.000000076438*E42^2)-(0.00000000082467*E42^3)+(0.0000000000053875*E42^4))) -> 0.00078408638 | L42: =IF(ISBLANK(E42),"",(-0.00000572466+(0.00000010227*E42)-(0.0000000016546*E42^2))) -> -4.7109233e-06 | M42: =IF(ISBLANK(E42),"",IF(ISBLANK(G42),(O42+(K42*35)+(L42*35^1.5)+(0.00000048314*35^2)),(O42+(K42*G42)+(L42*G42^1.5)+(0.00000048314*G42^2)))) -> 1.0264341 | N42: =IF(ISBLANK(D42),"",IF(ISBLANK(G42),J42*(1+0.00001*(35-20)),J42*(1+0.00001*(G42-20)))) -> 110.80651 | O42: =IF(ISBLANK(E42),"",(0.999842594+(0.00006793952*E42)-(0.00000909529*E42^2)+(0.0000001001685*E42^3)-(0.000000001120083*E42^4)+(0.000000000006536332*E42^5))) -> 0.99945297 | P42: =IF(ISBLANK($R$16),"",IF(A39=0,"",IF(ISBLANK($R$17),"",IF(B39=0,"",IF($O$28=$I$29,"",IF(AND($I$29=$O$29,D42<1000),"N° Flac.",IF(AND($I$29=$O$30,D42>1000),"N° Flac.",IF(AND(D42>1202,D42<2001),"Err. N°",IF(AND(D42>499,D42<1141),"Err.N°",(((((F42)+'Correction de volume'!$G$7)*(($P$21)*($P$19)*5598)/(($R$16)-($R$17)))-(($P$27)*1000))/((N42)-($P$26)))))))))))) -> 1.2492521 | Q42: =IF(ISBLANK($R$16),"",IF(A39=0,"",IF(ISBLANK($R$17),"",IF(AND(D42>1202,D42<2001),"Err. N°",IF(AND(D42>499,D42<1141),"Err.N°",IF(B39=0,"",IF($O$28=$I$29,"",IF(AND($I$29=$O$29,D42<1000),"N° Flac.",IF(AND($I$29=$O$30,D42>1000),"N° Flac.",P42/M42))))))))) -> 1.2170797 | R42: =IF(ISBLANK($R$16),"",IF(A39=0,"",IF(ISBLANK($R$17),"",IF(B39=0,"",IF(ISBLANK(J42),"",IF(AND(D42>1202,D42<2001),"Err. N°",IF(AND(D42>499,D42<1141),"Err.N°",IF($I$29=$O$28,"",IF(AND($I$29=$O$29,D42<1000),"N° Flac.",IF(AND($I$29=$O$30,D42>1000),"N° Flac.",((44.66*P42)))))))))))) -> 55.7916 | S42: =IF(ISBLANK($R$16),"",IF(A39=0,"",IF(ISBLANK($R$17),"",IF(B39=0,"",IF(ISBLANK(J42),"",IF(AND(D42>1202,D42<2001),"Err. N°",IF(AND(D42>499,D42<1141),"Err.N°",IF($I$29=$O$28,"",IF(AND($I$29=$O$29,D42<1000),"N° Flac.",IF(AND($I$29=$O$30,D42>1000),"N° Flac.",((44.66*P42)/M42))))))))))) -> 54.354781 | T42: 0.01 | U42: 0.01 | V42: 35 | W42: 34.2 | X42: 35 | Y42: 34.2 | Z42: 2.17 | AA42: 2.12 | AB42: 28.3 | AC42: 27.7
A43: =IF(ISBLANK(VLOOKUP(D48,'Volumes flacons'!A5:C623,3)),0,1) -> 1 | B43: =IF(ISBLANK(D48),0,IF(ISBLANK(E48),0,IF(ISBLANK(F48),0,1))) -> 1 | C43: 9 | H43: 400 | I43: 402.7
A44: =IF(ISBLANK(VLOOKUP(D50,'Volumes flacons'!A5:C623,3)),0,1) -> 1 | B44: =IF(ISBLANK(D50),0,IF(ISBLANK(E50),0,IF(ISBLANK(F50),0,1))) -> 1 | C44: 10 | D44: 2034 | E44: 14.2 | F44: 0.8259 | G44: 35.1888 | H44: 400 | I44: 402.1 | J44: =IF(ISBLANK(D44),"",IF(VLOOKUP(D44,'Volumes flacons'!$A$5:$C$1023,2)=0,"",IF(D44>'Volumes flacons'!$A$1023,"Mauvais numéro",IF(D44<'Volumes flacons'!$A$5,"Mauvais numéro",(VLOOKUP(D44,'Volumes flacons'!$A$5:$C$1023,3)))))) -> 109.25 | K44: =IF(ISBLANK(E44),"",(0.000824493-(0.0000040899*E44)+(0.000000076438*E44^2)-(0.00000000082467*E44^3)+(0.0000000000053875*E44^4))) -> 0.00077968716 | L44: =IF(ISBLANK(E44),"",(-0.00000572466+(0.00000010227*E44)-(0.0000000016546*E44^2))) -> -4.6060595e-06 | M44: =IF(ISBLANK(E44),"",IF(ISBLANK(G44),(O44+(K44*35)+(L44*35^1.5)+(0.00000048314*35^2)),(O44+(K44*G44)+(L44*G44^1.5)+(0.00000048314*G44^2)))) -> 1.0262914 | N44: =IF(ISBLANK(D44),"",IF(ISBLANK(G44),J44*(1+0.00001*(35-20)),J44*(1+0.00001*(G44-20)))) -> 109.26659 | O44: =IF(ISBLANK(E44),"",(0.999842594+(0.00006793952*E44)-(0.00000909529*E44^2)+(0.0000001001685*E44^3)-(0.000000001120083*E44^4)+(0.000000000006536332*E44^5))) -> 0.9992184 | P44: =IF(ISBLANK($R$16),"",IF(A40=0,"",IF(ISBLANK($R$17),"",IF(B40=0,"",IF($O$28=$I$29,"",IF(AND($I$29=$O$29,D44<1000),"N° Flac.",IF(AND($I$29=$O$30,D44>1000),"N° Flac.",IF(AND(D44>1202,D44<2001),"Err. N°",IF(AND(D44>499,D44<1141),"Err.N°",(((((F44)+'Correction de volume'!$G$7)*(($P$21)*($P$19)*5598)/(($R$16)-($R$17)))-(($P$27)*1000))/((N44)-($P$26)))))))))))) -> 0.85617792 | Q44: =IF(ISBLANK($R$16),"",IF(A40=0,"",IF(ISBLANK($R$17),"",IF(AND(D44>1202,D44<2001),"Err. N°",IF(AND(D44>499,D44<1141),"Err.N°",IF(B40=0,"",IF($O$28=$I$29,"",IF(AND($I$29=$O$29,D44<1000),"N° Flac.",IF(AND($I$29=$O$30,D44>1000),"N° Flac.",P44/M44))))))))) -> 0.83424444 | R44: =IF(ISBLANK($R$16),"",IF(A40=0,"",IF(ISBLANK($R$17),"",IF(B40=0,"",IF(ISBLANK(J44),"",IF(AND(D44>1202,D44<2001),"Err. N°",IF(AND(D44>499,D44<1141),"Err.N°",IF($I$29=$O$28,"",IF(AND($I$29=$O$29,D44<1000),"N° Flac.",IF(AND($I$29=$O$30,D44>1000),"N° Flac.",((44.66*P44)))))))))))) -> 38.236906 | S44: =IF(ISBLANK($R$16),"",IF(A40=0,"",IF(ISBLANK($R$17),"",IF(B40=0,"",IF(ISBLANK(J44),"",IF(AND(D44>1202,D44<2001),"Err. N°",IF(AND(D44>499,D44<1141),"Err.N°",IF($I$29=$O$28,"",IF(AND($I$29=$O$29,D44<1000),"N° Flac.",IF(AND($I$29=$O$30,D44>1000),"N° Flac.",((44.66*P44)/M44))))))))))) -> 37.257357 | T44: 0 | U44: 0 | V44: 35.4 | W44: 34.6 | X44: 35.4 | Y44: 34.6 | Z44: 1.96 | AA44: 1.92 | AB44: 14.7 | AC44: 14.4
A45: =IF(ISBLANK(VLOOKUP(D51,'Volumes flacons'!A5:C623,3)),0,1) -> 1 | B45: =IF(ISBLANK(D51),0,IF(ISBLANK(E51),0,IF(ISBLANK(F51),0,1))) -> 1 | C45: 11 | H45: 200 | I45: 201.7 | T45: 0.01 | U45: 0.01 | V45: 25.6 | W45: 25 | X45: 25.6 | Y45: 25 | Z45: 1.52 | AA45: 1.49 | AB45: 9.67 | AC45: 9.45
A46: =IF(ISBLANK(VLOOKUP(D53,'Volumes flacons'!A5:C623,3)),0,1) -> 1 | B46: =IF(ISBLANK(D53),0,IF(ISBLANK(E53),0,IF(ISBLANK(F53),0,1))) -> 1 | C46: 12 | D46: 2035 | E46: 17.4 | F46: 1.97 | G46: 35.578 | H46: 100 | I46: 101 | J46: =IF(ISBLANK(D46),"",IF(VLOOKUP(D46,'Volumes flacons'!$A$5:$C$1023,2)=0,"",IF(D46>'Volumes flacons'!$A$1023,"Mauvais numéro",IF(D46<'Volumes flacons'!$A$5,"Mauvais numéro",(VLOOKUP(D46,'Volumes flacons'!$A$5:$C$1023,3)))))) -> 110.1 | K46: =IF(ISBLANK(E46),"",(0.000824493-(0.0000040899*E46)+(0.000000076438*E46^2)-(0.00000000082467*E46^3)+(0.0000000000053875*E46^4))) -> 0.00077262057 | L46: =IF(ISBLANK(E46),"",(-0.00000572466+(0.00000010227*E46)-(0.0000000016546*E46^2))) -> -4.4461087e-06 | M46: =IF(ISBLANK(E46),"",IF(ISBLANK(G46),(O46+(K46*35)+(L46*35^1.5)+(0.00000048314*35^2)),(O46+(K46*G46)+(L46*G46^1.5)+(0.00000048314*G46^2)))) -> 1.0258628 | N46: =IF(ISBLANK(D46),"",IF(ISBLANK(G46),J46*(1+0.00001*(35-20)),J46*(1+0.00001*(G46-20)))) -> 110.11715 | O46: =IF(ISBLANK(E46),"",(0.999842594+(0.00006793952*E46)-(0.00000909529*E46^2)+(0.0000001001685*E46^3)-(0.000000001120083*E46^4)+(0.000000000006536332*E46^5))) -> 0.9987065 | P46: =IF(ISBLANK($R$16),"",IF(A41=0,"",IF(ISBLANK($R$17),"",IF(B41=0,"",IF($O$28=$I$29,"",IF(AND($I$29=$O$29,D46<1000),"N° Flac.",IF(AND($I$29=$O$30,D46>1000),"N° Flac.",IF(AND(D46>1202,D46<2001),"Err. N°",IF(AND(D46>499,D46<1141),"Err.N°",(((((F46)+'Correction de volume'!$G$7)*(($P$21)*($P$19)*5598)/(($R$16)-($R$17)))-(($P$27)*1000))/((N46)-($P$26)))))))))))) -> 2.048156 | Q46: =IF(ISBLANK($R$16),"",IF(A41=0,"",IF(ISBLANK($R$17),"",IF(AND(D46>1202,D46<2001),"Err. N°",IF(AND(D46>499,D46<1141),"Err.N°",IF(B41=0,"",IF($O$28=$I$29,"",IF(AND($I$29=$O$29,D46<1000),"N° Flac.",IF(AND($I$29=$O$30,D46>1000),"N° Flac.",P46/M46))))))))) -> 1.9965204 | R46: =IF(ISBLANK($R$16),"",IF(A41=0,"",IF(ISBLANK($R$17),"",IF(B41=0,"",IF(ISBLANK(J46),"",IF(AND(D46>1202,D46<2001),"Err. N°",IF(AND(D46>499,D46<1141),"Err.N°",IF($I$29=$O$28,"",IF(AND($I$29=$O$29,D46<1000),"N° Flac.",IF(AND($I$29=$O$30,D46>1000),"N° Flac.",((44.66*P46)))))))))))) -> 91.470649 | S46: =IF(ISBLANK($R$16),"",IF(A41=0,"",IF(ISBLANK($R$17),"",IF(B41=0,"",IF(ISBLANK(J46),"",IF(AND(D46>1202,D46<2001),"Err. N°",IF(AND(D46>499,D46<1141),"Err.N°",IF($I$29=$O$28,"",IF(AND($I$29=$O$29,D46<1000),"N° Flac.",IF(AND($I$29=$O$30,D46>1000),"N° Flac.",((44.66*P46)/M46))))))))))) -> 89.164601 | T46: 0.06 | U46: 0.06 | V46: 22.36 | W46: 21.85 | X46: 22.3 | Y46: 21.79 | Z46: 1.31 | AA46: 1.28 | AB46: 7.42 | AC46: 7.25 | AD46: 0.0327 | AE46: 0.0149 | AF46: 0.0037 | AG46: 0.0305 | AH46: 0.0306 | AI46: 0.0015 | AJ46: 0.0044 | AK46: 0.0022 | AL46: 0.0422 | AM46: 0.0041 | AN46: 0.0013 | AO46: -9999.9999 | AP46: 0.0094 | AR46: 0.0666 | AS46: 0.0249 | AT46: 0.0914 | AU46: 0.0171 | AV46: -9999.9999 | AW46: -9999.9999 | AX46: 0.0382 | AY46: 0.1215 | AZ46: 0.1597 | BA46: 0.002
A47: =IF(ISBLANK(VLOOKUP(#REF!,'Volumes flacons'!A5:C623,3)),0,1) -> 1 | B47: =IF(ISBLANK(#REF!),0,IF(ISBLANK(#REF!),0,IF(ISBLANK(#REF!),0,1))) -> 1 | C47: 13 | D47: 2036 | E47: 17.8 | F47: 1.9811 | G47: 35.61935 | H47: 80 | I47: 80.3 | J47: =IF(ISBLANK(D47),"",IF(VLOOKUP(D47,'Volumes flacons'!$A$5:$C$1023,2)=0,"",IF(D47>'Volumes flacons'!$A$1023,"Mauvais numéro",IF(D47<'Volumes flacons'!$A$5,"Mauvais numéro",(VLOOKUP(D47,'Volumes flacons'!$A$5:$C$1023,3)))))) -> 109.39 | K47: =IF(ISBLANK(E47),"",(0.000824493-(0.0000040899*E47)+(0.000000076438*E47^2)-(0.00000000082467*E47^3)+(0.0000000000053875*E47^4))) -> 0.0007718013 | L47: =IF(ISBLANK(E47),"",(-0.00000572466+(0.00000010227*E47)-(0.0000000016546*E47^2))) -> -4.4284975e-06 | M47: =IF(ISBLANK(E47),"",IF(ISBLANK(G47),(O47+(K47*35)+(L47*35^1.5)+(0.00000048314*35^2)),(O47+(K47*G47)+(L47*G47^1.5)+(0.00000048314*G47^2)))) -> 1.0257969 | N47: =IF(ISBLANK(D47),"",IF(ISBLANK(G47),J47*(1+0.00001*(35-20)),J47*(1+0.00001*(G47-20)))) -> 109.40709 | O47: =IF(ISBLANK(E47),"",(0.999842594+(0.00006793952*E47)-(0.00000909529*E47^2)+(0.0000001001685*E47^3)-(0.000000001120083*E47^4)+(0.000000000006536332*E47^5))) -> 0.99863433 | P47: =IF(ISBLANK($R$16),"",IF(A42=0,"",IF(ISBLANK($R$17),"",IF(B42=0,"",IF($O$28=$I$29,"",IF(AND($I$29=$O$29,D47<1000),"N° Flac.",IF(AND($I$29=$O$30,D47>1000),"N° Flac.",IF(AND(D47>1202,D47<2001),"Err. N°",IF(AND(D47>499,D47<1141),"Err.N°",(((((F47)+'Correction de volume'!$G$7)*(($P$21)*($P$19)*5598)/(($R$16)-($R$17)))-(($P$27)*1000))/((N47)-($P$26)))))))))))) -> 2.073407 | Q47: =IF(ISBLANK($R$16),"",IF(A42=0,"",IF(ISBLANK($R$17),"",IF(AND(D47>1202,D47<2001),"Err. N°",IF(AND(D47>499,D47<1141),"Err.N°",IF(B42=0,"",IF($O$28=$I$29,"",IF(AND($I$29=$O$29,D47<1000),"N° Flac.",IF(AND($I$29=$O$30,D47>1000),"N° Flac.",P47/M47))))))))) -> 2.0212645 | R47: =IF(ISBLANK($R$16),"",IF(A42=0,"",IF(ISBLANK($R$17),"",IF(B42=0,"",IF(ISBLANK(J47),"",IF(AND(D47>1202,D47<2001),"Err. N°",IF(AND(D47>499,D47<1141),"Err.N°",IF($I$29=$O$28,"",IF(AND($I$29=$O$29,D47<1000),"N° Flac.",IF(AND($I$29=$O$30,D47>1000),"N° Flac.",((44.66*P47)))))))))))) -> 92.598356 | S47: =IF(ISBLANK($R$16),"",IF(A42=0,"",IF(ISBLANK($R$17),"",IF(B42=0,"",IF(ISBLANK(J47),"",IF(AND(D47>1202,D47<2001),"Err. N°",IF(AND(D47>499,D47<1141),"Err.N°",IF($I$29=$O$28,"",IF(AND($I$29=$O$29,D47<1000),"N° Flac.",IF(AND($I$29=$O$30,D47>1000),"N° Flac.",((44.66*P47)/M47))))))))))) -> 90.269674 | T47: 0.09 | U47: 0.09 | V47: 21.8 | W47: 21.3 | X47: 21.71 | Y47: 21.21 | Z47: 1.26 | AA47: 1.23 | AB47: 7.04 | AC47: 6.88 | AD47: 0.0423 | AE47: 0.0199 | AF47: 0.0043 | AG47: 0.0352 | AH47: 0.0419 | AI47: 0.0023 | AJ47: 0.0064 | AK47: 0.0023 | AL47: 0.0502 | AM47: 0.0049 | AN47: 0.0021 | AO47: -9999.9999 | AP47: 0.0156 | AR47: 0.0736 | AS47: 0.0372 | AT47: 0.1107 | AU47: 0.0204 | AV47: -9999.9999 | AW47: -9999.9999 | AX47: 0.0479 | AY47: 0.1591 | AZ47: 0.207 | BA47: 0.0021
A48: =IF(ISBLANK(VLOOKUP(#REF!,'Volumes flacons'!A5:C623,3)),0,1) -> 1 | B48: =IF(ISBLANK(#REF!),0,IF(ISBLANK(#REF!),0,IF(ISBLANK(#REF!),0,1))) -> 1 | C48: 14 | D48: 2037 | E48: 18.4 | F48: 2.3322 | G48: 35.6918 | H48: 60 | I48: 59.8 | J48: =IF(ISBLANK(D48),"",IF(VLOOKUP(D48,'Volumes flacons'!$A$5:$C$1023,2)=0,"",IF(D48>'Volumes flacons'!$A$1023,"Mauvais numéro",IF(D48<'Volumes flacons'!$A$5,"Mauvais numéro",(VLOOKUP(D48,'Volumes flacons'!$A$5:$C$1023,3)))))) -> 110.47 | K48: =IF(ISBLANK(E48),"",(0.000824493-(0.0000040899*E48)+(0.000000076438*E48^2)-(0.00000000082467*E48^3)+(0.0000000000053875*E48^4))) -> 0.00077059793 | L48: =IF(ISBLANK(E48),"",(-0.00000572466+(0.00000010227*E48)-(0.0000000016546*E48^2))) -> -4.4030734e-06 | M48: =IF(ISBLANK(E48),"",IF(ISBLANK(G48),(O48+(K48*35)+(L48*35^1.5)+(0.00000048314*35^2)),(O48+(K48*G48)+(L48*G48^1.5)+(0.00000048314*G48^2)))) -> 1.0257034 | N48: =IF(ISBLANK(D48),"",IF(ISBLANK(G48),J48*(1+0.00001*(35-20)),J48*(1+0.00001*(G48-20)))) -> 110.48733 | O48: =IF(ISBLANK(E48),"",(0.999842594+(0.00006793952*E48)-(0.00000909529*E48^2)+(0.0000001001685*E48^3)-(0.000000001120083*E48^4)+(0.000000000006536332*E48^5))) -> 0.99852278 | P48: =IF(ISBLANK($R$16),"",IF(A43=0,"",IF(ISBLANK($R$17),"",IF(B43=0,"",IF($O$28=$I$29,"",IF(AND($I$29=$O$29,D48<1000),"N° Flac.",IF(AND($I$29=$O$30,D48>1000),"N° Flac.",IF(AND(D48>1202,D48<2001),"Err. N°",IF(AND(D48>499,D48<1141),"Err.N°",(((((F48)+'Correction de volume'!$G$7)*(($P$21)*($P$19)*5598)/(($R$16)-($R$17)))-(($P$27)*1000))/((N48)-($P$26)))))))))))) -> 2.4193603 | Q48: =IF(ISBLANK($R$16),"",IF(A43=0,"",IF(ISBLANK($R$17),"",IF(AND(D48>1202,D48<2001),"Err. N°",IF(AND(D48>499,D48<1141),"Err.N°",IF(B43=0,"",IF($O$28=$I$29,"",IF(AND($I$29=$O$29,D48<1000),"N° Flac.",IF(AND($I$29=$O$30,D48>1000),"N° Flac.",P48/M48))))))))) -> 2.3587328 | R48: =IF(ISBLANK($R$16),"",IF(A43=0,"",IF(ISBLANK($R$17),"",IF(B43=0,"",IF(ISBLANK(J48),"",IF(AND(D48>1202,D48<2001),"Err. N°",IF(AND(D48>499,D48<1141),"Err.N°",IF($I$29=$O$28,"",IF(AND($I$29=$O$29,D48<1000),"N° Flac.",IF(AND($I$29=$O$30,D48>1000),"N° Flac.",((44.66*P48)))))))))))) -> 108.04863 | S48: =IF(ISBLANK($R$16),"",IF(A43=0,"",IF(ISBLANK($R$17),"",IF(B43=0,"",IF(ISBLANK(J48),"",IF(AND(D48>1202,D48<2001),"Err. N°",IF(AND(D48>499,D48<1141),"Err.N°",IF($I$29=$O$28,"",IF(AND($I$29=$O$29,D48<1000),"N° Flac.",IF(AND($I$29=$O$30,D48>1000),"N° Flac.",((44.66*P48)/M48))))))))))) -> 105.34101 | T48: 0.17 | U48: 0.17 | V48: 19.18 | W48: 18.74 | X48: 19.01 | Y48: 18.58 | Z48: 1.11 | AA48: 1.08 | AB48: 6.33 | AC48: 6.19 | AD48: 0.0533 | AE48: 0.0279 | AF48: 0.0095 | AG48: 0.0436 | AH48: 0.0557 | AI48: 0.0049 | AJ48: 0.0124 | AK48: 0.0032 | AL48: 0.0613 | AM48: 0.007 | AN48: 0.0036 | AO48: -9999.9999 | AP48: 0.0252 | AR48: 0.0862 | AS48: 0.0708 | AT48: 0.157 | AU48: 0.0263 | AV48: -9999.9999 | AW48: -9999.9999 | AX48: 0.062 | AY48: 0.2368 | AZ48: 0.2988 | BA48: 0.0025
A49: =IF(ISBLANK(VLOOKUP(#REF!,'Volumes flacons'!A5:C623,3)),0,1) -> 1 | B49: =IF(ISBLANK(#REF!),0,IF(ISBLANK(#REF!),0,IF(ISBLANK(#REF!),0,1))) -> 1 | C49: 15 | H49: 60 | I49: 59.4
A50: =IF(ISBLANK(VLOOKUP(#REF!,'Volumes flacons'!A5:C623,3)),0,1) -> 1 | B50: =IF(ISBLANK(#REF!),0,IF(ISBLANK(#REF!),0,IF(ISBLANK(#REF!),0,1))) -> 1 | C50: 16 | D50: 2038 | E50: 19.3 | F50: 2.6075 | G50: 35.76845 | H50: 40 | I50: 40.7 | J50: =IF(ISBLANK(D50),"",IF(VLOOKUP(D50,'Volumes flacons'!$A$5:$C$1023,2)=0,"",IF(D50>'Volumes flacons'!$A$1023,"Mauvais numéro",IF(D50<'Volumes flacons'!$A$5,"Mauvais numéro",(VLOOKUP(D50,'Volumes flacons'!$A$5:$C$1023,3)))))) -> 111.51 | K50: =IF(ISBLANK(E50),"",(0.000824493-(0.0000040899*E50)+(0.000000076438*E50^2)-(0.00000000082467*E50^3)+(0.0000000000053875*E50^4))) -> 0.00076884923 | L50: =IF(ISBLANK(E50),"",(-0.00000572466+(0.00000010227*E50)-(0.0000000016546*E50^2))) -> -4.367171e-06 | M50: =IF(ISBLANK(E50),"",IF(ISBLANK(G50),(O50+(K50*35)+(L50*35^1.5)+(0.00000048314*35^2)),(O50+(K50*G50)+(L50*G50^1.5)+(0.00000048314*G50^2)))) -> 1.0255326 | N50: =IF(ISBLANK(D50),"",IF(ISBLANK(G50),J50*(1+0.00001*(35-20)),J50*(1+0.00001*(G50-20)))) -> 111.52758 | O50: =IF(ISBLANK(E50),"",(0.999842594+(0.00006793952*E50)-(0.00000909529*E50^2)+(0.0000001001685*E50^3)-(0.000000001120083*E50^4)+(0.000000000006536332*E50^5))) -> 0.99834813 | P50: =IF(ISBLANK($R$16),"",IF(A44=0,"",IF(ISBLANK($R$17),"",IF(B44=0,"",IF($O$28=$I$29,"",IF(AND($I$29=$O$29,D50<1000),"N° Flac.",IF(AND($I$29=$O$30,D50>1000),"N° Flac.",IF(AND(D50>1202,D50<2001),"Err. N°",IF(AND(D50>499,D50<1141),"Err.N°",(((((F50)+'Correction de volume'!$G$7)*(($P$21)*($P$19)*5598)/(($R$16)-($R$17)))-(($P$27)*1000))/((N50)-($P$26)))))))))))) -> 2.6811023 | Q50: =IF(ISBLANK($R$16),"",IF(A44=0,"",IF(ISBLANK($R$17),"",IF(AND(D50>1202,D50<2001),"Err. N°",IF(AND(D50>499,D50<1141),"Err.N°",IF(B44=0,"",IF($O$28=$I$29,"",IF(AND($I$29=$O$29,D50<1000),"N° Flac.",IF(AND($I$29=$O$30,D50>1000),"N° Flac.",P50/M50))))))))) -> 2.6143512 | R50: =IF(ISBLANK($R$16),"",IF(A44=0,"",IF(ISBLANK($R$17),"",IF(B44=0,"",IF(ISBLANK(J50),"",IF(AND(D50>1202,D50<2001),"Err. N°",IF(AND(D50>499,D50<1141),"Err.N°",IF($I$29=$O$28,"",IF(AND($I$29=$O$29,D50<1000),"N° Flac.",IF(AND($I$29=$O$30,D50>1000),"N° Flac.",((44.66*P50)))))))))))) -> 119.73803 | S50: =IF(ISBLANK($R$16),"",IF(A44=0,"",IF(ISBLANK($R$17),"",IF(B44=0,"",IF(ISBLANK(J50),"",IF(AND(D50>1202,D50<2001),"Err. N°",IF(AND(D50>499,D50<1141),"Err.N°",IF($I$29=$O$28,"",IF(AND($I$29=$O$29,D50<1000),"N° Flac.",IF(AND($I$29=$O$30,D50>1000),"N° Flac.",((44.66*P50)/M50))))))))))) -> 116.75692 | T50: 0.44 | U50: 0.43 | V50: 15.23 | W50: 14.88 | X50: 14.79 | Y50: 14.45 | Z50: 0.83 | AA50: 0.81 | AB50: 5.29 | AC50: 5.17 | AD50: 0.0666 | AE50: 0.0382 | AF50: 0.0142 | AG50: 0.0505 | AH50: 0.0803 | AI50: 0.0104 | AJ50: 0.0206 | AK50: 0.0049 | AL50: 0.0779 | AM50: 0.0095 | AN50: 0.0058 | AO50: -9999.9999 | AP50: 0.0376 | AR50: 0.0895 | AS50: 0.1232 | AT50: 0.2127 | AU50: 0.0341 | AV50: -9999.9999 | AW50: -9999.9999 | AX50: 0.0833 | AY50: 0.3547 | AZ50: 0.438 | BA50: 0.0031
A51: =IF(ISBLANK(VLOOKUP(#REF!,'Volumes flacons'!A5:C623,3)),0,1) -> 1 | B51: =IF(ISBLANK(#REF!),0,IF(ISBLANK(#REF!),0,IF(ISBLANK(#REF!),0,1))) -> 1 | C51: 17 | D51: 2039 | E51: 24 | F51: 4.6675 | G51: 35.6491 | H51: 20 | I51: 20.4 | J51: =IF(ISBLANK(D51),"",IF(VLOOKUP(D51,'Volumes flacons'!$A$5:$C$1023,2)=0,"",IF(D51>'Volumes flacons'!$A$1023,"Mauvais numéro",IF(D51<'Volumes flacons'!$A$5,"Mauvais numéro",(VLOOKUP(D51,'Volumes flacons'!$A$5:$C$1023,3)))))) -> 111.47 | K51: =IF(ISBLANK(E51),"",(0.000824493-(0.0000040899*E51)+(0.000000076438*E51^2)-(0.00000000082467*E51^3)+(0.0000000000053875*E51^4))) -> 0.00076075089 | L51: =IF(ISBLANK(E51),"",(-0.00000572466+(0.00000010227*E51)-(0.0000000016546*E51^2))) -> -4.2232296e-06 | M51: =IF(ISBLANK(E51),"",IF(ISBLANK(G51),(O51+(K51*35)+(L51*35^1.5)+(0.00000048314*35^2)),(O51+(K51*G51)+(L51*G51^1.5)+(0.00000048314*G51^2)))) -> 1.0241346 | N51: =IF(ISBLANK(D51),"",IF(ISBLANK(G51),J51*(1+0.00001*(35-20)),J51*(1+0.00001*(G51-20)))) -> 111.48744 | O51: =IF(ISBLANK(E51),"",(0.999842594+(0.00006793952*E51)-(0.00000909529*E51^2)+(0.0000001001685*E51^3)-(0.000000001120083*E51^4)+(0.000000000006536332*E51^5))) -> 0.99729941 | P51: =IF(ISBLANK($R$16),"",IF(A45=0,"",IF(ISBLANK($R$17),"",IF(B45=0,"",IF($O$28=$I$29,"",IF(AND($I$29=$O$29,D51<1000),"N° Flac.",IF(AND($I$29=$O$30,D51>1000),"N° Flac.",IF(AND(D51>1202,D51<2001),"Err. N°",IF(AND(D51>499,D51<1141),"Err.N°",(((((F51)+'Correction de volume'!$G$7)*(($P$21)*($P$19)*5598)/(($R$16)-($R$17)))-(($P$27)*1000))/((N51)-($P$26)))))))))))) -> 4.8134029 | Q51: =IF(ISBLANK($R$16),"",IF(A45=0,"",IF(ISBLANK($R$17),"",IF(AND(D51>1202,D51<2001),"Err. N°",IF(AND(D51>499,D51<1141),"Err.N°",IF(B45=0,"",IF($O$28=$I$29,"",IF(AND($I$29=$O$29,D51<1000),"N° Flac.",IF(AND($I$29=$O$30,D51>1000),"N° Flac.",P51/M51))))))))) -> 4.699971 | R51: =IF(ISBLANK($R$16),"",IF(A45=0,"",IF(ISBLANK($R$17),"",IF(B45=0,"",IF(ISBLANK(J51),"",IF(AND(D51>1202,D51<2001),"Err. N°",IF(AND(D51>499,D51<1141),"Err.N°",IF($I$29=$O$28,"",IF(AND($I$29=$O$29,D51<1000),"N° Flac.",IF(AND($I$29=$O$30,D51>1000),"N° Flac.",((44.66*P51)))))))))))) -> 214.96657 | S51: =IF(ISBLANK($R$16),"",IF(A45=0,"",IF(ISBLANK($R$17),"",IF(B45=0,"",IF(ISBLANK(J51),"",IF(AND(D51>1202,D51<2001),"Err. N°",IF(AND(D51>499,D51<1141),"Err.N°",IF($I$29=$O$28,"",IF(AND($I$29=$O$29,D51<1000),"N° Flac.",IF(AND($I$29=$O$30,D51>1000),"N° Flac.",((44.66*P51)/M51))))))))))) -> 209.9007 | T51: 0 | U51: 0 | V51: 0 | W51: 0 | X51: 0 | Y51: 0 | Z51: 0.02 | AA51: 0.02 | AB51: 1.25 | AC51: 1.22 | AD51: 0.0137 | AE51: 0.0166 | AF51: 0.011 | AG51: 0.0144 | AH51: 0.0191 | AI51: -9999.9999 | AJ51: -9999.9999 | AK51: 0.0029 | AL51: 0.0457 | AM51: 0.0119 | AN51: -9999.9999 | AO51: -9999.9999 | AP51: 0.1485 | AR51: 0.0089 | AS51: 0.0173 | AT51: 0.0262 | AU51: 0.0242 | AV51: -9999.9999 | AW51: -9999.9999 | AX51: 0.0869 | AY51: 0.1689 | AZ51: 0.2558 | BA51: 0.0019
A52: =IF(ISBLANK(VLOOKUP(#REF!,'Volumes flacons'!A5:C623,3)),0,1) -> 1 | B52: =IF(ISBLANK(#REF!),0,IF(ISBLANK(#REF!),0,IF(ISBLANK(#REF!),0,1))) -> 1 | C52: 18 | H52: 10 | I52: 9.9 | T52: 0 | U52: 0 | V52: 0 | W52: 0 | X52: 0 | Y52: 0 | Z52: 0.03 | AA52: 0.03 | AB52: 1.25 | AC52: 1.22
A53: =IF(ISBLANK(VLOOKUP(#REF!,'Volumes flacons'!A5:C623,3)),0,1) -> 1 | B53: =IF(ISBLANK(#REF!),0,IF(ISBLANK(#REF!),0,IF(ISBLANK(#REF!),0,1))) -> 1 | C53: 19 | D53: 2040 | E53: 24.2 | F53: 4.611 | G53: 35.64385 | H53: 0 | I53: 2.6 | J53: =IF(ISBLANK(D53),"",IF(VLOOKUP(D53,'Volumes flacons'!$A$5:$C$1023,2)=0,"",IF(D53>'Volumes flacons'!$A$1023,"Mauvais numéro",IF(D53<'Volumes flacons'!$A$5,"Mauvais numéro",(VLOOKUP(D53,'Volumes flacons'!$A$5:$C$1023,3)))))) -> 110.01 | K53: =IF(ISBLANK(E53),"",(0.000824493-(0.0000040899*E53)+(0.000000076438*E53^2)-(0.00000000082467*E53^3)+(0.0000000000053875*E53^4))) -> 0.00076044272 | L53: =IF(ISBLANK(E53),"",(-0.00000572466+(0.00000010227*E53)-(0.0000000016546*E53^2))) -> -4.2187259e-06 | M53: =IF(ISBLANK(E53),"",IF(ISBLANK(G53),(O53+(K53*35)+(L53*35^1.5)+(0.00000048314*35^2)),(O53+(K53*G53)+(L53*G53^1.5)+(0.00000048314*G53^2)))) -> 1.0240711 | N53: =IF(ISBLANK(D53),"",IF(ISBLANK(G53),J53*(1+0.00001*(35-20)),J53*(1+0.00001*(G53-20)))) -> 110.02721 | O53: =IF(ISBLANK(E53),"",(0.999842594+(0.00006793952*E53)-(0.00000909529*E53^2)+(0.0000001001685*E53^3)-(0.000000001120083*E53^4)+(0.000000000006536332*E53^5))) -> 0.99724989 | P53: =IF(ISBLANK($R$16),"",IF(A46=0,"",IF(ISBLANK($R$17),"",IF(B46=0,"",IF($O$28=$I$29,"",IF(AND($I$29=$O$29,D53<1000),"N° Flac.",IF(AND($I$29=$O$30,D53>1000),"N° Flac.",IF(AND(D53>1202,D53<2001),"Err. N°",IF(AND(D53>499,D53<1141),"Err.N°",(((((F53)+'Correction de volume'!$G$7)*(($P$21)*($P$19)*5598)/(($R$16)-($R$17)))-(($P$27)*1000))/((N53)-($P$26)))))))))))) -> 4.8192389 | Q53: =IF(ISBLANK($R$16),"",IF(A46=0,"",IF(ISBLANK($R$17),"",IF(AND(D53>1202,D53<2001),"Err. N°",IF(AND(D53>499,D53<1141),"Err.N°",IF(B46=0,"",IF($O$28=$I$29,"",IF(AND($I$29=$O$29,D53<1000),"N° Flac.",IF(AND($I$29=$O$30,D53>1000),"N° Flac.",P53/M53))))))))) -> 4.7059614 | R53: =IF(ISBLANK($R$16),"",IF(A46=0,"",IF(ISBLANK($R$17),"",IF(B46=0,"",IF(ISBLANK(J53),"",IF(AND(D53>1202,D53<2001),"Err. N°",IF(AND(D53>499,D53<1141),"Err.N°",IF($I$29=$O$28,"",IF(AND($I$29=$O$29,D53<1000),"N° Flac.",IF(AND($I$29=$O$30,D53>1000),"N° Flac.",((44.66*P53)))))))))))) -> 215.22721 | S53: =IF(ISBLANK($R$16),"",IF(A46=0,"",IF(ISBLANK($R$17),"",IF(B46=0,"",IF(ISBLANK(J53),"",IF(AND(D53>1202,D53<2001),"Err. N°",IF(AND(D53>499,D53<1141),"Err.N°",IF($I$29=$O$28,"",IF(AND($I$29=$O$29,D53<1000),"N° Flac.",IF(AND($I$29=$O$30,D53>1000),"N° Flac.",((44.66*P53)/M53))))))))))) -> 210.16824 | T53: 0 | U53: 0 | V53: 0 | W53: 0 | X53: 0 | Y53: 0 | Z53: 0.02 | AA53: 0.02 | AB53: 1.19 | AC53: 1.16 | AD53: 0.0103 | AE53: 0.0138 | AF53: 0.0082 | AG53: 0.0126 | AH53: 0.0163 | AI53: -9999.9999 | AJ53: -9999.9999 | AK53: 0.0035 | AL53: 0.0362 | AM53: 0.011 | AN53: -9999.9999 | AO53: -9999.9999 | AP53: 0.1609 | AR53: 0.0079 | AS53: 0.0139 | AT53: 0.0219 | AU53: 0.0248 | AV53: -9999.9999 | AW53: -9999.9999 | AX53: 0.0915 | AY53: 0.1437 | AZ53: 0.2352 | BA53: 0.0019
A54: =IF(ISBLANK(VLOOKUP(D54,'Volumes flacons'!A5:C623,3)),0,1) -> 1 | B54: =IF(ISBLANK(D54),0,IF(ISBLANK(E54),0,IF(ISBLANK(F54),0,1))) -> 0 | C54: 20 | J54: =IF(ISBLANK(D54),"",IF(VLOOKUP(D54,'Volumes flacons'!$A$5:$C$1023,2)=0,"",IF(D54>'Volumes flacons'!$A$1023,"Mauvais numéro",IF(D54<'Volumes flacons'!$A$5,"Mauvais numéro",(VLOOKUP(D54,'Volumes flacons'!$A$5:$C$1023,3)))))) | K54: =IF(ISBLANK(E54),"",(0.000824493-(0.0000040899*E54)+(0.000000076438*E54^2)-(0.00000000082467*E54^3)+(0.0000000000053875*E54^4))) | L54: =IF(ISBLANK(E54),"",(-0.00000572466+(0.00000010227*E54)-(0.0000000016546*E54^2))) | M54: =IF(ISBLANK(E54),"",IF(ISBLANK(G54),(O54+(K54*35)+(L54*35^1.5)+(0.00000048314*35^2)),(O54+(K54*G54)+(L54*G54^1.5)+(0.00000048314*G54^2)))) | N54: =IF(ISBLANK(D54),"",IF(ISBLANK(G54),J54*(1+0.00001*(35-20)),J54*(1+0.00001*(G54-20)))) | O54: =IF(ISBLANK(E54),"",(0.999842594+(0.00006793952*E54)-(0.00000909529*E54^2)+(0.0000001001685*E54^3)-(0.000000001120083*E54^4)+(0.000000000006536332*E54^5))) | P54: =IF(ISBLANK($R$16),"",IF(A54=0,"",IF(ISBLANK($R$17),"",IF(B54=0,"",IF($O$28=$I$29,"",IF(AND($I$29=$O$29,D54<1000),"N° Flac.",IF(AND($I$29=$O$30,D54>1000),"N° Flac.",IF(AND(D54>1202,D54<2001),"Err. N°",IF(AND(D54>499,D54<1141),"Err.N°",(((((F54)+'Correction de volume'!$G$7)*(($P$21)*($P$19)*5598)/(($R$16)-($R$17)))-(($P$27)*1000))/((N54)-($P$26)))))))))))) | Q54: =IF(ISBLANK($R$16),"",IF(A54=0,"",IF(ISBLANK($R$17),"",IF(AND(D54>1202,D54<2001),"Err. N°",IF(AND(D54>499,D54<1141),"Err.N°",IF(B54=0,"",IF($O$28=$I$29,"",IF(AND($I$29=$O$29,D54<1000),"N° Flac.",IF(AND($I$29=$O$30,D54>1000),"N° Flac.",P54/M54))))))))) | R54: =IF(ISBLANK($R$16),"",IF(A54=0,"",IF(ISBLANK($R$17),"",IF(B54=0,"",IF(ISBLANK(J54),"",IF(AND(D54>1202,D54<2001),"Err. N°",IF(AND(D54>499,D54<1141),"Err.N°",IF($I$29=$O$28,"",IF(AND($I$29=$O$29,D54<1000),"N° Flac.",IF(AND($I$29=$O$30,D54>1000),"N° Flac.",((44.66*P54)))))))))))) | S54: =IF(ISBLANK($R$16),"",IF(A54=0,"",IF(ISBLANK($R$17),"",IF(B54=0,"",IF(ISBLANK(J54),"",IF(AND(D54>1202,D54<2001),"Err. N°",IF(AND(D54>499,D54<1141),"Err.N°",IF($I$29=$O$28,"",IF(AND($I$29=$O$29,D54<1000),"N° Flac.",IF(AND($I$29=$O$30,D54>1000),"N° Flac.",((44.66*P54)/M54)))))))))))
A55: =IF(ISBLANK(VLOOKUP(D55,'Volumes flacons'!A5:C623,3)),0,1) -> 1 | B55: =IF(ISBLANK(D55),0,IF(ISBLANK(E55),0,IF(ISBLANK(F55),0,1))) -> 0 | C55: 21 | J55: =IF(ISBLANK(D55),"",IF(VLOOKUP(D55,'Volumes flacons'!$A$5:$C$1023,2)=0,"",IF(D55>'Volumes flacons'!$A$1023,"Mauvais numéro",IF(D55<'Volumes flacons'!$A$5,"Mauvais numéro",(VLOOKUP(D55,'Volumes flacons'!$A$5:$C$1023,3)))))) | K55: =IF(ISBLANK(E55),"",(0.000824493-(0.0000040899*E55)+(0.000000076438*E55^2)-(0.00000000082467*E55^3)+(0.0000000000053875*E55^4))) | L55: =IF(ISBLANK(E55),"",(-0.00000572466+(0.00000010227*E55)-(0.0000000016546*E55^2))) | M55: =IF(ISBLANK(E55),"",IF(ISBLANK(G55),(O55+(K55*35)+(L55*35^1.5)+(0.00000048314*35^2)),(O55+(K55*G55)+(L55*G55^1.5)+(0.00000048314*G55^2)))) | N55: =IF(ISBLANK(D55),"",IF(ISBLANK(G55),J55*(1+0.00001*(35-20)),J55*(1+0.00001*(G55-20)))) | O55: =IF(ISBLANK(E55),"",(0.999842594+(0.00006793952*E55)-(0.00000909529*E55^2)+(0.0000001001685*E55^3)-(0.000000001120083*E55^4)+(0.000000000006536332*E55^5))) | P55: =IF(ISBLANK($R$16),"",IF(A55=0,"",IF(ISBLANK($R$17),"",IF(B55=0,"",IF($O$28=$I$29,"",IF(AND($I$29=$O$29,D55<1000),"N° Flac.",IF(AND($I$29=$O$30,D55>1000),"N° Flac.",IF(AND(D55>1202,D55<2001),"Err. N°",IF(AND(D55>499,D55<1141),"Err.N°",(((((F55)+'Correction de volume'!$G$7)*(($P$21)*($P$19)*5598)/(($R$16)-($R$17)))-(($P$27)*1000))/((N55)-($P$26)))))))))))) | Q55: =IF(ISBLANK($R$16),"",IF(A55=0,"",IF(ISBLANK($R$17),"",IF(AND(D55>1202,D55<2001),"Err. N°",IF(AND(D55>499,D55<1141),"Err.N°",IF(B55=0,"",IF($O$28=$I$29,"",IF(AND($I$29=$O$29,D55<1000),"N° Flac.",IF(AND($I$29=$O$30,D55>1000),"N° Flac.",P55/M55))))))))) | R55: =IF(ISBLANK($R$16),"",IF(A55=0,"",IF(ISBLANK($R$17),"",IF(B55=0,"",IF(ISBLANK(J55),"",IF(AND(D55>1202,D55<2001),"Err. N°",IF(AND(D55>499,D55<1141),"Err.N°",IF($I$29=$O$28,"",IF(AND($I$29=$O$29,D55<1000),"N° Flac.",IF(AND($I$29=$O$30,D55>1000),"N° Flac.",((44.66*P55)))))))))))) | S55: =IF(ISBLANK($R$16),"",IF(A55=0,"",IF(ISBLANK($R$17),"",IF(B55=0,"",IF(ISBLANK(J55),"",IF(AND(D55>1202,D55<2001),"Err. N°",IF(AND(D55>499,D55<1141),"Err.N°",IF($I$29=$O$28,"",IF(AND($I$29=$O$29,D55<1000),"N° Flac.",IF(AND($I$29=$O$30,D55>1000),"N° Flac.",((44.66*P55)/M55)))))))))))
A56: =IF(ISBLANK(VLOOKUP(D56,'Volumes flacons'!A5:C623,3)),0,1) -> 1 | B56: =IF(ISBLANK(D56),0,IF(ISBLANK(E56),0,IF(ISBLANK(F56),0,1))) -> 0 | C56: 22 | J56: =IF(ISBLANK(D56),"",IF(VLOOKUP(D56,'Volumes flacons'!$A$5:$C$1023,2)=0,"",IF(D56>'Volumes flacons'!$A$1023,"Mauvais numéro",IF(D56<'Volumes flacons'!$A$5,"Mauvais numéro",(VLOOKUP(D56,'Volumes flacons'!$A$5:$C$1023,3)))))) | K56: =IF(ISBLANK(E56),"",(0.000824493-(0.0000040899*E56)+(0.000000076438*E56^2)-(0.00000000082467*E56^3)+(0.0000000000053875*E56^4))) | L56: =IF(ISBLANK(E56),"",(-0.00000572466+(0.00000010227*E56)-(0.0000000016546*E56^2))) | M56: =IF(ISBLANK(E56),"",IF(ISBLANK(G56),(O56+(K56*35)+(L56*35^1.5)+(0.00000048314*35^2)),(O56+(K56*G56)+(L56*G56^1.5)+(0.00000048314*G56^2)))) | N56: =IF(ISBLANK(D56),"",IF(ISBLANK(G56),J56*(1+0.00001*(35-20)),J56*(1+0.00001*(G56-20)))) | O56: =IF(ISBLANK(E56),"",(0.999842594+(0.00006793952*E56)-(0.00000909529*E56^2)+(0.0000001001685*E56^3)-(0.000000001120083*E56^4)+(0.000000000006536332*E56^5))) | P56: =IF(ISBLANK($R$16),"",IF(A56=0,"",IF(ISBLANK($R$17),"",IF(B56=0,"",IF($O$28=$I$29,"",IF(AND($I$29=$O$29,D56<1000),"N° Flac.",IF(AND($I$29=$O$30,D56>1000),"N° Flac.",IF(AND(D56>1202,D56<2001),"Err. N°",IF(AND(D56>499,D56<1141),"Err.N°",(((((F56)+'Correction de volume'!$G$7)*(($P$21)*($P$19)*5598)/(($R$16)-($R$17)))-(($P$27)*1000))/((N56)-($P$26)))))))))))) | Q56: =IF(ISBLANK($R$16),"",IF(A56=0,"",IF(ISBLANK($R$17),"",IF(AND(D56>1202,D56<2001),"Err. N°",IF(AND(D56>499,D56<1141),"Err.N°",IF(B56=0,"",IF($O$28=$I$29,"",IF(AND($I$29=$O$29,D56<1000),"N° Flac.",IF(AND($I$29=$O$30,D56>1000),"N° Flac.",P56/M56))))))))) | R56: =IF(ISBLANK($R$16),"",IF(A56=0,"",IF(ISBLANK($R$17),"",IF(B56=0,"",IF(ISBLANK(J56),"",IF(AND(D56>1202,D56<2001),"Err. N°",IF(AND(D56>499,D56<1141),"Err.N°",IF($I$29=$O$28,"",IF(AND($I$29=$O$29,D56<1000),"N° Flac.",IF(AND($I$29=$O$30,D56>1000),"N° Flac.",((44.66*P56)))))))))))) | S56: =IF(ISBLANK($R$16),"",IF(A56=0,"",IF(ISBLANK($R$17),"",IF(B56=0,"",IF(ISBLANK(J56),"",IF(AND(D56>1202,D56<2001),"Err. N°",IF(AND(D56>499,D56<1141),"Err.N°",IF($I$29=$O$28,"",IF(AND($I$29=$O$29,D56<1000),"N° Flac.",IF(AND($I$29=$O$30,D56>1000),"N° Flac.",((44.66*P56)/M56)))))))))))

Sheet 003_01
C2: Campagne : | F2: PIRATA Fr29
C4: Données de campagne
C6: N° de station : | F6: 3 | H6: N° de palanquée : | P6: 1 | R6: Date d'analyse : | T6: 42069
G8: Position | I8: Degrés | J8: Minutes | P8: Cardinal | Q8: Décimale
G9: Latitude | I9: 0 | J9: 0.63 | K9: : | L9: =IF(P9=M9,"+","-") -> + | M9: N | N9: E | O9: =IF(ISBLANK(I9),"",IF(ISBLANK(J9),"",IF(P9=M10,L9&N11,N11))) -> 0°0,63 | P9: N | Q9: =IF(ISBLANK(I9),"",IF(ISBLANK(J9),"",IF(J9>60,"ERREUR !!",O11*(I9+(J9/60))))) -> 0.0105 | V9: 4.9859
G10: Longitude | I10: 9 | J10: 51 | K10: : | L10: =IF(P10=N9,"+","-") -> - | M10: S | N10: W | O10: =IF(ISBLANK(I10),"",IF(ISBLANK(J10),"",IF(P10=N10,L10&N12,N12))) -> -9°51 | P10: W | Q10: =IF(ISBLANK(I10),"",IF(ISBLANK(J10),"",IF(J10>60,"ERREUR !!",O12*(I10+(J10/60))))) -> -9.85 | V10: 4.9896
G11: Prélèvement | I11: Date | J11: 42068 | N11: =I9&"°"&J9 -> 0°0,63 | O11: =IF(P9=M10,-1,1) -> 1 | P11: =TEXT(J11,"aaaa-mm-jj")&"T"&TEXT(J12,"hh:mm:ss")&"z" -> 2019-03-06T23:56:06z | V11: 4.9858
I12: Heure | J12: 0.99729167 | N12: =I10&"°"&J10 -> 9°51 | O12: =IF(P10=N10,-1,1) -> -1 | V12: 4.9791
C13: Données : | V13: 4.9844
C14: Température du laboratoire à la calibration ( t°c ) | Q14: t°c = | R14: 26.7 | S14: °C | V14: =AVERAGE(V9:V13) -> 4.98496
C15: Température du laboratoire au début de la série d'analyses | Q15: t°lab = | R15: 26.7 | S15: °C
C16: Volume moyen de thiosulfate pour la titration à t°c | Q16: Vmoy.titr.t°c = | R16: 4.98496 | S16: mL
C17: Volume moyen de thiosulfate pour la détermination du blanc à t°c | Q17: Vmoy.titr.blanc.t°c = | R17: 0.006 | S17: mL
C18: Masse volumique de l'eau pure à la calibration | O18: ρ = | P18: =(0.999842594+(0.00006793952*$R$14)-(0.00000909529*$R$14^2)+(0.0000001001685*$R$14^3)-(0.000000001120083*$R$14^4)+(0.000000000006536332*$R$14^5)) -> 0.99659871
C19: Normalite de l'iodate (NIO3) à la température de calibration | O19: N(IO3) = | P19: =$P$24*($P$18/'Titre d''iodate'!E19) -> 0.019997273 | Q19: N
C20: Vol. de la prise d'essai d'iodate (VIO3) à 20°C | O20: V(IO3)20°C = | P20: =5+'Correction de volume'!G8 -> 5.0112146 | Q20: mL
C21: Vol. de la prise d'essai d'iodate (VIO3) à t°c | O21: V(IO3)t°c= | P21: =P20*(1+0.00001*(R14-20)) -> 5.0115503 | Q21: mL
C22: Volume moyen de thiosulfate pour la titration à 20° C | O22: Vmoy.titr.20°C = | P22: =$R$16*(1+0.00001*(20-$R$14)) -> 4.984626 | Q22: mL
C23: Volume moyen de thiosulfate pour la détermination du blanc à 20° C | O23: Vmoy.titr.blanc.20°C = | P23: =$R$17*(1+0.00001*(20-$R$14)) -> 0.005999598 | Q23: mL
C24: Normalite de l'iodate (NIO3) à 20°C | O24: N(IO3)20°C = | P24: =MAX('Titre d''iodate'!F7:F10) -> 0.020029531 | Q24: N
C25: Titre du thiosulfate à 20°C | O25: V(Thio)20°C = | P25: =IF(ISBLANK(R14),"",IF(ISBLANK(P21),"",IF(ISBLANK(R17),"",(($P$24*$P$18)/($P$22-$P$23))))) -> 0.0040094201 | Q25: N
C26: Volume de réactif utilisé | O26: Vreg = | P26: =2+('Correction de volume'!G10+'Correction de volume'!G9) -> 2.0304948 | Q26: mL
O27: DOreg = | P27: 0.0017
E29: Choix de la série de flacons : | I29: IRD | O29: IRD
O30: LPO
C31: N° | D31: N° des Flacons | E31: T° prélèv. | F31: Volume de thio. | G31: Salinité | H31: Prof. Théorique | I31: Prof. Effective | J31: V. flacons 20°C | K31: A | L31: B | M31: Densité eau de mer à t° | N31: Vol. à t° prél. des flacons | O31: Densité eau pure à t° | P31: Oxygène dissous | T31: NO2 | V31: NO3 + NO2 | X31: NO3 | Z31: Phosphate | AB31: Silicate | AD31: chlorophyll-c3 | AE31: chlorophyll-c1+c2 | AF31: peridinin | AG31: 19'-butanoyloxyfucoxanthin | AH31: fucoxanthine | AI31: neoxanthin | AJ31: prasinoxanthin | AK31: violaxanthin | AL31: 19'-hexanoyloxyfucoxanthin | AM31: diadinoxanthin | AN31: alloxanthin | AO31: diatoxanthin | AP31: zeaxanthin | AQ31: lutein | AR31: divinyl chlorophyll-b | AS31: chlorophyll-b | AT31: total chlorophyll-b | AU31: alpha-carotene | AV31: beta-carotene | AW31: pheophorbide | AX31: divinyl chlorophyll-a | AY31: chlorophyll-a | AZ31: total chlorophyll-a | BA31: pheophytin_a | BB31: crocoxanthin
C33: BTL | E33: °C | F33: ml | H33: m | I33: dbar | J33: ml | P33: DOX1 | R33: DOXY | S33: DOX2 | T33: NTRI | U33: NTIW | V33: NTRZ | W33: NTZW | X33: NTRA | Y33: NTAW | Z33: PHOS | AA33: PHOW | AB33: SLCA | AC33: SLCW | AD33: CHC3 | AE33: CHCZ | AF33: PERP | AG33: BFUP | AH33: FUCP | AI33: NEXW | AJ33: PXAP | AK33: VIOW | AL33: HFUP | AM33: DXAP | AN33: AXAP | AO33: TXAP | AP33: ZXAP | AQ33: LUTW | AR33: CHBD | AS33: CH2P | AT33: CHLB | AU33: AACP | AV33: BBCP | AW33: PHEP | AX33: CHAD | AY33: CH1P | AZ33: CPHL | BA33: PHEA | BB33: CXAP
N34: mL | P34: ml/l | Q34: ml/kg | R34: µmol/l | S34: µmol/kg | T34: µmol/l | U34: µmol/kg | V34: µmol/l | W34: µmol/kg | X34: µmol/l | Y34: µmol/kg | Z34: µmol/l | AA34: µmol/kg | AB34: µmol/l | AC34: µmol/kg | AD34: µg.l-1 | AE34: µg.l-1 | AF34: µg.l-1 | AG34: µg.l-1 | AH34: µg.l-1 | AI34: µg.l-1 | AJ34: µg.l-1 | AK34: µg.l-1 | AL34: µg.l-1 | AM34: µg.l-1 | AN34: µg.l-1 | AO34: µg.l-1 | AP34: µg.l-1 | AQ34: µg.l-1 | AR34: µg.l-1 | AS34: µg.l-1 | AT34: µg.l-1 | AU34: µg.l-1 | AV34: µg.l-1 | AW34: µg.l-1 | AX34: µg.l-1 | AY34: µg.l-1 | AZ34: µg.l-1 | BA34: µg.l-1 | BB34: µg.l-1
A35: =IF(ISBLANK(VLOOKUP(D35,'Volumes flacons'!A5:C623,3)),0,1) -> 1 | B35: =IF(ISBLANK(D35),0,IF(ISBLANK(E35),0,IF(ISBLANK(F35),0,1))) -> 1 | C35: 1 | D35: 1141 | E35: 8.6 | F35: 5.58 | G35: 34.9692 | H35: 2000 | I35: 2021 | J35: =IF(ISBLANK(D35),"",IF(VLOOKUP(D35,'Volumes flacons'!$A$5:$C$1023,2)=0,"",IF(D35>'Volumes flacons'!$A$1023,"Mauvais numéro",IF(D35<'Volumes flacons'!$A$5,"Mauvais numéro",(VLOOKUP(D35,'Volumes flacons'!$A$5:$C$1023,3)))))) -> 113.12 | K35: =IF(ISBLANK(E35),"",(0.000824493-(0.0000040899*E35)+(0.000000076438*E35^2)-(0.00000000082467*E35^3)+(0.0000000000053875*E35^4))) -> 0.00079447815 | L35: =IF(ISBLANK(E35),"",(-0.00000572466+(0.00000010227*E35)-(0.0000000016546*E35^2))) -> -4.9675122e-06 | M35: =IF(ISBLANK(E35),"",IF(ISBLANK(G35),(O35+(K35*35)+(L35*35^1.5)+(0.00000048314*35^2)),(O35+(K35*G35)+(L35*G35^1.5)+(0.00000048314*G35^2)))) -> 1.0271579 | N35: =IF(ISBLANK(D35),"",IF(ISBLANK(G35),J35*(1+0.00001*(35-20)),J35*(1+0.00001*(G35-20)))) -> 113.13693 | O35: =IF(ISBLANK(E35),"",(0.999842594+(0.00006793952*E35)-(0.00000909529*E35^2)+(0.0000001001685*E35^3)-(0.000000001120083*E35^4)+(0.000000000006536332*E35^5))) -> 0.99981208 | P35: =IF(ISBLANK($R$16),"",IF(A35=0,"",IF(ISBLANK($R$17),"",IF(B35=0,"",IF($O$28=$I$29,"",IF(AND($I$29=$O$29,D35<1000),"N° Flac.",IF(AND($I$29=$O$30,D35>1000),"N° Flac.",IF(AND(D35>1202,D35<2001),"Err. N°",IF(AND(D35>499,D35<1141),"Err.N°",(((((F35)+'Correction de volume'!$G$7)*(($P$21)*($P$19)*5598)/(($R$16)-($R$17)))-(($P$27)*1000))/((N35)-($P$26)))))))))))) -> 5.6434484 | Q35: =IF(ISBLANK($R$16),"",IF(A35=0,"",IF(ISBLANK($R$17),"",IF(AND(D35>1202,D35<2001),"Err. N°",IF(AND(D35>499,D35<1141),"Err.N°",IF(B35=0,"",IF($O$28=$I$29,"",IF(AND($I$29=$O$29,D35<1000),"N° Flac.",IF(AND($I$29=$O$30,D35>1000),"N° Flac.",P35/M35))))))))) -> 5.4942364 | R35: =IF(ISBLANK($R$16),"",IF(A35=0,"",IF(ISBLANK($R$17),"",IF(B35=0,"",IF(ISBLANK(J35),"",IF(AND(D35>1202,D35<2001),"Err. N°",IF(AND(D35>499,D35<1141),"Err.N°",IF($I$29=$O$28,"",IF(AND($I$29=$O$29,D35<1000),"N° Flac.",IF(AND($I$29=$O$30,D35>1000),"N° Flac.",((44.66*P35)))))))))))) -> 252.03641 | S35: =IF(ISBLANK($R$16),"",IF(A35=0,"",IF(ISBLANK($R$17),"",IF(B35=0,"",IF(ISBLANK(J35),"",IF(AND(D35>1202,D35<2001),"Err. N°",IF(AND(D35>499,D35<1141),"Err.N°",IF($I$29=$O$28,"",IF(AND($I$29=$O$29,D35<1000),"N° Flac.",IF(AND($I$29=$O$30,D35>1000),"N° Flac.",((44.66*P35)/M35))))))))))) -> 245.3726 | T35: 0.01 | U35: 0.01 | V35: 0.03 | W35: 0.03 | X35: 0.02 | Y35: 0.02 | Z35: 0.09 | AA35: 0.09 | AB35: 1.02 | AC35: 1
A36: =IF(ISBLANK(VLOOKUP(D36,'Volumes flacons'!A5:C623,3)),0,1) -> 1 | B36: =IF(ISBLANK(D36),0,IF(ISBLANK(E36),0,IF(ISBLANK(F36),0,1))) -> 1 | C36: 2 | D36: 1144 | E36: 9.3 | F36: 5.4375 | G36: 34.98005 | H36: 1750 | I36: 1767 | J36: =IF(ISBLANK(D36),"",IF(VLOOKUP(D36,'Volumes flacons'!$A$5:$C$1023,2)=0,"",IF(D36>'Volumes flacons'!$A$1023,"Mauvais numéro",IF(D36<'Volumes flacons'!$A$5,"Mauvais numéro",(VLOOKUP(D36,'Volumes flacons'!$A$5:$C$1023,3)))))) -> 112.17 | K36: =IF(ISBLANK(E36),"",(0.000824493-(0.0000040899*E36)+(0.000000076438*E36^2)-(0.00000000082467*E36^3)+(0.0000000000053875*E36^4))) -> 0.00079244502 | L36: =IF(ISBLANK(E36),"",(-0.00000572466+(0.00000010227*E36)-(0.0000000016546*E36^2))) -> -4.9166554e-06 | M36: =IF(ISBLANK(E36),"",IF(ISBLANK(G36),(O36+(K36*35)+(L36*35^1.5)+(0.00000048314*35^2)),(O36+(K36*G36)+(L36*G36^1.5)+(0.00000048314*G36^2)))) -> 1.0270542 | N36: =IF(ISBLANK(D36),"",IF(ISBLANK(G36),J36*(1+0.00001*(35-20)),J36*(1+0.00001*(G36-20)))) -> 112.1868 | O36: =IF(ISBLANK(E36),"",(0.999842594+(0.00006793952*E36)-(0.00000909529*E36^2)+(0.0000001001685*E36^3)-(0.000000001120083*E36^4)+(0.000000000006536332*E36^5))) -> 0.99976043 | P36: =IF(ISBLANK($R$16),"",IF(A36=0,"",IF(ISBLANK($R$17),"",IF(B36=0,"",IF($O$28=$I$29,"",IF(AND($I$29=$O$29,D36<1000),"N° Flac.",IF(AND($I$29=$O$30,D36>1000),"N° Flac.",IF(AND(D36>1202,D36<2001),"Err. N°",IF(AND(D36>499,D36<1141),"Err.N°",(((((F36)+'Correction de volume'!$G$7)*(($P$21)*($P$19)*5598)/(($R$16)-($R$17)))-(($P$27)*1000))/((N36)-($P$26)))))))))))) -> 5.5463633 | Q36: =IF(ISBLANK($R$16),"",IF(A36=0,"",IF(ISBLANK($R$17),"",IF(AND(D36>1202,D36<2001),"Err. N°",IF(AND(D36>499,D36<1141),"Err.N°",IF(B36=0,"",IF($O$28=$I$29,"",IF(AND($I$29=$O$29,D36<1000),"N° Flac.",IF(AND($I$29=$O$30,D36>1000),"N° Flac.",P36/M36))))))))) -> 5.4002636 | R36: =IF(ISBLANK($R$16),"",IF(A36=0,"",IF(ISBLANK($R$17),"",IF(B36=0,"",IF(ISBLANK(J36),"",IF(AND(D36>1202,D36<2001),"Err. N°",IF(AND(D36>499,D36<1141),"Err.N°",IF($I$29=$O$28,"",IF(AND($I$29=$O$29,D36<1000),"N° Flac.",IF(AND($I$29=$O$30,D36>1000),"N° Flac.",((44.66*P36)))))))))))) -> 247.70059 | S36: =IF(ISBLANK($R$16),"",IF(A36=0,"",IF(ISBLANK($R$17),"",IF(B36=0,"",IF(ISBLANK(J36),"",IF(AND(D36>1202,D36<2001),"Err. N°",IF(AND(D36>499,D36<1141),"Err.N°",IF($I$29=$O$28,"",IF(AND($I$29=$O$29,D36<1000),"N° Flac.",IF(AND($I$29=$O$30,D36>1000),"N° Flac.",((44.66*P36)/M36))))))))))) -> 241.17577
A37: =IF(ISBLANK(VLOOKUP(D37,'Volumes flacons'!A5:C623,3)),0,1) -> 1 | B37: =IF(ISBLANK(D37),0,IF(ISBLANK(E37),0,IF(ISBLANK(F37),0,1))) -> 1 | C37: 3 | D37: 1147 | E37: 9.8 | F37: 5.4707 | G37: 34.97705 | H37: 1750 | I37: 1767 | J37: =IF(ISBLANK(D37),"",IF(VLOOKUP(D37,'Volumes flacons'!$A$5:$C$1023,2)=0,"",IF(D37>'Volumes flacons'!$A$1023,"Mauvais numéro",IF(D37<'Volumes flacons'!$A$5,"Mauvais numéro",(VLOOKUP(D37,'Volumes flacons'!$A$5:$C$1023,3)))))) -> 112.9 | K37: =IF(ISBLANK(E37),"",(0.000824493-(0.0000040899*E37)+(0.000000076438*E37^2)-(0.00000000082467*E37^3)+(0.0000000000053875*E37^4))) -> 0.00079102661 | L37: =IF(ISBLANK(E37),"",(-0.00000572466+(0.00000010227*E37)-(0.0000000016546*E37^2))) -> -4.8813218e-06 | M37: =IF(ISBLANK(E37),"",IF(ISBLANK(G37),(O37+(K37*35)+(L37*35^1.5)+(0.00000048314*35^2)),(O37+(K37*G37)+(L37*G37^1.5)+(0.00000048314*G37^2)))) -> 1.0269685 | N37: =IF(ISBLANK(D37),"",IF(ISBLANK(G37),J37*(1+0.00001*(35-20)),J37*(1+0.00001*(G37-20)))) -> 112.91691 | O37: =IF(ISBLANK(E37),"",(0.999842594+(0.00006793952*E37)-(0.00000909529*E37^2)+(0.0000001001685*E37^3)-(0.000000001120083*E37^4)+(0.000000000006536332*E37^5))) -> 0.99971943 | P37: =IF(ISBLANK($R$16),"",IF(A37=0,"",IF(ISBLANK($R$17),"",IF(B37=0,"",IF($O$28=$I$29,"",IF(AND($I$29=$O$29,D37<1000),"N° Flac.",IF(AND($I$29=$O$30,D37>1000),"N° Flac.",IF(AND(D37>1202,D37<2001),"Err. N°",IF(AND(D37>499,D37<1141),"Err.N°",(((((F37)+'Correction de volume'!$G$7)*(($P$21)*($P$19)*5598)/(($R$16)-($R$17)))-(($P$27)*1000))/((N37)-($P$26)))))))))))) -> 5.5435808 | Q37: =IF(ISBLANK($R$16),"",IF(A37=0,"",IF(ISBLANK($R$17),"",IF(AND(D37>1202,D37<2001),"Err. N°",IF(AND(D37>499,D37<1141),"Err.N°",IF(B37=0,"",IF($O$28=$I$29,"",IF(AND($I$29=$O$29,D37<1000),"N° Flac.",IF(AND($I$29=$O$30,D37>1000),"N° Flac.",P37/M37))))))))) -> 5.3980046 | R37: =IF(ISBLANK($R$16),"",IF(A37=0,"",IF(ISBLANK($R$17),"",IF(B37=0,"",IF(ISBLANK(J37),"",IF(AND(D37>1202,D37<2001),"Err. N°",IF(AND(D37>499,D37<1141),"Err.N°",IF($I$29=$O$28,"",IF(AND($I$29=$O$29,D37<1000),"N° Flac.",IF(AND($I$29=$O$30,D37>1000),"N° Flac.",((44.66*P37)))))))))))) -> 247.57632 | S37: =IF(ISBLANK($R$16),"",IF(A37=0,"",IF(ISBLANK($R$17),"",IF(B37=0,"",IF(ISBLANK(J37),"",IF(AND(D37>1202,D37<2001),"Err. N°",IF(AND(D37>499,D37<1141),"Err.N°",IF($I$29=$O$28,"",IF(AND($I$29=$O$29,D37<1000),"N° Flac.",IF(AND($I$29=$O$30,D37>1000),"N° Flac.",((44.66*P37)/M37))))))))))) -> 241.07489
A38: =IF(ISBLANK(VLOOKUP(D38,'Volumes flacons'!A5:C623,3)),0,1) -> 1 | B38: =IF(ISBLANK(D38),0,IF(ISBLANK(E38),0,IF(ISBLANK(F38),0,1))) -> 1 | C38: 4 | D38: 1148 | E38: 10.2 | F38: 5.218 | G38: 34.96805 | H38: 1500 | I38: 1517.6 | J38: =IF(ISBLANK(D38),"",IF(VLOOKUP(D38,'Volumes flacons'!$A$5:$C$1023,2)=0,"",IF(D38>'Volumes flacons'!$A$1023,"Mauvais numéro",IF(D38<'Volumes flacons'!$A$5,"Mauvais numéro",(VLOOKUP(D38,'Volumes flacons'!$A$5:$C$1023,3)))))) -> 112.95 | K38: =IF(ISBLANK(E38),"",(0.000824493-(0.0000040899*E38)+(0.000000076438*E38^2)-(0.00000000082467*E38^3)+(0.0000000000053875*E38^4))) -> 0.0007899118 | L38: =IF(ISBLANK(E38),"",(-0.00000572466+(0.00000010227*E38)-(0.0000000016546*E38^2))) -> -4.8536506e-06 | M38: =IF(ISBLANK(E38),"",IF(ISBLANK(G38),(O38+(K38*35)+(L38*35^1.5)+(0.00000048314*35^2)),(O38+(K38*G38)+(L38*G38^1.5)+(0.00000048314*G38^2)))) -> 1.026893 | N38: =IF(ISBLANK(D38),"",IF(ISBLANK(G38),J38*(1+0.00001*(35-20)),J38*(1+0.00001*(G38-20)))) -> 112.96691 | O38: =IF(ISBLANK(E38),"",(0.999842594+(0.00006793952*E38)-(0.00000909529*E38^2)+(0.0000001001685*E38^3)-(0.000000001120083*E38^4)+(0.000000000006536332*E38^5))) -> 0.9996842 | P38: =IF(ISBLANK($R$16),"",IF(A38=0,"",IF(ISBLANK($R$17),"",IF(B38=0,"",IF($O$28=$I$29,"",IF(AND($I$29=$O$29,D38<1000),"N° Flac.",IF(AND($I$29=$O$30,D38>1000),"N° Flac.",IF(AND(D38>1202,D38<2001),"Err. N°",IF(AND(D38>499,D38<1141),"Err.N°",(((((F38)+'Correction de volume'!$G$7)*(($P$21)*($P$19)*5598)/(($R$16)-($R$17)))-(($P$27)*1000))/((N38)-($P$26)))))))))))) -> 5.2844165 | Q38: =IF(ISBLANK($R$16),"",IF(A38=0,"",IF(ISBLANK($R$17),"",IF(AND(D38>1202,D38<2001),"Err. N°",IF(AND(D38>499,D38<1141),"Err.N°",IF(B38=0,"",IF($O$28=$I$29,"",IF(AND($I$29=$O$29,D38<1000),"N° Flac.",IF(AND($I$29=$O$30,D38>1000),"N° Flac.",P38/M38))))))))) -> 5.1460244 | R38: =IF(ISBLANK($R$16),"",IF(A38=0,"",IF(ISBLANK($R$17),"",IF(B38=0,"",IF(ISBLANK(J38),"",IF(AND(D38>1202,D38<2001),"Err. N°",IF(AND(D38>499,D38<1141),"Err.N°",IF($I$29=$O$28,"",IF(AND($I$29=$O$29,D38<1000),"N° Flac.",IF(AND($I$29=$O$30,D38>1000),"N° Flac.",((44.66*P38)))))))))))) -> 236.00204 | S38: =IF(ISBLANK($R$16),"",IF(A38=0,"",IF(ISBLANK($R$17),"",IF(B38=0,"",IF(ISBLANK(J38),"",IF(AND(D38>1202,D38<2001),"Err. N°",IF(AND(D38>499,D38<1141),"Err.N°",IF($I$29=$O$28,"",IF(AND($I$29=$O$29,D38<1000),"N° Flac.",IF(AND($I$29=$O$30,D38>1000),"N° Flac.",((44.66*P38)/M38))))))))))) -> 229.82145
C39: 5
A40: =IF(ISBLANK(VLOOKUP(D40,'Volumes flacons'!A5:C623,3)),0,1) -> 1 | B40: =IF(ISBLANK(D40),0,IF(ISBLANK(E40),0,IF(ISBLANK(F40),0,1))) -> 1 | C40: 6 | D40: 1149 | E40: 11.1 | F40: 3.5774 | G40: 34.65082 | H40: 1000 | I40: 1007.3 | J40: =IF(ISBLANK(D40),"",IF(VLOOKUP(D40,'Volumes flacons'!$A$5:$C$1023,2)=0,"",IF(D40>'Volumes flacons'!$A$1023,"Mauvais numéro",IF(D40<'Volumes flacons'!$A$5,"Mauvais numéro",(VLOOKUP(D40,'Volumes flacons'!$A$5:$C$1023,3)))))) -> 112.57 | K40: =IF(ISBLANK(E40),"",(0.000824493-(0.0000040899*E40)+(0.000000076438*E40^2)-(0.00000000082467*E40^3)+(0.0000000000053875*E40^4))) -> 0.00078746698 | L40: =IF(ISBLANK(E40),"",(-0.00000572466+(0.00000010227*E40)-(0.0000000016546*E40^2))) -> -4.7933263e-06 | M40: =IF(ISBLANK(E40),"",IF(ISBLANK(G40),(O40+(K40*35)+(L40*35^1.5)+(0.00000048314*35^2)),(O40+(K40*G40)+(L40*G40^1.5)+(0.00000048314*G40^2)))) -> 1.026486 | N40: =IF(ISBLANK(D40),"",IF(ISBLANK(G40),J40*(1+0.00001*(35-20)),J40*(1+0.00001*(G40-20)))) -> 112.58649 | O40: =IF(ISBLANK(E40),"",(0.999842594+(0.00006793952*E40)-(0.00000909529*E40^2)+(0.0000001001685*E40^3)-(0.000000001120083*E40^4)+(0.000000000006536332*E40^5))) -> 0.99959718 | P40: =IF(ISBLANK($R$16),"",IF(A40=0,"",IF(ISBLANK($R$17),"",IF(B40=0,"",IF($O$28=$I$29,"",IF(AND($I$29=$O$29,D40<1000),"N° Flac.",IF(AND($I$29=$O$30,D40>1000),"N° Flac.",IF(AND(D40>1202,D40<2001),"Err. N°",IF(AND(D40>499,D40<1141),"Err.N°",(((((F40)+'Correction de volume'!$G$7)*(($P$21)*($P$19)*5598)/(($R$16)-($R$17)))-(($P$27)*1000))/((N40)-($P$26)))))))))))) -> 3.6305179 | Q40: =IF(ISBLANK($R$16),"",IF(A40=0,"",IF(ISBLANK($R$17),"",IF(AND(D40>1202,D40<2001),"Err. N°",IF(AND(D40>499,D40<1141),"Err.N°",IF(B40=0,"",IF($O$28=$I$29,"",IF(AND($I$29=$O$29,D40<1000),"N° Flac.",IF(AND($I$29=$O$30,D40>1000),"N° Flac.",P40/M40))))))))) -> 3.5368413 | R40: =IF(ISBLANK($R$16),"",IF(A40=0,"",IF(ISBLANK($R$17),"",IF(B40=0,"",IF(ISBLANK(J40),"",IF(AND(D40>1202,D40<2001),"Err. N°",IF(AND(D40>499,D40<1141),"Err.N°",IF($I$29=$O$28,"",IF(AND($I$29=$O$29,D40<1000),"N° Flac.",IF(AND($I$29=$O$30,D40>1000),"N° Flac.",((44.66*P40)))))))))))) -> 162.13893 | S40: =IF(ISBLANK($R$16),"",IF(A40=0,"",IF(ISBLANK($R$17),"",IF(B40=0,"",IF(ISBLANK(J40),"",IF(AND(D40>1202,D40<2001),"Err. N°",IF(AND(D40>499,D40<1141),"Err.N°",IF($I$29=$O$28,"",IF(AND($I$29=$O$29,D40<1000),"N° Flac.",IF(AND($I$29=$O$30,D40>1000),"N° Flac.",((44.66*P40)/M40))))))))))) -> 157.95533
C41: 7
A42: =IF(ISBLANK(VLOOKUP(D42,'Volumes flacons'!A5:C623,3)),0,1) -> 1 | B42: =IF(ISBLANK(D42),0,IF(ISBLANK(E42),0,IF(ISBLANK(F42),0,1))) -> 1 | C42: 8 | D42: 1150 | E42: 12.8 | F42: 2.9801 | G42: 34.60945 | H42: 500 | I42: 504.7 | J42: =IF(ISBLANK(D42),"",IF(VLOOKUP(D42,'Volumes flacons'!$A$5:$C$1023,2)=0,"",IF(D42>'Volumes flacons'!$A$1023,"Mauvais numéro",IF(D42<'Volumes flacons'!$A$5,"Mauvais numéro",(VLOOKUP(D42,'Volumes flacons'!$A$5:$C$1023,3)))))) -> 111.94 | K42: =IF(ISBLANK(E42),"",(0.000824493-(0.0000040899*E42)+(0.000000076438*E42^2)-(0.00000000082467*E42^3)+(0.0000000000053875*E42^4))) -> 0.00078308104 | L42: =IF(ISBLANK(E42),"",(-0.00000572466+(0.00000010227*E42)-(0.0000000016546*E42^2))) -> -4.6866937e-06 | M42: =IF(ISBLANK(E42),"",IF(ISBLANK(G42),(O42+(K42*35)+(L42*35^1.5)+(0.00000048314*35^2)),(O42+(K42*G42)+(L42*G42^1.5)+(0.00000048314*G42^2)))) -> 1.0261308 | N42: =IF(ISBLANK(D42),"",IF(ISBLANK(G42),J42*(1+0.00001*(35-20)),J42*(1+0.00001*(G42-20)))) -> 111.95635 | O42: =IF(ISBLANK(E42),"",(0.999842594+(0.00006793952*E42)-(0.00000909529*E42^2)+(0.0000001001685*E42^3)-(0.000000001120083*E42^4)+(0.000000000006536332*E42^5))) -> 0.99940429 | P42: =IF(ISBLANK($R$16),"",IF(A42=0,"",IF(ISBLANK($R$17),"",IF(B42=0,"",IF($O$28=$I$29,"",IF(AND($I$29=$O$29,D42<1000),"N° Flac.",IF(AND($I$29=$O$30,D42>1000),"N° Flac.",IF(AND(D42>1202,D42<2001),"Err. N°",IF(AND(D42>499,D42<1141),"Err.N°",(((((F42)+'Correction de volume'!$G$7)*(($P$21)*($P$19)*5598)/(($R$16)-($R$17)))-(($P$27)*1000))/((N42)-($P$26)))))))))))) -> 3.039078 | Q42: =IF(ISBLANK($R$16),"",IF(A42=0,"",IF(ISBLANK($R$17),"",IF(AND(D42>1202,D42<2001),"Err. N°",IF(AND(D42>499,D42<1141),"Err.N°",IF(B42=0,"",IF($O$28=$I$29,"",IF(AND($I$29=$O$29,D42<1000),"N° Flac.",IF(AND($I$29=$O$30,D42>1000),"N° Flac.",P42/M42))))))))) -> 2.9616869 | R42: =IF(ISBLANK($R$16),"",IF(A42=0,"",IF(ISBLANK($R$17),"",IF(B42=0,"",IF(ISBLANK(J42),"",IF(AND(D42>1202,D42<2001),"Err. N°",IF(AND(D42>499,D42<1141),"Err.N°",IF($I$29=$O$28,"",IF(AND($I$29=$O$29,D42<1000),"N° Flac.",IF(AND($I$29=$O$30,D42>1000),"N° Flac.",((44.66*P42)))))))))))) -> 135.72523 | S42: =IF(ISBLANK($R$16),"",IF(A42=0,"",IF(ISBLANK($R$17),"",IF(B42=0,"",IF(ISBLANK(J42),"",IF(AND(D42>1202,D42<2001),"Err. N°",IF(AND(D42>499,D42<1141),"Err.N°",IF($I$29=$O$28,"",IF(AND($I$29=$O$29,D42<1000),"N° Flac.",IF(AND($I$29=$O$30,D42>1000),"N° Flac.",((44.66*P42)/M42))))))))))) -> 132.26894
C43: 9
A44: =IF(ISBLANK(VLOOKUP(D44,'Volumes flacons'!A5:C623,3)),0,1) -> 1 | B44: =IF(ISBLANK(D44),0,IF(ISBLANK(E44),0,IF(ISBLANK(F44),0,1))) -> 1 | C44: 10 | D44: 1152 | E44: 15.9 | F44: 1.9114 | G44: 35.08415 | H44: 300 | I44: 301.3 | J44: =IF(ISBLANK(D44),"",IF(VLOOKUP(D44,'Volumes flacons'!$A$5:$C$1023,2)=0,"",IF(D44>'Volumes flacons'!$A$1023,"Mauvais numéro",IF(D44<'Volumes flacons'!$A$5,"Mauvais numéro",(VLOOKUP(D44,'Volumes flacons'!$A$5:$C$1023,3)))))) -> 112.54 | K44: =IF(ISBLANK(E44),"",(0.000824493-(0.0000040899*E44)+(0.000000076438*E44^2)-(0.00000000082467*E44^3)+(0.0000000000053875*E44^4))) -> 0.0007758173 | L44: =IF(ISBLANK(E44),"",(-0.00000572466+(0.00000010227*E44)-(0.0000000016546*E44^2))) -> -4.5168664e-06 | M44: =IF(ISBLANK(E44),"",IF(ISBLANK(G44),(O44+(K44*35)+(L44*35^1.5)+(0.00000048314*35^2)),(O44+(K44*G44)+(L44*G44^1.5)+(0.00000048314*G44^2)))) -> 1.0258361 | N44: =IF(ISBLANK(D44),"",IF(ISBLANK(G44),J44*(1+0.00001*(35-20)),J44*(1+0.00001*(G44-20)))) -> 112.55698 | O44: =IF(ISBLANK(E44),"",(0.999842594+(0.00006793952*E44)-(0.00000909529*E44^2)+(0.0000001001685*E44^3)-(0.000000001120083*E44^4)+(0.000000000006536332*E44^5))) -> 0.99896115 | P44: =IF(ISBLANK($R$16),"",IF(A44=0,"",IF(ISBLANK($R$17),"",IF(B44=0,"",IF($O$28=$I$29,"",IF(AND($I$29=$O$29,D44<1000),"N° Flac.",IF(AND($I$29=$O$30,D44>1000),"N° Flac.",IF(AND(D44>1202,D44<2001),"Err. N°",IF(AND(D44>499,D44<1141),"Err.N°",(((((F44)+'Correction de volume'!$G$7)*(($P$21)*($P$19)*5598)/(($R$16)-($R$17)))-(($P$27)*1000))/((N44)-($P$26)))))))))))) -> 1.9330647 | Q44: =IF(ISBLANK($R$16),"",IF(A44=0,"",IF(ISBLANK($R$17),"",IF(AND(D44>1202,D44<2001),"Err. N°",IF(AND(D44>499,D44<1141),"Err.N°",IF(B44=0,"",IF($O$28=$I$29,"",IF(AND($I$29=$O$29,D44<1000),"N° Flac.",IF(AND($I$29=$O$30,D44>1000),"N° Flac.",P44/M44))))))))) -> 1.8843797 | R44: =IF(ISBLANK($R$16),"",IF(A44=0,"",IF(ISBLANK($R$17),"",IF(B44=0,"",IF(ISBLANK(J44),"",IF(AND(D44>1202,D44<2001),"Err. N°",IF(AND(D44>499,D44<1141),"Err.N°",IF($I$29=$O$28,"",IF(AND($I$29=$O$29,D44<1000),"N° Flac.",IF(AND($I$29=$O$30,D44>1000),"N° Flac.",((44.66*P44)))))))))))) -> 86.330669 | S44: =IF(ISBLANK($R$16),"",IF(A44=0,"",IF(ISBLANK($R$17),"",IF(B44=0,"",IF(ISBLANK(J44),"",IF(AND(D44>1202,D44<2001),"Err. N°",IF(AND(D44>499,D44<1141),"Err.N°",IF($I$29=$O$28,"",IF(AND($I$29=$O$29,D44<1000),"N° Flac.",IF(AND($I$29=$O$30,D44>1000),"N° Flac.",((44.66*P44)/M44))))))))))) -> 84.156397
C45: 11
A46: =IF(ISBLANK(VLOOKUP(D46,'Volumes flacons'!A5:C623,3)),0,1) -> 1 | B46: =IF(ISBLANK(D46),0,IF(ISBLANK(E46),0,IF(ISBLANK(F46),0,1))) -> 1 | C46: 12 | D46: 1154 | E46: 19.4 | F46: 3.6309 | G46: 34.752 | H46: 100 | I46: 101.7 | J46: =IF(ISBLANK(D46),"",IF(VLOOKUP(D46,'Volumes flacons'!$A$5:$C$1023,2)=0,"",IF(D46>'Volumes flacons'!$A$1023,"Mauvais numéro",IF(D46<'Volumes flacons'!$A$5,"Mauvais numéro",(VLOOKUP(D46,'Volumes flacons'!$A$5:$C$1023,3)))))) -> 112.46 | K46: =IF(ISBLANK(E46),"",(0.000824493-(0.0000040899*E46)+(0.000000076438*E46^2)-(0.00000000082467*E46^3)+(0.0000000000053875*E46^4))) -> 0.00076865904 | L46: =IF(ISBLANK(E46),"",(-0.00000572466+(0.00000010227*E46)-(0.0000000016546*E46^2))) -> -4.3633473e-06 | M46: =IF(ISBLANK(E46),"",IF(ISBLANK(G46),(O46+(K46*35)+(L46*35^1.5)+(0.00000048314*35^2)),(O46+(K46*G46)+(L46*G46^1.5)+(0.00000048314*G46^2)))) -> 1.0247302 | N46: =IF(ISBLANK(D46),"",IF(ISBLANK(G46),J46*(1+0.00001*(35-20)),J46*(1+0.00001*(G46-20)))) -> 112.47659 | O46: =IF(ISBLANK(E46),"",(0.999842594+(0.00006793952*E46)-(0.00000909529*E46^2)+(0.0000001001685*E46^3)-(0.000000001120083*E46^4)+(0.000000000006536332*E46^5))) -> 0.99832819 | P46: =IF(ISBLANK($R$16),"",IF(A46=0,"",IF(ISBLANK($R$17),"",IF(B46=0,"",IF($O$28=$I$29,"",IF(AND($I$29=$O$29,D46<1000),"N° Flac.",IF(AND($I$29=$O$30,D46>1000),"N° Flac.",IF(AND(D46>1202,D46<2001),"Err. N°",IF(AND(D46>499,D46<1141),"Err.N°",(((((F46)+'Correction de volume'!$G$7)*(($P$21)*($P$19)*5598)/(($R$16)-($R$17)))-(($P$27)*1000))/((N46)-($P$26)))))))))))) -> 3.6887114 | Q46: =IF(ISBLANK($R$16),"",IF(A46=0,"",IF(ISBLANK($R$17),"",IF(AND(D46>1202,D46<2001),"Err. N°",IF(AND(D46>499,D46<1141),"Err.N°",IF(B46=0,"",IF($O$28=$I$29,"",IF(AND($I$29=$O$29,D46<1000),"N° Flac.",IF(AND($I$29=$O$30,D46>1000),"N° Flac.",P46/M46))))))))) -> 3.5996903 | R46: =IF(ISBLANK($R$16),"",IF(A46=0,"",IF(ISBLANK($R$17),"",IF(B46=0,"",IF(ISBLANK(J46),"",IF(AND(D46>1202,D46<2001),"Err. N°",IF(AND(D46>499,D46<1141),"Err.N°",IF($I$29=$O$28,"",IF(AND($I$29=$O$29,D46<1000),"N° Flac.",IF(AND($I$29=$O$30,D46>1000),"N° Flac.",((44.66*P46)))))))))))) -> 164.73785 | S46: =IF(ISBLANK($R$16),"",IF(A46=0,"",IF(ISBLANK($R$17),"",IF(B46=0,"",IF(ISBLANK(J46),"",IF(AND(D46>1202,D46<2001),"Err. N°",IF(AND(D46>499,D46<1141),"Err.N°",IF($I$29=$O$28,"",IF(AND($I$29=$O$29,D46<1000),"N° Flac.",IF(AND($I$29=$O$30,D46>1000),"N° Flac.",((44.66*P46)/M46))))))))))) -> 160.76217
A47: =IF(ISBLANK(VLOOKUP(D47,'Volumes flacons'!A5:C623,3)),0,1) -> 1 | B47: =IF(ISBLANK(D47),0,IF(ISBLANK(E47),0,IF(ISBLANK(F47),0,1))) -> 1 | C47: 13 | D47: 1155 | E47: 21.4 | F47: 4.026 | G47: 36.16055 | H47: 80 | I47: 79.4 | J47: =IF(ISBLANK(D47),"",IF(VLOOKUP(D47,'Volumes flacons'!$A$5:$C$1023,2)=0,"",IF(D47>'Volumes flacons'!$A$1023,"Mauvais numéro",IF(D47<'Volumes flacons'!$A$5,"Mauvais numéro",(VLOOKUP(D47,'Volumes flacons'!$A$5:$C$1023,3)))))) -> 113.72 | K47: =IF(ISBLANK(E47),"",(0.000824493-(0.0000040899*E47)+(0.000000076438*E47^2)-(0.00000000082467*E47^3)+(0.0000000000053875*E47^4))) -> 0.00076502254 | L47: =IF(ISBLANK(E47),"",(-0.00000572466+(0.00000010227*E47)-(0.0000000016546*E47^2))) -> -4.2938226e-06 | M47: =IF(ISBLANK(E47),"",IF(ISBLANK(G47),(O47+(K47*35)+(L47*35^1.5)+(0.00000048314*35^2)),(O47+(K47*G47)+(L47*G47^1.5)+(0.00000048314*G47^2)))) -> 1.025269 | N47: =IF(ISBLANK(D47),"",IF(ISBLANK(G47),J47*(1+0.00001*(35-20)),J47*(1+0.00001*(G47-20)))) -> 113.73838 | O47: =IF(ISBLANK(E47),"",(0.999842594+(0.00006793952*E47)-(0.00000909529*E47^2)+(0.0000001001685*E47^3)-(0.000000001120083*E47^4)+(0.000000000006536332*E47^5))) -> 0.99790733 | P47: =IF(ISBLANK($R$16),"",IF(A47=0,"",IF(ISBLANK($R$17),"",IF(B47=0,"",IF($O$28=$I$29,"",IF(AND($I$29=$O$29,D47<1000),"N° Flac.",IF(AND($I$29=$O$30,D47>1000),"N° Flac.",IF(AND(D47>1202,D47<2001),"Err. N°",IF(AND(D47>499,D47<1141),"Err.N°",(((((F47)+'Correction de volume'!$G$7)*(($P$21)*($P$19)*5598)/(($R$16)-($R$17)))-(($P$27)*1000))/((N47)-($P$26)))))))))))) -> 4.0455752 | Q47: =IF(ISBLANK($R$16),"",IF(A47=0,"",IF(ISBLANK($R$17),"",IF(AND(D47>1202,D47<2001),"Err. N°",IF(AND(D47>499,D47<1141),"Err.N°",IF(B47=0,"",IF($O$28=$I$29,"",IF(AND($I$29=$O$29,D47<1000),"N° Flac.",IF(AND($I$29=$O$30,D47>1000),"N° Flac.",P47/M47))))))))) -> 3.945867 | R47: =IF(ISBLANK($R$16),"",IF(A47=0,"",IF(ISBLANK($R$17),"",IF(B47=0,"",IF(ISBLANK(J47),"",IF(AND(D47>1202,D47<2001),"Err. N°",IF(AND(D47>499,D47<1141),"Err.N°",IF($I$29=$O$28,"",IF(AND($I$29=$O$29,D47<1000),"N° Flac.",IF(AND($I$29=$O$30,D47>1000),"N° Flac.",((44.66*P47)))))))))))) -> 180.67539 | S47: =IF(ISBLANK($R$16),"",IF(A47=0,"",IF(ISBLANK($R$17),"",IF(B47=0,"",IF(ISBLANK(J47),"",IF(AND(D47>1202,D47<2001),"Err. N°",IF(AND(D47>499,D47<1141),"Err.N°",IF($I$29=$O$28,"",IF(AND($I$29=$O$29,D47<1000),"N° Flac.",IF(AND($I$29=$O$30,D47>1000),"N° Flac.",((44.66*P47)/M47))))))))))) -> 176.22242
A48: =IF(ISBLANK(VLOOKUP(D48,'Volumes flacons'!A5:C623,3)),0,1) -> 1 | B48: =IF(ISBLANK(D48),0,IF(ISBLANK(E48),0,IF(ISBLANK(F48),0,1))) -> 1 | C48: 14 | D48: 1162 | E48: 23.6 | F48: 4.3488 | G48: 36.487 | H48: 60 | I48: 60.3 | J48: =IF(ISBLANK(D48),"",IF(VLOOKUP(D48,'Volumes flacons'!$A$5:$C$1023,2)=0,"",IF(D48>'Volumes flacons'!$A$1023,"Mauvais numéro",IF(D48<'Volumes flacons'!$A$5,"Mauvais numéro",(VLOOKUP(D48,'Volumes flacons'!$A$5:$C$1023,3)))))) -> 112.51 | K48: =IF(ISBLANK(E48),"",(0.000824493-(0.0000040899*E48)+(0.000000076438*E48^2)-(0.00000000082467*E48^3)+(0.0000000000053875*E48^4))) -> 0.00076137582 | L48: =IF(ISBLANK(E48),"",(-0.00000572466+(0.00000010227*E48)-(0.0000000016546*E48^2))) -> -4.232634e-06 | M48: =IF(ISBLANK(E48),"",IF(ISBLANK(G48),(O48+(K48*35)+(L48*35^1.5)+(0.00000048314*35^2)),(O48+(K48*G48)+(L48*G48^1.5)+(0.00000048314*G48^2)))) -> 1.024888 | N48: =IF(ISBLANK(D48),"",IF(ISBLANK(G48),J48*(1+0.00001*(35-20)),J48*(1+0.00001*(G48-20)))) -> 112.52855 | O48: =IF(ISBLANK(E48),"",(0.999842594+(0.00006793952*E48)-(0.00000909529*E48^2)+(0.0000001001685*E48^3)-(0.000000001120083*E48^4)+(0.000000000006536332*E48^5))) -> 0.99739729 | P48: =IF(ISBLANK($R$16),"",IF(A48=0,"",IF(ISBLANK($R$17),"",IF(B48=0,"",IF($O$28=$I$29,"",IF(AND($I$29=$O$29,D48<1000),"N° Flac.",IF(AND($I$29=$O$30,D48>1000),"N° Flac.",IF(AND(D48>1202,D48<2001),"Err. N°",IF(AND(D48>499,D48<1141),"Err.N°",(((((F48)+'Correction de volume'!$G$7)*(($P$21)*($P$19)*5598)/(($R$16)-($R$17)))-(($P$27)*1000))/((N48)-($P$26)))))))))))) -> 4.4190365 | Q48: =IF(ISBLANK($R$16),"",IF(A48=0,"",IF(ISBLANK($R$17),"",IF(AND(D48>1202,D48<2001),"Err. N°",IF(AND(D48>499,D48<1141),"Err.N°",IF(B48=0,"",IF($O$28=$I$29,"",IF(AND($I$29=$O$29,D48<1000),"N° Flac.",IF(AND($I$29=$O$30,D48>1000),"N° Flac.",P48/M48))))))))) -> 4.3117264 | R48: =IF(ISBLANK($R$16),"",IF(A48=0,"",IF(ISBLANK($R$17),"",IF(B48=0,"",IF(ISBLANK(J48),"",IF(AND(D48>1202,D48<2001),"Err. N°",IF(AND(D48>499,D48<1141),"Err.N°",IF($I$29=$O$28,"",IF(AND($I$29=$O$29,D48<1000),"N° Flac.",IF(AND($I$29=$O$30,D48>1000),"N° Flac.",((44.66*P48)))))))))))) -> 197.35417 | S48: =IF(ISBLANK($R$16),"",IF(A48=0,"",IF(ISBLANK($R$17),"",IF(B48=0,"",IF(ISBLANK(J48),"",IF(AND(D48>1202,D48<2001),"Err. N°",IF(AND(D48>499,D48<1141),"Err.N°",IF($I$29=$O$28,"",IF(AND($I$29=$O$29,D48<1000),"N° Flac.",IF(AND($I$29=$O$30,D48>1000),"N° Flac.",((44.66*P48)/M48))))))))))) -> 192.5617
C49: 15
A50: =IF(ISBLANK(VLOOKUP(D50,'Volumes flacons'!A5:C623,3)),0,1) -> 1 | B50: =IF(ISBLANK(D50),0,IF(ISBLANK(E50),0,IF(ISBLANK(F50),0,1))) -> 1 | C50: 16 | D50: 1164 | E50: 25.6 | F50: 4.5292 | G50: 36.4207 | H50: 40 | I50: 42.5 | J50: =IF(ISBLANK(D50),"",IF(VLOOKUP(D50,'Volumes flacons'!$A$5:$C$1023,2)=0,"",IF(D50>'Volumes flacons'!$A$1023,"Mauvais numéro",IF(D50<'Volumes flacons'!$A$5,"Mauvais numéro",(VLOOKUP(D50,'Volumes flacons'!$A$5:$C$1023,3)))))) -> 112.71 | K50: =IF(ISBLANK(E50),"",(0.000824493-(0.0000040899*E50)+(0.000000076438*E50^2)-(0.00000000082467*E50^3)+(0.0000000000053875*E50^4))) -> 0.00075836421 | L50: =IF(ISBLANK(E50),"",(-0.00000572466+(0.00000010227*E50)-(0.0000000016546*E50^2))) -> -4.1909067e-06 | M50: =IF(ISBLANK(E50),"",IF(ISBLANK(G50),(O50+(K50*35)+(L50*35^1.5)+(0.00000048314*35^2)),(O50+(K50*G50)+(L50*G50^1.5)+(0.00000048314*G50^2)))) -> 1.0242324 | N50: =IF(ISBLANK(D50),"",IF(ISBLANK(G50),J50*(1+0.00001*(35-20)),J50*(1+0.00001*(G50-20)))) -> 112.72851 | O50: =IF(ISBLANK(E50),"",(0.999842594+(0.00006793952*E50)-(0.00000909529*E50^2)+(0.0000001001685*E50^3)-(0.000000001120083*E50^4)+(0.000000000006536332*E50^5))) -> 0.9968925 | P50: =IF(ISBLANK($R$16),"",IF(A50=0,"",IF(ISBLANK($R$17),"",IF(B50=0,"",IF($O$28=$I$29,"",IF(AND($I$29=$O$29,D50<1000),"N° Flac.",IF(AND($I$29=$O$30,D50>1000),"N° Flac.",IF(AND(D50>1202,D50<2001),"Err. N°",IF(AND(D50>499,D50<1141),"Err.N°",(((((F50)+'Correction de volume'!$G$7)*(($P$21)*($P$19)*5598)/(($R$16)-($R$17)))-(($P$27)*1000))/((N50)-($P$26)))))))))))) -> 4.5946801 | Q50: =IF(ISBLANK($R$16),"",IF(A50=0,"",IF(ISBLANK($R$17),"",IF(AND(D50>1202,D50<2001),"Err. N°",IF(AND(D50>499,D50<1141),"Err.N°",IF(B50=0,"",IF($O$28=$I$29,"",IF(AND($I$29=$O$29,D50<1000),"N° Flac.",IF(AND($I$29=$O$30,D50>1000),"N° Flac.",P50/M50))))))))) -> 4.4859742 | R50: =IF(ISBLANK($R$16),"",IF(A50=0,"",IF(ISBLANK($R$17),"",IF(B50=0,"",IF(ISBLANK(J50),"",IF(AND(D50>1202,D50<2001),"Err. N°",IF(AND(D50>499,D50<1141),"Err.N°",IF($I$29=$O$28,"",IF(AND($I$29=$O$29,D50<1000),"N° Flac.",IF(AND($I$29=$O$30,D50>1000),"N° Flac.",((44.66*P50)))))))))))) -> 205.19841 | S50: =IF(ISBLANK($R$16),"",IF(A50=0,"",IF(ISBLANK($R$17),"",IF(B50=0,"",IF(ISBLANK(J50),"",IF(AND(D50>1202,D50<2001),"Err. N°",IF(AND(D50>499,D50<1141),"Err.N°",IF($I$29=$O$28,"",IF(AND($I$29=$O$29,D50<1000),"N° Flac.",IF(AND($I$29=$O$30,D50>1000),"N° Flac.",((44.66*P50)/M50))))))))))) -> 200.34361
A51: =IF(ISBLANK(VLOOKUP(D51,'Volumes flacons'!A5:C623,3)),0,1) -> 1 | B51: =IF(ISBLANK(D51),0,IF(ISBLANK(E51),0,IF(ISBLANK(F51),0,1))) -> 1 | C51: 17 | D51: 1167 | E51: 27.9 | F51: 4.4802 | G51: 35.6594 | H51: 20 | I51: 20.5 | J51: =IF(ISBLANK(D51),"",IF(VLOOKUP(D51,'Volumes flacons'!$A$5:$C$1023,2)=0,"",IF(D51>'Volumes flacons'!$A$1023,"Mauvais numéro",IF(D51<'Volumes flacons'!$A$5,"Mauvais numéro",(VLOOKUP(D51,'Volumes flacons'!$A$5:$C$1023,3)))))) -> 111.84 | K51: =IF(ISBLANK(E51),"",(0.000824493-(0.0000040899*E51)+(0.000000076438*E51^2)-(0.00000000082467*E51^3)+(0.0000000000053875*E51^4))) -> 0.00075523941 | L51: =IF(ISBLANK(E51),"",(-0.00000572466+(0.00000010227*E51)-(0.0000000016546*E51^2))) -> -4.1592842e-06 | M51: =IF(ISBLANK(E51),"",IF(ISBLANK(G51),(O51+(K51*35)+(L51*35^1.5)+(0.00000048314*35^2)),(O51+(K51*G51)+(L51*G51^1.5)+(0.00000048314*G51^2)))) -> 1.0229255 | N51: =IF(ISBLANK(D51),"",IF(ISBLANK(G51),J51*(1+0.00001*(35-20)),J51*(1+0.00001*(G51-20)))) -> 111.85751 | O51: =IF(ISBLANK(E51),"",(0.999842594+(0.00006793952*E51)-(0.00000909529*E51^2)+(0.0000001001685*E51^3)-(0.000000001120083*E51^4)+(0.000000000006536332*E51^5))) -> 0.99626548 | P51: =IF(ISBLANK($R$16),"",IF(A51=0,"",IF(ISBLANK($R$17),"",IF(B51=0,"",IF($O$28=$I$29,"",IF(AND($I$29=$O$29,D51<1000),"N° Flac.",IF(AND($I$29=$O$30,D51>1000),"N° Flac.",IF(AND(D51>1202,D51<2001),"Err. N°",IF(AND(D51>499,D51<1141),"Err.N°",(((((F51)+'Correction de volume'!$G$7)*(($P$21)*($P$19)*5598)/(($R$16)-($R$17)))-(($P$27)*1000))/((N51)-($P$26)))))))))))) -> 4.5808469 | Q51: =IF(ISBLANK($R$16),"",IF(A51=0,"",IF(ISBLANK($R$17),"",IF(AND(D51>1202,D51<2001),"Err. N°",IF(AND(D51>499,D51<1141),"Err.N°",IF(B51=0,"",IF($O$28=$I$29,"",IF(AND($I$29=$O$29,D51<1000),"N° Flac.",IF(AND($I$29=$O$30,D51>1000),"N° Flac.",P51/M51))))))))) -> 4.4781822 | R51: =IF(ISBLANK($R$16),"",IF(A51=0,"",IF(ISBLANK($R$17),"",IF(B51=0,"",IF(ISBLANK(J51),"",IF(AND(D51>1202,D51<2001),"Err. N°",IF(AND(D51>499,D51<1141),"Err.N°",IF($I$29=$O$28,"",IF(AND($I$29=$O$29,D51<1000),"N° Flac.",IF(AND($I$29=$O$30,D51>1000),"N° Flac.",((44.66*P51)))))))))))) -> 204.58062 | S51: =IF(ISBLANK($R$16),"",IF(A51=0,"",IF(ISBLANK($R$17),"",IF(B51=0,"",IF(ISBLANK(J51),"",IF(AND(D51>1202,D51<2001),"Err. N°",IF(AND(D51>499,D51<1141),"Err.N°",IF($I$29=$O$28,"",IF(AND($I$29=$O$29,D51<1000),"N° Flac.",IF(AND($I$29=$O$30,D51>1000),"N° Flac.",((44.66*P51)/M51))))))))))) -> 199.99561
C52: 18
A53: =IF(ISBLANK(VLOOKUP(D53,'Volumes flacons'!A5:C623,3)),0,1) -> 1 | B53: =IF(ISBLANK(D53),0,IF(ISBLANK(E53),0,IF(ISBLANK(F53),0,1))) -> 1 | C53: 19 | D53: 1165 | E53: 28.7 | F53: 4.4736 | G53: 35.4904 | H53: 0 | I53: 2.5 | J53: =IF(ISBLANK(D53),"",IF(VLOOKUP(D53,'Volumes flacons'!$A$5:$C$1023,2)=0,"",IF(D53>'Volumes flacons'!$A$1023,"Mauvais numéro",IF(D53<'Volumes flacons'!$A$5,"Mauvais numéro",(VLOOKUP(D53,'Volumes flacons'!$A$5:$C$1023,3)))))) -> 113.54 | K53: =IF(ISBLANK(E53),"",(0.000824493-(0.0000040899*E53)+(0.000000076438*E53^2)-(0.00000000082467*E53^3)+(0.0000000000053875*E53^4))) -> 0.0007542342 | L53: =IF(ISBLANK(E53),"",(-0.00000572466+(0.00000010227*E53)-(0.0000000016546*E53^2))) -> -4.1523885e-06 | M53: =IF(ISBLANK(E53),"",IF(ISBLANK(G53),(O53+(K53*35)+(L53*35^1.5)+(0.00000048314*35^2)),(O53+(K53*G53)+(L53*G53^1.5)+(0.00000048314*G53^2)))) -> 1.0225348 | N53: =IF(ISBLANK(D53),"",IF(ISBLANK(G53),J53*(1+0.00001*(35-20)),J53*(1+0.00001*(G53-20)))) -> 113.55759 | O53: =IF(ISBLANK(E53),"",(0.999842594+(0.00006793952*E53)-(0.00000909529*E53^2)+(0.0000001001685*E53^3)-(0.000000001120083*E53^4)+(0.000000000006536332*E53^5))) -> 0.99603607 | P53: =IF(ISBLANK($R$16),"",IF(A53=0,"",IF(ISBLANK($R$17),"",IF(B53=0,"",IF($O$28=$I$29,"",IF(AND($I$29=$O$29,D53<1000),"N° Flac.",IF(AND($I$29=$O$30,D53>1000),"N° Flac.",IF(AND(D53>1202,D53<2001),"Err. N°",IF(AND(D53>499,D53<1141),"Err.N°",(((((F53)+'Correction de volume'!$G$7)*(($P$21)*($P$19)*5598)/(($R$16)-($R$17)))-(($P$27)*1000))/((N53)-($P$26)))))))))))) -> 4.5043502 | Q53: =IF(ISBLANK($R$16),"",IF(A53=0,"",IF(ISBLANK($R$17),"",IF(AND(D53>1202,D53<2001),"Err. N°",IF(AND(D53>499,D53<1141),"Err.N°",IF(B53=0,"",IF($O$28=$I$29,"",IF(AND($I$29=$O$29,D53<1000),"N° Flac.",IF(AND($I$29=$O$30,D53>1000),"N° Flac.",P53/M53))))))))) -> 4.4050828 | R53: =IF(ISBLANK($R$16),"",IF(A53=0,"",IF(ISBLANK($R$17),"",IF(B53=0,"",IF(ISBLANK(J53),"",IF(AND(D53>1202,D53<2001),"Err. N°",IF(AND(D53>499,D53<1141),"Err.N°",IF($I$29=$O$28,"",IF(AND($I$29=$O$29,D53<1000),"N° Flac.",IF(AND($I$29=$O$30,D53>1000),"N° Flac.",((44.66*P53)))))))))))) -> 201.16428 | S53: =IF(ISBLANK($R$16),"",IF(A53=0,"",IF(ISBLANK($R$17),"",IF(B53=0,"",IF(ISBLANK(J53),"",IF(AND(D53>1202,D53<2001),"Err. N°",IF(AND(D53>499,D53<1141),"Err.N°",IF($I$29=$O$28,"",IF(AND($I$29=$O$29,D53<1000),"N° Flac.",IF(AND($I$29=$O$30,D53>1000),"N° Flac.",((44.66*P53)/M53))))))))))) -> 196.731 | AD53: 0.0024 | AE53: 0.0042 | AF53: 0.0017 | AG53: 0.0034 | AH53: 0.0028 | AI53: < lim de detection | AJ53: < lim de detection | AK53: 0.0011 | AL53: 0.015 | AM53: 0.0041 | AN53: < lim de detection | AO53: < lim de detection | AP53: 0.0709 | AR53: 0.003 | AS53: 0.003 | AT53: 0.0061 | AU53: 0.0092 | AV53: < lim de detection | AW53: < lim de detection | AX53: 0.039 | AY53: 0.0355 | AZ53: 0.0745 | BA53: 0.0019
A54: =IF(ISBLANK(VLOOKUP(D54,'Volumes flacons'!A5:C623,3)),0,1) -> 1 | B54: =IF(ISBLANK(D54),0,IF(ISBLANK(E54),0,IF(ISBLANK(F54),0,1))) -> 0 | C54: 20 | J54: =IF(ISBLANK(D54),"",IF(VLOOKUP(D54,'Volumes flacons'!$A$5:$C$1023,2)=0,"",IF(D54>'Volumes flacons'!$A$1023,"Mauvais numéro",IF(D54<'Volumes flacons'!$A$5,"Mauvais numéro",(VLOOKUP(D54,'Volumes flacons'!$A$5:$C$1023,3)))))) | K54: =IF(ISBLANK(E54),"",(0.000824493-(0.0000040899*E54)+(0.000000076438*E54^2)-(0.00000000082467*E54^3)+(0.0000000000053875*E54^4))) | L54: =IF(ISBLANK(E54),"",(-0.00000572466+(0.00000010227*E54)-(0.0000000016546*E54^2))) | M54: =IF(ISBLANK(E54),"",IF(ISBLANK(G54),(O54+(K54*35)+(L54*35^1.5)+(0.00000048314*35^2)),(O54+(K54*G54)+(L54*G54^1.5)+(0.00000048314*G54^2)))) | N54: =IF(ISBLANK(D54),"",IF(ISBLANK(G54),J54*(1+0.00001*(35-20)),J54*(1+0.00001*(G54-20)))) | O54: =IF(ISBLANK(E54),"",(0.999842594+(0.00006793952*E54)-(0.00000909529*E54^2)+(0.0000001001685*E54^3)-(0.000000001120083*E54^4)+(0.000000000006536332*E54^5))) | P54: =IF(ISBLANK($R$16),"",IF(A54=0,"",IF(ISBLANK($R$17),"",IF(B54=0,"",IF($O$28=$I$29,"",IF(AND($I$29=$O$29,D54<1000),"N° Flac.",IF(AND($I$29=$O$30,D54>1000),"N° Flac.",IF(AND(D54>1202,D54<2001),"Err. N°",IF(AND(D54>499,D54<1141),"Err.N°",(((((F54)+'Correction de volume'!$G$7)*(($P$21)*($P$19)*5598)/(($R$16)-($R$17)))-(($P$27)*1000))/((N54)-($P$26)))))))))))) | Q54: =IF(ISBLANK($R$16),"",IF(A54=0,"",IF(ISBLANK($R$17),"",IF(AND(D54>1202,D54<2001),"Err. N°",IF(AND(D54>499,D54<1141),"Err.N°",IF(B54=0,"",IF($O$28=$I$29,"",IF(AND($I$29=$O$29,D54<1000),"N° Flac.",IF(AND($I$29=$O$30,D54>1000),"N° Flac.",P54/M54))))))))) | R54: =IF(ISBLANK($R$16),"",IF(A54=0,"",IF(ISBLANK($R$17),"",IF(B54=0,"",IF(ISBLANK(J54),"",IF(AND(D54>1202,D54<2001),"Err. N°",IF(AND(D54>499,D54<1141),"Err.N°",IF($I$29=$O$28,"",IF(AND($I$29=$O$29,D54<1000),"N° Flac.",IF(AND($I$29=$O$30,D54>1000),"N° Flac.",((44.66*P54)))))))))))) | S54: =IF(ISBLANK($R$16),"",IF(A54=0,"",IF(ISBLANK($R$17),"",IF(B54=0,"",IF(ISBLANK(J54),"",IF(AND(D54>1202,D54<2001),"Err. N°",IF(AND(D54>499,D54<1141),"Err.N°",IF($I$29=$O$28,"",IF(AND($I$29=$O$29,D54<1000),"N° Flac.",IF(AND($I$29=$O$30,D54>1000),"N° Flac.",((44.66*P54)/M54)))))))))))
A55: =IF(ISBLANK(VLOOKUP(D55,'Volumes flacons'!A5:C623,3)),0,1) -> 1 | B55: =IF(ISBLANK(D55),0,IF(ISBLANK(E55),0,IF(ISBLANK(F55),0,1))) -> 0 | C55: 15 | J55: =IF(ISBLANK(D55),"",IF(VLOOKUP(D55,'Volumes flacons'!$A$5:$C$1023,2)=0,"",IF(D55>'Volumes flacons'!$A$1023,"Mauvais numéro",IF(D55<'Volumes flacons'!$A$5,"Mauvais numéro",(VLOOKUP(D55,'Volumes flacons'!$A$5:$C$1023,3)))))) | K55: =IF(ISBLANK(E55),"",(0.000824493-(0.0000040899*E55)+(0.000000076438*E55^2)-(0.00000000082467*E55^3)+(0.0000000000053875*E55^4))) | L55: =IF(ISBLANK(E55),"",(-0.00000572466+(0.00000010227*E55)-(0.0000000016546*E55^2))) | M55: =IF(ISBLANK(E55),"",IF(ISBLANK(G55),(O55+(K55*35)+(L55*35^1.5)+(0.00000048314*35^2)),(O55+(K55*G55)+(L55*G55^1.5)+(0.00000048314*G55^2)))) | N55: =IF(ISBLANK(D55),"",IF(ISBLANK(G55),J55*(1+0.00001*(35-20)),J55*(1+0.00001*(G55-20)))) | O55: =IF(ISBLANK(E55),"",(0.999842594+(0.00006793952*E55)-(0.00000909529*E55^2)+(0.0000001001685*E55^3)-(0.000000001120083*E55^4)+(0.000000000006536332*E55^5))) | P55: =IF(ISBLANK($R$16),"",IF(A55=0,"",IF(ISBLANK($R$17),"",IF(B55=0,"",IF($O$28=$I$29,"",IF(AND($I$29=$O$29,D55<1000),"N° Flac.",IF(AND($I$29=$O$30,D55>1000),"N° Flac.",IF(AND(D55>1202,D55<2001),"Err. N°",IF(AND(D55>499,D55<1141),"Err.N°",(((((F55)+'Correction de volume'!$G$7)*(($P$21)*($P$19)*5598)/(($R$16)-($R$17)))-(($P$27)*1000))/((N55)-($P$26)))))))))))) | Q55: =IF(ISBLANK($R$16),"",IF(A55=0,"",IF(ISBLANK($R$17),"",IF(AND(D55>1202,D55<2001),"Err. N°",IF(AND(D55>499,D55<1141),"Err.N°",IF(B55=0,"",IF($O$28=$I$29,"",IF(AND($I$29=$O$29,D55<1000),"N° Flac.",IF(AND($I$29=$O$30,D55>1000),"N° Flac.",P55/M55))))))))) | R55: =IF(ISBLANK($R$16),"",IF(A55=0,"",IF(ISBLANK($R$17),"",IF(B55=0,"",IF(ISBLANK(J55),"",IF(AND(D55>1202,D55<2001),"Err. N°",IF(AND(D55>499,D55<1141),"Err.N°",IF($I$29=$O$28,"",IF(AND($I$29=$O$29,D55<1000),"N° Flac.",IF(AND($I$29=$O$30,D55>1000),"N° Flac.",((44.66*P55)))))))))))) | S55: =IF(ISBLANK($R$16),"",IF(A55=0,"",IF(ISBLANK($R$17),"",IF(B55=0,"",IF(ISBLANK(J55),"",IF(AND(D55>1202,D55<2001),"Err. N°",IF(AND(D55>499,D55<1141),"Err.N°",IF($I$29=$O$28,"",IF(AND($I$29=$O$29,D55<1000),"N° Flac.",IF(AND($I$29=$O$30,D55>1000),"N° Flac.",((44.66*P55)/M55)))))))))))
A56: =IF(ISBLANK(VLOOKUP(D56,'Volumes flacons'!A5:C623,3)),0,1) -> 1 | B56: =IF(ISBLANK(D56),0,IF(ISBLANK(E56),0,IF(ISBLANK(F56),0,1))) -> 0 | C56: 16 | J56: =IF(ISBLANK(D56),"",IF(VLOOKUP(D56,'Volumes flacons'!$A$5:$C$1023,2)=0,"",IF(D56>'Volumes flacons'!$A$1023,"Mauvais numéro",IF(D56<'Volumes flacons'!$A$5,"Mauvais numéro",(VLOOKUP(D56,'Volumes flacons'!$A$5:$C$1023,3)))))) | K56: =IF(ISBLANK(E56),"",(0.000824493-(0.0000040899*E56)+(0.000000076438*E56^2)-(0.00000000082467*E56^3)+(0.0000000000053875*E56^4))) | L56: =IF(ISBLANK(E56),"",(-0.00000572466+(0.00000010227*E56)-(0.0000000016546*E56^2))) | M56: =IF(ISBLANK(E56),"",IF(ISBLANK(G56),(O56+(K56*35)+(L56*35^1.5)+(0.00000048314*35^2)),(O56+(K56*G56)+(L56*G56^1.5)+(0.00000048314*G56^2)))) | N56: =IF(ISBLANK(D56),"",IF(ISBLANK(G56),J56*(1+0.00001*(35-20)),J56*(1+0.00001*(G56-20)))) | O56: =IF(ISBLANK(E56),"",(0.999842594+(0.00006793952*E56)-(0.00000909529*E56^2)+(0.0000001001685*E56^3)-(0.000000001120083*E56^4)+(0.000000000006536332*E56^5))) | P56: =IF(ISBLANK($R$16),"",IF(A56=0,"",IF(ISBLANK($R$17),"",IF(B56=0,"",IF($O$28=$I$29,"",IF(AND($I$29=$O$29,D56<1000),"N° Flac.",IF(AND($I$29=$O$30,D56>1000),"N° Flac.",IF(AND(D56>1202,D56<2001),"Err. N°",IF(AND(D56>499,D56<1141),"Err.N°",(((((F56)+'Correction de volume'!$G$7)*(($P$21)*($P$19)*5598)/(($R$16)-($R$17)))-(($P$27)*1000))/((N56)-($P$26)))))))))))) | Q56: =IF(ISBLANK($R$16),"",IF(A56=0,"",IF(ISBLANK($R$17),"",IF(AND(D56>1202,D56<2001),"Err. N°",IF(AND(D56>499,D56<1141),"Err.N°",IF(B56=0,"",IF($O$28=$I$29,"",IF(AND($I$29=$O$29,D56<1000),"N° Flac.",IF(AND($I$29=$O$30,D56>1000),"N° Flac.",P56/M56))))))))) | R56: =IF(ISBLANK($R$16),"",IF(A56=0,"",IF(ISBLANK($R$17),"",IF(B56=0,"",IF(ISBLANK(J56),"",IF(AND(D56>1202,D56<2001),"Err. N°",IF(AND(D56>499,D56<1141),"Err.N°",IF($I$29=$O$28,"",IF(AND($I$29=$O$29,D56<1000),"N° Flac.",IF(AND($I$29=$O$30,D56>1000),"N° Flac.",((44.66*P56)))))))))))) | S56: =IF(ISBLANK($R$16),"",IF(A56=0,"",IF(ISBLANK($R$17),"",IF(B56=0,"",IF(ISBLANK(J56),"",IF(AND(D56>1202,D56<2001),"Err. N°",IF(AND(D56>499,D56<1141),"Err.N°",IF($I$29=$O$28,"",IF(AND($I$29=$O$29,D56<1000),"N° Flac.",IF(AND($I$29=$O$30,D56>1000),"N° Flac.",((44.66*P56)/M56)))))))))))
A57: =IF(ISBLANK(VLOOKUP(D57,'Volumes flacons'!A5:C623,3)),0,1) -> 1 | B57: =IF(ISBLANK(D57),0,IF(ISBLANK(E57),0,IF(ISBLANK(F57),0,1))) -> 0 | C57: 17 | J57: =IF(ISBLANK(D57),"",IF(VLOOKUP(D57,'Volumes flacons'!$A$5:$C$1023,2)=0,"",IF(D57>'Volumes flacons'!$A$1023,"Mauvais numéro",IF(D57<'Volumes flacons'!$A$5,"Mauvais numéro",(VLOOKUP(D57,'Volumes flacons'!$A$5:$C$1023,3)))))) | K57: =IF(ISBLANK(E57),"",(0.000824493-(0.0000040899*E57)+(0.000000076438*E57^2)-(0.00000000082467*E57^3)+(0.0000000000053875*E57^4))) | L57: =IF(ISBLANK(E57),"",(-0.00000572466+(0.00000010227*E57)-(0.0000000016546*E57^2))) | M57: =IF(ISBLANK(E57),"",IF(ISBLANK(G57),(O57+(K57*35)+(L57*35^1.5)+(0.00000048314*35^2)),(O57+(K57*G57)+(L57*G57^1.5)+(0.00000048314*G57^2)))) | N57: =IF(ISBLANK(D57),"",IF(ISBLANK(G57),J57*(1+0.00001*(35-20)),J57*(1+0.00001*(G57-20)))) | O57: =IF(ISBLANK(E57),"",(0.999842594+(0.00006793952*E57)-(0.00000909529*E57^2)+(0.0000001001685*E57^3)-(0.000000001120083*E57^4)+(0.000000000006536332*E57^5))) | P57: =IF(ISBLANK($R$16),"",IF(A57=0,"",IF(ISBLANK($R$17),"",IF(B57=0,"",IF($O$28=$I$29,"",IF(AND($I$29=$O$29,D57<1000),"N° Flac.",IF(AND($I$29=$O$30,D57>1000),"N° Flac.",IF(AND(D57>1202,D57<2001),"Err. N°",IF(AND(D57>499,D57<1141),"Err.N°",(((((F57)+'Correction de volume'!$G$7)*(($P$21)*($P$19)*5598)/(($R$16)-($R$17)))-(($P$27)*1000))/((N57)-($P$26)))))))))))) | Q57: =IF(ISBLANK($R$16),"",IF(A57=0,"",IF(ISBLANK($R$17),"",IF(AND(D57>1202,D57<2001),"Err. N°",IF(AND(D57>499,D57<1141),"Err.N°",IF(B57=0,"",IF($O$28=$I$29,"",IF(AND($I$29=$O$29,D57<1000),"N° Flac.",IF(AND($I$29=$O$30,D57>1000),"N° Flac.",P57/M57))))))))) | R57: =IF(ISBLANK($R$16),"",IF(A57=0,"",IF(ISBLANK($R$17),"",IF(B57=0,"",IF(ISBLANK(J57),"",IF(AND(D57>1202,D57<2001),"Err. N°",IF(AND(D57>499,D57<1141),"Err.N°",IF($I$29=$O$28,"",IF(AND($I$29=$O$29,D57<1000),"N° Flac.",IF(AND($I$29=$O$30,D57>1000),"N° Flac.",((44.66*P57)))))))))))) | S57: =IF(ISBLANK($R$16),"",IF(A57=0,"",IF(ISBLANK($R$17),"",IF(B57=0,"",IF(ISBLANK(J57),"",IF(AND(D57>1202,D57<2001),"Err. N°",IF(AND(D57>499,D57<1141),"Err.N°",IF($I$29=$O$28,"",IF(AND($I$29=$O$29,D57<1000),"N° Flac.",IF(AND($I$29=$O$30,D57>1000),"N° Flac.",((44.66*P57)/M57)))))))))))
A58: =IF(ISBLANK(VLOOKUP(D58,'Volumes flacons'!A5:C623,3)),0,1) -> 1 | B58: =IF(ISBLANK(D58),0,IF(ISBLANK(E58),0,IF(ISBLANK(F58),0,1))) -> 0 | C58: 18 | J58: =IF(ISBLANK(D58),"",IF(VLOOKUP(D58,'Volumes flacons'!$A$5:$C$1023,2)=0,"",IF(D58>'Volumes flacons'!$A$1023,"Mauvais numéro",IF(D58<'Volumes flacons'!$A$5,"Mauvais numéro",(VLOOKUP(D58,'Volumes flacons'!$A$5:$C$1023,3)))))) | K58: =IF(ISBLANK(E58),"",(0.000824493-(0.0000040899*E58)+(0.000000076438*E58^2)-(0.00000000082467*E58^3)+(0.0000000000053875*E58^4))) | L58: =IF(ISBLANK(E58),"",(-0.00000572466+(0.00000010227*E58)-(0.0000000016546*E58^2))) | M58: =IF(ISBLANK(E58),"",IF(ISBLANK(G58),(O58+(K58*35)+(L58*35^1.5)+(0.00000048314*35^2)),(O58+(K58*G58)+(L58*G58^1.5)+(0.00000048314*G58^2)))) | N58: =IF(ISBLANK(D58),"",IF(ISBLANK(G58),J58*(1+0.00001*(35-20)),J58*(1+0.00001*(G58-20)))) | O58: =IF(ISBLANK(E58),"",(0.999842594+(0.00006793952*E58)-(0.00000909529*E58^2)+(0.0000001001685*E58^3)-(0.000000001120083*E58^4)+(0.000000000006536332*E58^5))) | P58: =IF(ISBLANK($R$16),"",IF(A58=0,"",IF(ISBLANK($R$17),"",IF(B58=0,"",IF($O$28=$I$29,"",IF(AND($I$29=$O$29,D58<1000),"N° Flac.",IF(AND($I$29=$O$30,D58>1000),"N° Flac.",IF(AND(D58>1202,D58<2001),"Err. N°",IF(AND(D58>499,D58<1141),"Err.N°",(((((F58)+'Correction de volume'!$G$7)*(($P$21)*($P$19)*5598)/(($R$16)-($R$17)))-(($P$27)*1000))/((N58)-($P$26)))))))))))) | Q58: =IF(ISBLANK($R$16),"",IF(A58=0,"",IF(ISBLANK($R$17),"",IF(AND(D58>1202,D58<2001),"Err. N°",IF(AND(D58>499,D58<1141),"Err.N°",IF(B58=0,"",IF($O$28=$I$29,"",IF(AND($I$29=$O$29,D58<1000),"N° Flac.",IF(AND($I$29=$O$30,D58>1000),"N° Flac.",P58/M58))))))))) | R58: =IF(ISBLANK($R$16),"",IF(A58=0,"",IF(ISBLANK($R$17),"",IF(B58=0,"",IF(ISBLANK(J58),"",IF(AND(D58>1202,D58<2001),"Err. N°",IF(AND(D58>499,D58<1141),"Err.N°",IF($I$29=$O$28,"",IF(AND($I$29=$O$29,D58<1000),"N° Flac.",IF(AND($I$29=$O$30,D58>1000),"N° Flac.",((44.66*P58)))))))))))) | S58: =IF(ISBLANK($R$16),"",IF(A58=0,"",IF(ISBLANK($R$17),"",IF(B58=0,"",IF(ISBLANK(J58),"",IF(AND(D58>1202,D58<2001),"Err. N°",IF(AND(D58>499,D58<1141),"Err.N°",IF($I$29=$O$28,"",IF(AND($I$29=$O$29,D58<1000),"N° Flac.",IF(AND($I$29=$O$30,D58>1000),"N° Flac.",((44.66*P58)/M58)))))))))))
A59: =IF(ISBLANK(VLOOKUP(D59,'Volumes flacons'!A5:C623,3)),0,1) -> 1 | B59: =IF(ISBLANK(D59),0,IF(ISBLANK(E59),0,IF(ISBLANK(F59),0,1))) -> 0 | C59: 19 | J59: =IF(ISBLANK(D59),"",IF(VLOOKUP(D59,'Volumes flacons'!$A$5:$C$1023,2)=0,"",IF(D59>'Volumes flacons'!$A$1023,"Mauvais numéro",IF(D59<'Volumes flacons'!$A$5,"Mauvais numéro",(VLOOKUP(D59,'Volumes flacons'!$A$5:$C$1023,3)))))) | K59: =IF(ISBLANK(E59),"",(0.000824493-(0.0000040899*E59)+(0.000000076438*E59^2)-(0.00000000082467*E59^3)+(0.0000000000053875*E59^4))) | L59: =IF(ISBLANK(E59),"",(-0.00000572466+(0.00000010227*E59)-(0.0000000016546*E59^2))) | M59: =IF(ISBLANK(E59),"",IF(ISBLANK(G59),(O59+(K59*35)+(L59*35^1.5)+(0.00000048314*35^2)),(O59+(K59*G59)+(L59*G59^1.5)+(0.00000048314*G59^2)))) | N59: =IF(ISBLANK(D59),"",IF(ISBLANK(G59),J59*(1+0.00001*(35-20)),J59*(1+0.00001*(G59-20)))) | O59: =IF(ISBLANK(E59),"",(0.999842594+(0.00006793952*E59)-(0.00000909529*E59^2)+(0.0000001001685*E59^3)-(0.000000001120083*E59^4)+(0.000000000006536332*E59^5))) | P59: =IF(ISBLANK($R$16),"",IF(A59=0,"",IF(ISBLANK($R$17),"",IF(B59=0,"",IF($O$28=$I$29,"",IF(AND($I$29=$O$29,D59<1000),"N° Flac.",IF(AND($I$29=$O$30,D59>1000),"N° Flac.",IF(AND(D59>1202,D59<2001),"Err. N°",IF(AND(D59>499,D59<1141),"Err.N°",(((((F59)+'Correction de volume'!$G$7)*(($P$21)*($P$19)*5598)/(($R$16)-($R$17)))-(($P$27)*1000))/((N59)-($P$26)))))))))))) | Q59: =IF(ISBLANK($R$16),"",IF(A59=0,"",IF(ISBLANK($R$17),"",IF(AND(D59>1202,D59<2001),"Err. N°",IF(AND(D59>499,D59<1141),"Err.N°",IF(B59=0,"",IF($O$28=$I$29,"",IF(AND($I$29=$O$29,D59<1000),"N° Flac.",IF(AND($I$29=$O$30,D59>1000),"N° Flac.",P59/M59))))))))) | R59: =IF(ISBLANK($R$16),"",IF(A59=0,"",IF(ISBLANK($R$17),"",IF(B59=0,"",IF(ISBLANK(J59),"",IF(AND(D59>1202,D59<2001),"Err. N°",IF(AND(D59>499,D59<1141),"Err.N°",IF($I$29=$O$28,"",IF(AND($I$29=$O$29,D59<1000),"N° Flac.",IF(AND($I$29=$O$30,D59>1000),"N° Flac.",((44.66*P59)))))))))))) | S59: =IF(ISBLANK($R$16),"",IF(A59=0,"",IF(ISBLANK($R$17),"",IF(B59=0,"",IF(ISBLANK(J59),"",IF(AND(D59>1202,D59<2001),"Err. N°",IF(AND(D59>499,D59<1141),"Err.N°",IF($I$29=$O$28,"",IF(AND($I$29=$O$29,D59<1000),"N° Flac.",IF(AND($I$29=$O$30,D59>1000),"N° Flac.",((44.66*P59)/M59)))))))))))
A60: =IF(ISBLANK(VLOOKUP(D60,'Volumes flacons'!A5:C623,3)),0,1) -> 1 | B60: =IF(ISBLANK(D60),0,IF(ISBLANK(E60),0,IF(ISBLANK(F60),0,1))) -> 0 | C60: 20 | J60: =IF(ISBLANK(D60),"",IF(VLOOKUP(D60,'Volumes flacons'!$A$5:$C$1023,2)=0,"",IF(D60>'Volumes flacons'!$A$1023,"Mauvais numéro",IF(D60<'Volumes flacons'!$A$5,"Mauvais numéro",(VLOOKUP(D60,'Volumes flacons'!$A$5:$C$1023,3)))))) | K60: =IF(ISBLANK(E60),"",(0.000824493-(0.0000040899*E60)+(0.000000076438*E60^2)-(0.00000000082467*E60^3)+(0.0000000000053875*E60^4))) | L60: =IF(ISBLANK(E60),"",(-0.00000572466+(0.00000010227*E60)-(0.0000000016546*E60^2))) | M60: =IF(ISBLANK(E60),"",IF(ISBLANK(G60),(O60+(K60*35)+(L60*35^1.5)+(0.00000048314*35^2)),(O60+(K60*G60)+(L60*G60^1.5)+(0.00000048314*G60^2)))) | N60: =IF(ISBLANK(D60),"",IF(ISBLANK(G60),J60*(1+0.00001*(35-20)),J60*(1+0.00001*(G60-20)))) | O60: =IF(ISBLANK(E60),"",(0.999842594+(0.00006793952*E60)-(0.00000909529*E60^2)+(0.0000001001685*E60^3)-(0.000000001120083*E60^4)+(0.000000000006536332*E60^5))) | P60: =IF(ISBLANK($R$16),"",IF(A60=0,"",IF(ISBLANK($R$17),"",IF(B60=0,"",IF($O$28=$I$29,"",IF(AND($I$29=$O$29,D60<1000),"N° Flac.",IF(AND($I$29=$O$30,D60>1000),"N° Flac.",IF(AND(D60>1202,D60<2001),"Err. N°",IF(AND(D60>499,D60<1141),"Err.N°",(((((F60)+'Correction de volume'!$G$7)*(($P$21)*($P$19)*5598)/(($R$16)-($R$17)))-(($P$27)*1000))/((N60)-($P$26)))))))))))) | Q60: =IF(ISBLANK($R$16),"",IF(A60=0,"",IF(ISBLANK($R$17),"",IF(AND(D60>1202,D60<2001),"Err. N°",IF(AND(D60>499,D60<1141),"Err.N°",IF(B60=0,"",IF($O$28=$I$29,"",IF(AND($I$29=$O$29,D60<1000),"N° Flac.",IF(AND($I$29=$O$30,D60>1000),"N° Flac.",P60/M60))))))))) | R60: =IF(ISBLANK($R$16),"",IF(A60=0,"",IF(ISBLANK($R$17),"",IF(B60=0,"",IF(ISBLANK(J60),"",IF(AND(D60>1202,D60<2001),"Err. N°",IF(AND(D60>499,D60<1141),"Err.N°",IF($I$29=$O$28,"",IF(AND($I$29=$O$29,D60<1000),"N° Flac.",IF(AND($I$29=$O$30,D60>1000),"N° Flac.",((44.66*P60)))))))))))) | S60: =IF(ISBLANK($R$16),"",IF(A60=0,"",IF(ISBLANK($R$17),"",IF(B60=0,"",IF(ISBLANK(J60),"",IF(AND(D60>1202,D60<2001),"Err. N°",IF(AND(D60>499,D60<1141),"Err.N°",IF($I$29=$O$28,"",IF(AND($I$29=$O$29,D60<1000),"N° Flac.",IF(AND($I$29=$O$30,D60>1000),"N° Flac.",((44.66*P60)/M60)))))))))))
A61: =IF(ISBLANK(VLOOKUP(D61,'Volumes flacons'!A5:C623,3)),0,1) -> 1 | B61: =IF(ISBLANK(D61),0,IF(ISBLANK(E61),0,IF(ISBLANK(F61),0,1))) -> 0 | C61: 21 | J61: =IF(ISBLANK(D61),"",IF(VLOOKUP(D61,'Volumes flacons'!$A$5:$C$1023,2)=0,"",IF(D61>'Volumes flacons'!$A$1023,"Mauvais numéro",IF(D61<'Volumes flacons'!$A$5,"Mauvais numéro",(VLOOKUP(D61,'Volumes flacons'!$A$5:$C$1023,3)))))) | K61: =IF(ISBLANK(E61),"",(0.000824493-(0.0000040899*E61)+(0.000000076438*E61^2)-(0.00000000082467*E61^3)+(0.0000000000053875*E61^4))) | L61: =IF(ISBLANK(E61),"",(-0.00000572466+(0.00000010227*E61)-(0.0000000016546*E61^2))) | M61: =IF(ISBLANK(E61),"",IF(ISBLANK(G61),(O61+(K61*35)+(L61*35^1.5)+(0.00000048314*35^2)),(O61+(K61*G61)+(L61*G61^1.5)+(0.00000048314*G61^2)))) | N61: =IF(ISBLANK(D61),"",IF(ISBLANK(G61),J61*(1+0.00001*(35-20)),J61*(1+0.00001*(G61-20)))) | O61: =IF(ISBLANK(E61),"",(0.999842594+(0.00006793952*E61)-(0.00000909529*E61^2)+(0.0000001001685*E61^3)-(0.000000001120083*E61^4)+(0.000000000006536332*E61^5))) | P61: =IF(ISBLANK($R$16),"",IF(A61=0,"",IF(ISBLANK($R$17),"",IF(B61=0,"",IF($O$28=$I$29,"",IF(AND($I$29=$O$29,D61<1000),"N° Flac.",IF(AND($I$29=$O$30,D61>1000),"N° Flac.",IF(AND(D61>1202,D61<2001),"Err. N°",IF(AND(D61>499,D61<1141),"Err.N°",(((((F61)+'Correction de volume'!$G$7)*(($P$21)*($P$19)*5598)/(($R$16)-($R$17)))-(($P$27)*1000))/((N61)-($P$26)))))))))))) | Q61: =IF(ISBLANK($R$16),"",IF(A61=0,"",IF(ISBLANK($R$17),"",IF(AND(D61>1202,D61<2001),"Err. N°",IF(AND(D61>499,D61<1141),"Err.N°",IF(B61=0,"",IF($O$28=$I$29,"",IF(AND($I$29=$O$29,D61<1000),"N° Flac.",IF(AND($I$29=$O$30,D61>1000),"N° Flac.",P61/M61))))))))) | R61: =IF(ISBLANK($R$16),"",IF(A61=0,"",IF(ISBLANK($R$17),"",IF(B61=0,"",IF(ISBLANK(J61),"",IF(AND(D61>1202,D61<2001),"Err. N°",IF(AND(D61>499,D61<1141),"Err.N°",IF($I$29=$O$28,"",IF(AND($I$29=$O$29,D61<1000),"N° Flac.",IF(AND($I$29=$O$30,D61>1000),"N° Flac.",((44.66*P61)))))))))))) | S61: =IF(ISBLANK($R$16),"",IF(A61=0,"",IF(ISBLANK($R$17),"",IF(B61=0,"",IF(ISBLANK(J61),"",IF(AND(D61>1202,D61<2001),"Err. N°",IF(AND(D61>499,D61<1141),"Err.N°",IF($I$29=$O$28,"",IF(AND($I$29=$O$29,D61<1000),"N° Flac.",IF(AND($I$29=$O$30,D61>1000),"N° Flac.",((44.66*P61)/M61)))))))))))
A62: =IF(ISBLANK(VLOOKUP(D62,'Volumes flacons'!A5:C623,3)),0,1) -> 1 | B62: =IF(ISBLANK(D62),0,IF(ISBLANK(E62),0,IF(ISBLANK(F62),0,1))) -> 0 | C62: 22 | J62: =IF(ISBLANK(D62),"",IF(VLOOKUP(D62,'Volumes flacons'!$A$5:$C$1023,2)=0,"",IF(D62>'Volumes flacons'!$A$1023,"Mauvais numéro",IF(D62<'Volumes flacons'!$A$5,"Mauvais numéro",(VLOOKUP(D62,'Volumes flacons'!$A$5:$C$1023,3)))))) | K62: =IF(ISBLANK(E62),"",(0.000824493-(0.0000040899*E62)+(0.000000076438*E62^2)-(0.00000000082467*E62^3)+(0.0000000000053875*E62^4))) | L62: =IF(ISBLANK(E62),"",(-0.00000572466+(0.00000010227*E62)-(0.0000000016546*E62^2))) | M62: =IF(ISBLANK(E62),"",IF(ISBLANK(G62),(O62+(K62*35)+(L62*35^1.5)+(0.00000048314*35^2)),(O62+(K62*G62)+(L62*G62^1.5)+(0.00000048314*G62^2)))) | N62: =IF(ISBLANK(D62),"",IF(ISBLANK(G62),J62*(1+0.00001*(35-20)),J62*(1+0.00001*(G62-20)))) | O62: =IF(ISBLANK(E62),"",(0.999842594+(0.00006793952*E62)-(0.00000909529*E62^2)+(0.0000001001685*E62^3)-(0.000000001120083*E62^4)+(0.000000000006536332*E62^5))) | P62: =IF(ISBLANK($R$16),"",IF(A62=0,"",IF(ISBLANK($R$17),"",IF(B62=0,"",IF($O$28=$I$29,"",IF(AND($I$29=$O$29,D62<1000),"N° Flac.",IF(AND($I$29=$O$30,D62>1000),"N° Flac.",IF(AND(D62>1202,D62<2001),"Err. N°",IF(AND(D62>499,D62<1141),"Err.N°",(((((F62)+'Correction de volume'!$G$7)*(($P$21)*($P$19)*5598)/(($R$16)-($R$17)))-(($P$27)*1000))/((N62)-($P$26)))))))))))) | Q62: =IF(ISBLANK($R$16),"",IF(A62=0,"",IF(ISBLANK($R$17),"",IF(AND(D62>1202,D62<2001),"Err. N°",IF(AND(D62>499,D62<1141),"Err.N°",IF(B62=0,"",IF($O$28=$I$29,"",IF(AND($I$29=$O$29,D62<1000),"N° Flac.",IF(AND($I$29=$O$30,D62>1000),"N° Flac.",P62/M62))))))))) | R62: =IF(ISBLANK($R$16),"",IF(A62=0,"",IF(ISBLANK($R$17),"",IF(B62=0,"",IF(ISBLANK(J62),"",IF(AND(D62>1202,D62<2001),"Err. N°",IF(AND(D62>499,D62<1141),"Err.N°",IF($I$29=$O$28,"",IF(AND($I$29=$O$29,D62<1000),"N° Flac.",IF(AND($I$29=$O$30,D62>1000),"N° Flac.",((44.66*P62)))))))))))) | S62: =IF(ISBLANK($R$16),"",IF(A62=0,"",IF(ISBLANK($R$17),"",IF(B62=0,"",IF(ISBLANK(J62),"",IF(AND(D62>1202,D62<2001),"Err. N°",IF(AND(D62>499,D62<1141),"Err.N°",IF($I$29=$O$28,"",IF(AND($I$29=$O$29,D62<1000),"N° Flac.",IF(AND($I$29=$O$30,D62>1000),"N° Flac.",((44.66*P62)/M62)))))))))))
A63: =IF(ISBLANK(VLOOKUP(D63,'Volumes flacons'!A5:C623,3)),0,1) -> 1 | B63: =IF(ISBLANK(D63),0,IF(ISBLANK(E63),0,IF(ISBLANK(F63),0,1))) -> 0 | C63: 23 | J63: =IF(ISBLANK(D63),"",IF(VLOOKUP(D63,'Volumes flacons'!$A$5:$C$1023,2)=0,"",IF(D63>'Volumes flacons'!$A$1023,"Mauvais numéro",IF(D63<'Volumes flacons'!$A$5,"Mauvais numéro",(VLOOKUP(D63,'Volumes flacons'!$A$5:$C$1023,3)))))) | K63: =IF(ISBLANK(E63),"",(0.000824493-(0.0000040899*E63)+(0.000000076438*E63^2)-(0.00000000082467*E63^3)+(0.0000000000053875*E63^4))) | L63: =IF(ISBLANK(E63),"",(-0.00000572466+(0.00000010227*E63)-(0.0000000016546*E63^2))) | M63: =IF(ISBLANK(E63),"",IF(ISBLANK(G63),(O63+(K63*35)+(L63*35^1.5)+(0.00000048314*35^2)),(O63+(K63*G63)+(L63*G63^1.5)+(0.00000048314*G63^2)))) | N63: =IF(ISBLANK(D63),"",IF(ISBLANK(G63),J63*(1+0.00001*(35-20)),J63*(1+0.00001*(G63-20)))) | O63: =IF(ISBLANK(E63),"",(0.999842594+(0.00006793952*E63)-(0.00000909529*E63^2)+(0.0000001001685*E63^3)-(0.000000001120083*E63^4)+(0.000000000006536332*E63^5))) | P63: =IF(ISBLANK($R$16),"",IF(A63=0,"",IF(ISBLANK($R$17),"",IF(B63=0,"",IF($O$28=$I$29,"",IF(AND($I$29=$O$29,D63<1000),"N° Flac.",IF(AND($I$29=$O$30,D63>1000),"N° Flac.",IF(AND(D63>1202,D63<2001),"Err. N°",IF(AND(D63>499,D63<1141),"Err.N°",(((((F63)+'Correction de volume'!$G$7)*(($P$21)*($P$19)*5598)/(($R$16)-($R$17)))-(($P$27)*1000))/((N63)-($P$26)))))))))))) | Q63: =IF(ISBLANK($R$16),"",IF(A63=0,"",IF(ISBLANK($R$17),"",IF(AND(D63>1202,D63<2001),"Err. N°",IF(AND(D63>499,D63<1141),"Err.N°",IF(B63=0,"",IF($O$28=$I$29,"",IF(AND($I$29=$O$29,D63<1000),"N° Flac.",IF(AND($I$29=$O$30,D63>1000),"N° Flac.",P63/M63))))))))) | R63: =IF(ISBLANK($R$16),"",IF(A63=0,"",IF(ISBLANK($R$17),"",IF(B63=0,"",IF(ISBLANK(J63),"",IF(AND(D63>1202,D63<2001),"Err. N°",IF(AND(D63>499,D63<1141),"Err.N°",IF($I$29=$O$28,"",IF(AND($I$29=$O$29,D63<1000),"N° Flac.",IF(AND($I$29=$O$30,D63>1000),"N° Flac.",((44.66*P63)))))))))))) | S63: =IF(ISBLANK($R$16),"",IF(A63=0,"",IF(ISBLANK($R$17),"",IF(B63=0,"",IF(ISBLANK(J63),"",IF(AND(D63>1202,D63<2001),"Err. N°",IF(AND(D63>499,D63<1141),"Err.N°",IF($I$29=$O$28,"",IF(AND($I$29=$O$29,D63<1000),"N° Flac.",IF(AND($I$29=$O$30,D63>1000),"N° Flac.",((44.66*P63)/M63)))))))))))

Sheet 004_01
C2: Campagne : | F2: PIRATA Fr29
C4: Données de campagne
C6: N° de station : | F6: 4 | H6: N° de palanquée : | P6: 1 | R6: Date d'analyse : | T6: 42075
G8: Position | I8: Degrés | J8: Minutes | P8: Cardinal | Q8: Décimale
G9: Latitude | K9: : | L9: =IF(P9=M9,"+","-") -> + | M9: N | N9: E | O9: =IF(ISBLANK(I9),"",IF(ISBLANK(J9),"",IF(P9=M10,L9&N11,N11))) | P9: N | Q9: =IF(ISBLANK(I9),"",IF(ISBLANK(J9),"",IF(J9>60,"ERREUR !!",O11*(I9+(J9/60)))))
G10: Longitude | K10: : | L10: =IF(P10=N9,"+","-") -> - | M10: S | N10: W | O10: =IF(ISBLANK(I10),"",IF(ISBLANK(J10),"",IF(P10=N10,L10&N12,N12))) | P10: W | Q10: =IF(ISBLANK(I10),"",IF(ISBLANK(J10),"",IF(J10>60,"ERREUR !!",O12*(I10+(J10/60)))))
G11: Prélèvement | I11: Date | N11: =I9&"°"&J9 -> ° | O11: =IF(P9=M10,-1,1) -> 1 | P11: =TEXT(J11,"aaaa-mm-jj")&"T"&TEXT(J12,"hh:mm:ss")&"z" -> 1904-01-01T00:00:00z
I12: Heure | N12: =I10&"°"&J10 -> ° | O12: =IF(P10=N10,-1,1) -> -1
C13: Données :
C14: Température du laboratoire à la calibration ( t°c ) | Q14: t°c = | S14: °C | V14: =AVERAGE(V9:V13) -> #DIV/0!
C15: Température du laboratoire au début de la série d'analyses | Q15: t°lab = | S15: °C
C16: Volume moyen de thiosulfate pour la titration à t°c | Q16: Vmoy.titr.t°c = | S16: mL
C17: Volume moyen de thiosulfate pour la détermination du blanc à t°c | Q17: Vmoy.titr.blanc.t°c = | R17: 0.0047 | S17: mL
C18: Masse volumique de l'eau pure à la calibration | O18: ρ = | P18: =(0.999842594+(0.00006793952*$R$14)-(0.00000909529*$R$14^2)+(0.0000001001685*$R$14^3)-(0.000000001120083*$R$14^4)+(0.000000000006536332*$R$14^5)) -> 0.99984259
C19: Normalite de l'iodate (NIO3) à la température de calibration | O19: N(IO3) = | P19: =$P$24*($P$18/'Titre d''iodate'!E19) -> 0.020062363 | Q19: N
C20: Vol. de la prise d'essai d'iodate (VIO3) à 20°C | O20: V(IO3)20°C = | P20: =5+'Correction de volume'!G8 -> 5.0112146 | Q20: mL
C21: Vol. de la prise d'essai d'iodate (VIO3) à t°c | O21: V(IO3)t°c= | P21: =P20*(1+0.00001*(R14-20)) -> 5.0102123 | Q21: mL
C22: Volume moyen de thiosulfate pour la titration à 20° C | O22: Vmoy.titr.20°C = | P22: =$R$16*(1+0.00001*(20-$R$14)) -> 0 | Q22: mL
C23: Volume moyen de thiosulfate pour la détermination du blanc à 20° C | O23: Vmoy.titr.blanc.20°C = | P23: =$R$17*(1+0.00001*(20-$R$14)) -> 0.00470094 | Q23: mL
C24: Normalite de l'iodate (NIO3) à 20°C | O24: N(IO3)20°C = | P24: =MAX('Titre d''iodate'!F7:F10) -> 0.020029531 | Q24: N
C25: Titre du thiosulfate à 20°C | O25: V(Thio)20°C = | P25: =IF(ISBLANK(R14),"",IF(ISBLANK(P21),"",IF(ISBLANK(R17),"",(($P$24*$P$18)/($P$22-$P$23))))) | Q25: N
C26: Volume de réactif utilisé | O26: Vreg = | P26: =2+('Correction de volume'!G10+'Correction de volume'!G9) -> 2.0304948 | Q26: mL
O27: DOreg = | P27: 0.0017
E29: Choix de la série de flacons : | I29: IRD | O29: IRD
O30: LPO
C31: N° | D31: N° des Flacons | E31: T° prélèv. | F31: Volume de thio. | G31: Salinité | H31: Prof. Théorique | I31: Prof. Effective | J31: V. flacons 20°C | K31: A | L31: B | M31: Densité eau de mer à t° | N31: Vol. à t° prél. des flacons | O31: Densité eau pure à t° | P31: Oxygène dissous | T31: NO2 | V31: NO3 + NO2 | X31: NO3 | Z31: Phosphate | AB31: Silicate | AD31: chlorophyll-c3 | AE31: chlorophyll-c1+c2 | AF31: peridinin | AG31: 19'-butanoyloxyfucoxanthin | AH31: fucoxanthine | AI31: neoxanthin | AJ31: prasinoxanthin | AK31: violaxanthin | AL31: 19'-hexanoyloxyfucoxanthin | AM31: diadinoxanthin | AN31: alloxanthin | AO31: diatoxanthin | AP31: zeaxanthin | AQ31: lutein | AR31: divinyl chlorophyll-b | AS31: chlorophyll-b | AT31: total chlorophyll-b | AU31: alpha-carotene | AV31: beta-carotene | AW31: pheophorbide | AX31: divinyl chlorophyll-a | AY31: chlorophyll-a | AZ31: total chlorophyll-a | BA31: pheophytin_a | BB31: crocoxanthin
C33: BTL | E33: °C | F33: ml | H33: m | I33: dbar | J33: ml | P33: DOX1 | R33: DOXY | S33: DOX2 | T33: NTRI | U33: NTIW | V33: NTRZ | W33: NTZW | X33: NTRA | Y33: NTAW | Z33: PHOS | AA33: PHOW | AB33: SLCA | AC33: SLCW | AD33: CHC3 | AE33: CHCZ | AF33: PERP | AG33: BFUP | AH33: FUCP | AI33: NEXW | AJ33: PXAP | AK33: VIOW | AL33: HFUP | AM33: DXAP | AN33: AXAP | AO33: TXAP | AP33: ZXAP | AQ33: LUTW | AR33: CHBD | AS33: CH2P | AT33: CHLB | AU33: AACP | AV33: BBCP | AW33: PHEP | AX33: CHAD | AY33: CH1P | AZ33: CPHL | BA33: PHEA | BB33: CXAP
N34: mL | P34: ml/l | Q34: ml/kg | R34: µmol/l | S34: µmol/kg | T34: µmol/l | U34: µmol/kg | V34: µmol/l | W34: µmol/kg | X34: µmol/l | Y34: µmol/kg | Z34: µmol/l | AA34: µmol/kg | AB34: µmol/l | AC34: µmol/kg | AD34: µg.l-1 | AE34: µg.l-1 | AF34: µg.l-1 | AG34: µg.l-1 | AH34: µg.l-1 | AI34: µg.l-1 | AJ34: µg.l-1 | AK34: µg.l-1 | AL34: µg.l-1 | AM34: µg.l-1 | AN34: µg.l-1 | AO34: µg.l-1 | AP34: µg.l-1 | AQ34: µg.l-1 | AR34: µg.l-1 | AS34: µg.l-1 | AT34: µg.l-1 | AU34: µg.l-1 | AV34: µg.l-1 | AW34: µg.l-1 | AX34: µg.l-1 | AY34: µg.l-1 | AZ34: µg.l-1 | BA34: µg.l-1 | BB34: µg.l-1
A35: =IF(ISBLANK(VLOOKUP(D35,'Volumes flacons'!A5:C623,3)),0,1) -> 1 | B35: =IF(ISBLANK(D35),0,IF(ISBLANK(E35),0,IF(ISBLANK(F35),0,1))) -> 0 | C35: 1 | J35: =IF(ISBLANK(D35),"",IF(VLOOKUP(D35,'Volumes flacons'!$A$5:$C$1023,2)=0,"",IF(D35>'Volumes flacons'!$A$1023,"Mauvais numéro",IF(D35<'Volumes flacons'!$A$5,"Mauvais numéro",(VLOOKUP(D35,'Volumes flacons'!$A$5:$C$1023,3)))))) | K35: =IF(ISBLANK(E35),"",(0.000824493-(0.0000040899*E35)+(0.000000076438*E35^2)-(0.00000000082467*E35^3)+(0.0000000000053875*E35^4))) | L35: =IF(ISBLANK(E35),"",(-0.00000572466+(0.00000010227*E35)-(0.0000000016546*E35^2))) | M35: =IF(ISBLANK(E35),"",IF(ISBLANK(G35),(O35+(K35*35)+(L35*35^1.5)+(0.00000048314*35^2)),(O35+(K35*G35)+(L35*G35^1.5)+(0.00000048314*G35^2)))) | N35: =IF(ISBLANK(D35),"",IF(ISBLANK(G35),J35*(1+0.00001*(35-20)),J35*(1+0.00001*(G35-20)))) | O35: =IF(ISBLANK(E35),"",(0.999842594+(0.00006793952*E35)-(0.00000909529*E35^2)+(0.0000001001685*E35^3)-(0.000000001120083*E35^4)+(0.000000000006536332*E35^5))) | P35: =IF(ISBLANK($R$16),"",IF(A35=0,"",IF(ISBLANK($R$17),"",IF(B35=0,"",IF($O$28=$I$29,"",IF(AND($I$29=$O$29,D35<1000),"N° Flac.",IF(AND($I$29=$O$30,D35>1000),"N° Flac.",IF(AND(D35>1202,D35<2001),"Err. N°",IF(AND(D35>499,D35<1141),"Err.N°",(((((F35)+'Correction de volume'!$G$7)*(($P$21)*($P$19)*5598)/(($R$16)-($R$17)))-(($P$27)*1000))/((N35)-($P$26)))))))))))) | Q35: =IF(ISBLANK($R$16),"",IF(A35=0,"",IF(ISBLANK($R$17),"",IF(AND(D35>1202,D35<2001),"Err. N°",IF(AND(D35>499,D35<1141),"Err.N°",IF(B35=0,"",IF($O$28=$I$29,"",IF(AND($I$29=$O$29,D35<1000),"N° Flac.",IF(AND($I$29=$O$30,D35>1000),"N° Flac.",P35/M35))))))))) | R35: =IF(ISBLANK($R$16),"",IF(A35=0,"",IF(ISBLANK($R$17),"",IF(B35=0,"",IF(ISBLANK(J35),"",IF(AND(D35>1202,D35<2001),"Err. N°",IF(AND(D35>499,D35<1141),"Err.N°",IF($I$29=$O$28,"",IF(AND($I$29=$O$29,D35<1000),"N° Flac.",IF(AND($I$29=$O$30,D35>1000),"N° Flac.",((44.66*P35)))))))))))) | S35: =IF(ISBLANK($R$16),"",IF(A35=0,"",IF(ISBLANK($R$17),"",IF(B35=0,"",IF(ISBLANK(J35),"",IF(AND(D35>1202,D35<2001),"Err. N°",IF(AND(D35>499,D35<1141),"Err.N°",IF($I$29=$O$28,"",IF(AND($I$29=$O$29,D35<1000),"N° Flac.",IF(AND($I$29=$O$30,D35>1000),"N° Flac.",((44.66*P35)/M35)))))))))))
A36: =IF(ISBLANK(VLOOKUP(D36,'Volumes flacons'!A5:C623,3)),0,1) -> 1 | B36: =IF(ISBLANK(D36),0,IF(ISBLANK(E36),0,IF(ISBLANK(F36),0,1))) -> 0 | C36: 2 | J36: =IF(ISBLANK(D36),"",IF(VLOOKUP(D36,'Volumes flacons'!$A$5:$C$1023,2)=0,"",IF(D36>'Volumes flacons'!$A$1023,"Mauvais numéro",IF(D36<'Volumes flacons'!$A$5,"Mauvais numéro",(VLOOKUP(D36,'Volumes flacons'!$A$5:$C$1023,3)))))) | K36: =IF(ISBLANK(E36),"",(0.000824493-(0.0000040899*E36)+(0.000000076438*E36^2)-(0.00000000082467*E36^3)+(0.0000000000053875*E36^4))) | L36: =IF(ISBLANK(E36),"",(-0.00000572466+(0.00000010227*E36)-(0.0000000016546*E36^2))) | M36: =IF(ISBLANK(E36),"",IF(ISBLANK(G36),(O36+(K36*35)+(L36*35^1.5)+(0.00000048314*35^2)),(O36+(K36*G36)+(L36*G36^1.5)+(0.00000048314*G36^2)))) | N36: =IF(ISBLANK(D36),"",IF(ISBLANK(G36),J36*(1+0.00001*(35-20)),J36*(1+0.00001*(G36-20)))) | O36: =IF(ISBLANK(E36),"",(0.999842594+(0.00006793952*E36)-(0.00000909529*E36^2)+(0.0000001001685*E36^3)-(0.000000001120083*E36^4)+(0.000000000006536332*E36^5))) | P36: =IF(ISBLANK($R$16),"",IF(A36=0,"",IF(ISBLANK($R$17),"",IF(B36=0,"",IF($O$28=$I$29,"",IF(AND($I$29=$O$29,D36<1000),"N° Flac.",IF(AND($I$29=$O$30,D36>1000),"N° Flac.",IF(AND(D36>1202,D36<2001),"Err. N°",IF(AND(D36>499,D36<1141),"Err.N°",(((((F36)+'Correction de volume'!$G$7)*(($P$21)*($P$19)*5598)/(($R$16)-($R$17)))-(($P$27)*1000))/((N36)-($P$26)))))))))))) | Q36: =IF(ISBLANK($R$16),"",IF(A36=0,"",IF(ISBLANK($R$17),"",IF(AND(D36>1202,D36<2001),"Err. N°",IF(AND(D36>499,D36<1141),"Err.N°",IF(B36=0,"",IF($O$28=$I$29,"",IF(AND($I$29=$O$29,D36<1000),"N° Flac.",IF(AND($I$29=$O$30,D36>1000),"N° Flac.",P36/M36))))))))) | R36: =IF(ISBLANK($R$16),"",IF(A36=0,"",IF(ISBLANK($R$17),"",IF(B36=0,"",IF(ISBLANK(J36),"",IF(AND(D36>1202,D36<2001),"Err. N°",IF(AND(D36>499,D36<1141),"Err.N°",IF($I$29=$O$28,"",IF(AND($I$29=$O$29,D36<1000),"N° Flac.",IF(AND($I$29=$O$30,D36>1000),"N° Flac.",((44.66*P36)))))))))))) | S36: =IF(ISBLANK($R$16),"",IF(A36=0,"",IF(ISBLANK($R$17),"",IF(B36=0,"",IF(ISBLANK(J36),"",IF(AND(D36>1202,D36<2001),"Err. N°",IF(AND(D36>499,D36<1141),"Err.N°",IF($I$29=$O$28,"",IF(AND($I$29=$O$29,D36<1000),"N° Flac.",IF(AND($I$29=$O$30,D36>1000),"N° Flac.",((44.66*P36)/M36)))))))))))
A37: =IF(ISBLANK(VLOOKUP(D37,'Volumes flacons'!A5:C623,3)),0,1) -> 1 | B37: =IF(ISBLANK(D37),0,IF(ISBLANK(E37),0,IF(ISBLANK(F37),0,1))) -> 0 | C37: 3 | J37: =IF(ISBLANK(D37),"",IF(VLOOKUP(D37,'Volumes flacons'!$A$5:$C$1023,2)=0,"",IF(D37>'Volumes flacons'!$A$1023,"Mauvais numéro",IF(D37<'Volumes flacons'!$A$5,"Mauvais numéro",(VLOOKUP(D37,'Volumes flacons'!$A$5:$C$1023,3)))))) | K37: =IF(ISBLANK(E37),"",(0.000824493-(0.0000040899*E37)+(0.000000076438*E37^2)-(0.00000000082467*E37^3)+(0.0000000000053875*E37^4))) | L37: =IF(ISBLANK(E37),"",(-0.00000572466+(0.00000010227*E37)-(0.0000000016546*E37^2))) | M37: =IF(ISBLANK(E37),"",IF(ISBLANK(G37),(O37+(K37*35)+(L37*35^1.5)+(0.00000048314*35^2)),(O37+(K37*G37)+(L37*G37^1.5)+(0.00000048314*G37^2)))) | N37: =IF(ISBLANK(D37),"",IF(ISBLANK(G37),J37*(1+0.00001*(35-20)),J37*(1+0.00001*(G37-20)))) | O37: =IF(ISBLANK(E37),"",(0.999842594+(0.00006793952*E37)-(0.00000909529*E37^2)+(0.0000001001685*E37^3)-(0.000000001120083*E37^4)+(0.000000000006536332*E37^5))) | P37: =IF(ISBLANK($R$16),"",IF(A37=0,"",IF(ISBLANK($R$17),"",IF(B37=0,"",IF($O$28=$I$29,"",IF(AND($I$29=$O$29,D37<1000),"N° Flac.",IF(AND($I$29=$O$30,D37>1000),"N° Flac.",IF(AND(D37>1202,D37<2001),"Err. N°",IF(AND(D37>499,D37<1141),"Err.N°",(((((F37)+'Correction de volume'!$G$7)*(($P$21)*($P$19)*5598)/(($R$16)-($R$17)))-(($P$27)*1000))/((N37)-($P$26)))))))))))) | Q37: =IF(ISBLANK($R$16),"",IF(A37=0,"",IF(ISBLANK($R$17),"",IF(AND(D37>1202,D37<2001),"Err. N°",IF(AND(D37>499,D37<1141),"Err.N°",IF(B37=0,"",IF($O$28=$I$29,"",IF(AND($I$29=$O$29,D37<1000),"N° Flac.",IF(AND($I$29=$O$30,D37>1000),"N° Flac.",P37/M37))))))))) | R37: =IF(ISBLANK($R$16),"",IF(A37=0,"",IF(ISBLANK($R$17),"",IF(B37=0,"",IF(ISBLANK(J37),"",IF(AND(D37>1202,D37<2001),"Err. N°",IF(AND(D37>499,D37<1141),"Err.N°",IF($I$29=$O$28,"",IF(AND($I$29=$O$29,D37<1000),"N° Flac.",IF(AND($I$29=$O$30,D37>1000),"N° Flac.",((44.66*P37)))))))))))) | S37: =IF(ISBLANK($R$16),"",IF(A37=0,"",IF(ISBLANK($R$17),"",IF(B37=0,"",IF(ISBLANK(J37),"",IF(AND(D37>1202,D37<2001),"Err. N°",IF(AND(D37>499,D37<1141),"Err.N°",IF($I$29=$O$28,"",IF(AND($I$29=$O$29,D37<1000),"N° Flac.",IF(AND($I$29=$O$30,D37>1000),"N° Flac.",((44.66*P37)/M37)))))))))))
A38: =IF(ISBLANK(VLOOKUP(D38,'Volumes flacons'!A5:C623,3)),0,1) -> 1 | B38: =IF(ISBLANK(D38),0,IF(ISBLANK(E38),0,IF(ISBLANK(F38),0,1))) -> 0 | C38: 4 | J38: =IF(ISBLANK(D38),"",IF(VLOOKUP(D38,'Volumes flacons'!$A$5:$C$1023,2)=0,"",IF(D38>'Volumes flacons'!$A$1023,"Mauvais numéro",IF(D38<'Volumes flacons'!$A$5,"Mauvais numéro",(VLOOKUP(D38,'Volumes flacons'!$A$5:$C$1023,3)))))) | K38: =IF(ISBLANK(E38),"",(0.000824493-(0.0000040899*E38)+(0.000000076438*E38^2)-(0.00000000082467*E38^3)+(0.0000000000053875*E38^4))) | L38: =IF(ISBLANK(E38),"",(-0.00000572466+(0.00000010227*E38)-(0.0000000016546*E38^2))) | M38: =IF(ISBLANK(E38),"",IF(ISBLANK(G38),(O38+(K38*35)+(L38*35^1.5)+(0.00000048314*35^2)),(O38+(K38*G38)+(L38*G38^1.5)+(0.00000048314*G38^2)))) | N38: =IF(ISBLANK(D38),"",IF(ISBLANK(G38),J38*(1+0.00001*(35-20)),J38*(1+0.00001*(G38-20)))) | O38: =IF(ISBLANK(E38),"",(0.999842594+(0.00006793952*E38)-(0.00000909529*E38^2)+(0.0000001001685*E38^3)-(0.000000001120083*E38^4)+(0.000000000006536332*E38^5))) | P38: =IF(ISBLANK($R$16),"",IF(A38=0,"",IF(ISBLANK($R$17),"",IF(B38=0,"",IF($O$28=$I$29,"",IF(AND($I$29=$O$29,D38<1000),"N° Flac.",IF(AND($I$29=$O$30,D38>1000),"N° Flac.",IF(AND(D38>1202,D38<2001),"Err. N°",IF(AND(D38>499,D38<1141),"Err.N°",(((((F38)+'Correction de volume'!$G$7)*(($P$21)*($P$19)*5598)/(($R$16)-($R$17)))-(($P$27)*1000))/((N38)-($P$26)))))))))))) | Q38: =IF(ISBLANK($R$16),"",IF(A38=0,"",IF(ISBLANK($R$17),"",IF(AND(D38>1202,D38<2001),"Err. N°",IF(AND(D38>499,D38<1141),"Err.N°",IF(B38=0,"",IF($O$28=$I$29,"",IF(AND($I$29=$O$29,D38<1000),"N° Flac.",IF(AND($I$29=$O$30,D38>1000),"N° Flac.",P38/M38))))))))) | R38: =IF(ISBLANK($R$16),"",IF(A38=0,"",IF(ISBLANK($R$17),"",IF(B38=0,"",IF(ISBLANK(J38),"",IF(AND(D38>1202,D38<2001),"Err. N°",IF(AND(D38>499,D38<1141),"Err.N°",IF($I$29=$O$28,"",IF(AND($I$29=$O$29,D38<1000),"N° Flac.",IF(AND($I$29=$O$30,D38>1000),"N° Flac.",((44.66*P38)))))))))))) | S38: =IF(ISBLANK($R$16),"",IF(A38=0,"",IF(ISBLANK($R$17),"",IF(B38=0,"",IF(ISBLANK(J38),"",IF(AND(D38>1202,D38<2001),"Err. N°",IF(AND(D38>499,D38<1141),"Err.N°",IF($I$29=$O$28,"",IF(AND($I$29=$O$29,D38<1000),"N° Flac.",IF(AND($I$29=$O$30,D38>1000),"N° Flac.",((44.66*P38)/M38)))))))))))
A39: =IF(ISBLANK(VLOOKUP(D39,'Volumes flacons'!A5:C623,3)),0,1) -> 1 | B39: =IF(ISBLANK(D39),0,IF(ISBLANK(E39),0,IF(ISBLANK(F39),0,1))) -> 0 | C39: 5 | J39: =IF(ISBLANK(D39),"",IF(VLOOKUP(D39,'Volumes flacons'!$A$5:$C$1023,2)=0,"",IF(D39>'Volumes flacons'!$A$1023,"Mauvais numéro",IF(D39<'Volumes flacons'!$A$5,"Mauvais numéro",(VLOOKUP(D39,'Volumes flacons'!$A$5:$C$1023,3)))))) | K39: =IF(ISBLANK(E39),"",(0.000824493-(0.0000040899*E39)+(0.000000076438*E39^2)-(0.00000000082467*E39^3)+(0.0000000000053875*E39^4))) | L39: =IF(ISBLANK(E39),"",(-0.00000572466+(0.00000010227*E39)-(0.0000000016546*E39^2))) | M39: =IF(ISBLANK(E39),"",IF(ISBLANK(G39),(O39+(K39*35)+(L39*35^1.5)+(0.00000048314*35^2)),(O39+(K39*G39)+(L39*G39^1.5)+(0.00000048314*G39^2)))) | N39: =IF(ISBLANK(D39),"",IF(ISBLANK(G39),J39*(1+0.00001*(35-20)),J39*(1+0.00001*(G39-20)))) | O39: =IF(ISBLANK(E39),"",(0.999842594+(0.00006793952*E39)-(0.00000909529*E39^2)+(0.0000001001685*E39^3)-(0.000000001120083*E39^4)+(0.000000000006536332*E39^5))) | P39: =IF(ISBLANK($R$16),"",IF(A39=0,"",IF(ISBLANK($R$17),"",IF(B39=0,"",IF($O$28=$I$29,"",IF(AND($I$29=$O$29,D39<1000),"N° Flac.",IF(AND($I$29=$O$30,D39>1000),"N° Flac.",IF(AND(D39>1202,D39<2001),"Err. N°",IF(AND(D39>499,D39<1141),"Err.N°",(((((F39)+'Correction de volume'!$G$7)*(($P$21)*($P$19)*5598)/(($R$16)-($R$17)))-(($P$27)*1000))/((N39)-($P$26)))))))))))) | Q39: =IF(ISBLANK($R$16),"",IF(A39=0,"",IF(ISBLANK($R$17),"",IF(AND(D39>1202,D39<2001),"Err. N°",IF(AND(D39>499,D39<1141),"Err.N°",IF(B39=0,"",IF($O$28=$I$29,"",IF(AND($I$29=$O$29,D39<1000),"N° Flac.",IF(AND($I$29=$O$30,D39>1000),"N° Flac.",P39/M39))))))))) | R39: =IF(ISBLANK($R$16),"",IF(A39=0,"",IF(ISBLANK($R$17),"",IF(B39=0,"",IF(ISBLANK(J39),"",IF(AND(D39>1202,D39<2001),"Err. N°",IF(AND(D39>499,D39<1141),"Err.N°",IF($I$29=$O$28,"",IF(AND($I$29=$O$29,D39<1000),"N° Flac.",IF(AND($I$29=$O$30,D39>1000),"N° Flac.",((44.66*P39)))))))))))) | S39: =IF(ISBLANK($R$16),"",IF(A39=0,"",IF(ISBLANK($R$17),"",IF(B39=0,"",IF(ISBLANK(J39),"",IF(AND(D39>1202,D39<2001),"Err. N°",IF(AND(D39>499,D39<1141),"Err.N°",IF($I$29=$O$28,"",IF(AND($I$29=$O$29,D39<1000),"N° Flac.",IF(AND($I$29=$O$30,D39>1000),"N° Flac.",((44.66*P39)/M39)))))))))))
A40: =IF(ISBLANK(VLOOKUP(D40,'Volumes flacons'!A5:C623,3)),0,1) -> 1 | B40: =IF(ISBLANK(D40),0,IF(ISBLANK(E40),0,IF(ISBLANK(F40),0,1))) -> 0 | C40: 6 | J40: =IF(ISBLANK(D40),"",IF(VLOOKUP(D40,'Volumes flacons'!$A$5:$C$1023,2)=0,"",IF(D40>'Volumes flacons'!$A$1023,"Mauvais numéro",IF(D40<'Volumes flacons'!$A$5,"Mauvais numéro",(VLOOKUP(D40,'Volumes flacons'!$A$5:$C$1023,3)))))) | K40: =IF(ISBLANK(E40),"",(0.000824493-(0.0000040899*E40)+(0.000000076438*E40^2)-(0.00000000082467*E40^3)+(0.0000000000053875*E40^4))) | L40: =IF(ISBLANK(E40),"",(-0.00000572466+(0.00000010227*E40)-(0.0000000016546*E40^2))) | M40: =IF(ISBLANK(E40),"",IF(ISBLANK(G40),(O40+(K40*35)+(L40*35^1.5)+(0.00000048314*35^2)),(O40+(K40*G40)+(L40*G40^1.5)+(0.00000048314*G40^2)))) | N40: =IF(ISBLANK(D40),"",IF(ISBLANK(G40),J40*(1+0.00001*(35-20)),J40*(1+0.00001*(G40-20)))) | O40: =IF(ISBLANK(E40),"",(0.999842594+(0.00006793952*E40)-(0.00000909529*E40^2)+(0.0000001001685*E40^3)-(0.000000001120083*E40^4)+(0.000000000006536332*E40^5))) | P40: =IF(ISBLANK($R$16),"",IF(A40=0,"",IF(ISBLANK($R$17),"",IF(B40=0,"",IF($O$28=$I$29,"",IF(AND($I$29=$O$29,D40<1000),"N° Flac.",IF(AND($I$29=$O$30,D40>1000),"N° Flac.",IF(AND(D40>1202,D40<2001),"Err. N°",IF(AND(D40>499,D40<1141),"Err.N°",(((((F40)+'Correction de volume'!$G$7)*(($P$21)*($P$19)*5598)/(($R$16)-($R$17)))-(($P$27)*1000))/((N40)-($P$26)))))))))))) | Q40: =IF(ISBLANK($R$16),"",IF(A40=0,"",IF(ISBLANK($R$17),"",IF(AND(D40>1202,D40<2001),"Err. N°",IF(AND(D40>499,D40<1141),"Err.N°",IF(B40=0,"",IF($O$28=$I$29,"",IF(AND($I$29=$O$29,D40<1000),"N° Flac.",IF(AND($I$29=$O$30,D40>1000),"N° Flac.",P40/M40))))))))) | R40: =IF(ISBLANK($R$16),"",IF(A40=0,"",IF(ISBLANK($R$17),"",IF(B40=0,"",IF(ISBLANK(J40),"",IF(AND(D40>1202,D40<2001),"Err. N°",IF(AND(D40>499,D40<1141),"Err.N°",IF($I$29=$O$28,"",IF(AND($I$29=$O$29,D40<1000),"N° Flac.",IF(AND($I$29=$O$30,D40>1000),"N° Flac.",((44.66*P40)))))))))))) | S40: =IF(ISBLANK($R$16),"",IF(A40=0,"",IF(ISBLANK($R$17),"",IF(B40=0,"",IF(ISBLANK(J40),"",IF(AND(D40>1202,D40<2001),"Err. N°",IF(AND(D40>499,D40<1141),"Err.N°",IF($I$29=$O$28,"",IF(AND($I$29=$O$29,D40<1000),"N° Flac.",IF(AND($I$29=$O$30,D40>1000),"N° Flac.",((44.66*P40)/M40)))))))))))
A41: =IF(ISBLANK(VLOOKUP(D41,'Volumes flacons'!A5:C623,3)),0,1) -> 1 | B41: =IF(ISBLANK(D41),0,IF(ISBLANK(E41),0,IF(ISBLANK(F41),0,1))) -> 0 | C41: 7 | J41: =IF(ISBLANK(D41),"",IF(VLOOKUP(D41,'Volumes flacons'!$A$5:$C$1023,2)=0,"",IF(D41>'Volumes flacons'!$A$1023,"Mauvais numéro",IF(D41<'Volumes flacons'!$A$5,"Mauvais numéro",(VLOOKUP(D41,'Volumes flacons'!$A$5:$C$1023,3)))))) | K41: =IF(ISBLANK(E41),"",(0.000824493-(0.0000040899*E41)+(0.000000076438*E41^2)-(0.00000000082467*E41^3)+(0.0000000000053875*E41^4))) | L41: =IF(ISBLANK(E41),"",(-0.00000572466+(0.00000010227*E41)-(0.0000000016546*E41^2))) | M41: =IF(ISBLANK(E41),"",IF(ISBLANK(G41),(O41+(K41*35)+(L41*35^1.5)+(0.00000048314*35^2)),(O41+(K41*G41)+(L41*G41^1.5)+(0.00000048314*G41^2)))) | N41: =IF(ISBLANK(D41),"",IF(ISBLANK(G41),J41*(1+0.00001*(35-20)),J41*(1+0.00001*(G41-20)))) | O41: =IF(ISBLANK(E41),"",(0.999842594+(0.00006793952*E41)-(0.00000909529*E41^2)+(0.0000001001685*E41^3)-(0.000000001120083*E41^4)+(0.000000000006536332*E41^5))) | P41: =IF(ISBLANK($R$16),"",IF(A41=0,"",IF(ISBLANK($R$17),"",IF(B41=0,"",IF($O$28=$I$29,"",IF(AND($I$29=$O$29,D41<1000),"N° Flac.",IF(AND($I$29=$O$30,D41>1000),"N° Flac.",IF(AND(D41>1202,D41<2001),"Err. N°",IF(AND(D41>499,D41<1141),"Err.N°",(((((F41)+'Correction de volume'!$G$7)*(($P$21)*($P$19)*5598)/(($R$16)-($R$17)))-(($P$27)*1000))/((N41)-($P$26)))))))))))) | Q41: =IF(ISBLANK($R$16),"",IF(A41=0,"",IF(ISBLANK($R$17),"",IF(AND(D41>1202,D41<2001),"Err. N°",IF(AND(D41>499,D41<1141),"Err.N°",IF(B41=0,"",IF($O$28=$I$29,"",IF(AND($I$29=$O$29,D41<1000),"N° Flac.",IF(AND($I$29=$O$30,D41>1000),"N° Flac.",P41/M41))))))))) | R41: =IF(ISBLANK($R$16),"",IF(A41=0,"",IF(ISBLANK($R$17),"",IF(B41=0,"",IF(ISBLANK(J41),"",IF(AND(D41>1202,D41<2001),"Err. N°",IF(AND(D41>499,D41<1141),"Err.N°",IF($I$29=$O$28,"",IF(AND($I$29=$O$29,D41<1000),"N° Flac.",IF(AND($I$29=$O$30,D41>1000),"N° Flac.",((44.66*P41)))))))))))) | S41: =IF(ISBLANK($R$16),"",IF(A41=0,"",IF(ISBLANK($R$17),"",IF(B41=0,"",IF(ISBLANK(J41),"",IF(AND(D41>1202,D41<2001),"Err. N°",IF(AND(D41>499,D41<1141),"Err.N°",IF($I$29=$O$28,"",IF(AND($I$29=$O$29,D41<1000),"N° Flac.",IF(AND($I$29=$O$30,D41>1000),"N° Flac.",((44.66*P41)/M41)))))))))))
A42: =IF(ISBLANK(VLOOKUP(D42,'Volumes flacons'!A5:C623,3)),0,1) -> 1 | B42: =IF(ISBLANK(D42),0,IF(ISBLANK(E42),0,IF(ISBLANK(F42),0,1))) -> 0 | C42: 8 | J42: =IF(ISBLANK(D42),"",IF(VLOOKUP(D42,'Volumes flacons'!$A$5:$C$1023,2)=0,"",IF(D42>'Volumes flacons'!$A$1023,"Mauvais numéro",IF(D42<'Volumes flacons'!$A$5,"Mauvais numéro",(VLOOKUP(D42,'Volumes flacons'!$A$5:$C$1023,3)))))) | K42: =IF(ISBLANK(E42),"",(0.000824493-(0.0000040899*E42)+(0.000000076438*E42^2)-(0.00000000082467*E42^3)+(0.0000000000053875*E42^4))) | L42: =IF(ISBLANK(E42),"",(-0.00000572466+(0.00000010227*E42)-(0.0000000016546*E42^2))) | M42: =IF(ISBLANK(E42),"",IF(ISBLANK(G42),(O42+(K42*35)+(L42*35^1.5)+(0.00000048314*35^2)),(O42+(K42*G42)+(L42*G42^1.5)+(0.00000048314*G42^2)))) | N42: =IF(ISBLANK(D42),"",IF(ISBLANK(G42),J42*(1+0.00001*(35-20)),J42*(1+0.00001*(G42-20)))) | O42: =IF(ISBLANK(E42),"",(0.999842594+(0.00006793952*E42)-(0.00000909529*E42^2)+(0.0000001001685*E42^3)-(0.000000001120083*E42^4)+(0.000000000006536332*E42^5))) | P42: =IF(ISBLANK($R$16),"",IF(A42=0,"",IF(ISBLANK($R$17),"",IF(B42=0,"",IF($O$28=$I$29,"",IF(AND($I$29=$O$29,D42<1000),"N° Flac.",IF(AND($I$29=$O$30,D42>1000),"N° Flac.",IF(AND(D42>1202,D42<2001),"Err. N°",IF(AND(D42>499,D42<1141),"Err.N°",(((((F42)+'Correction de volume'!$G$7)*(($P$21)*($P$19)*5598)/(($R$16)-($R$17)))-(($P$27)*1000))/((N42)-($P$26)))))))))))) | Q42: =IF(ISBLANK($R$16),"",IF(A42=0,"",IF(ISBLANK($R$17),"",IF(AND(D42>1202,D42<2001),"Err. N°",IF(AND(D42>499,D42<1141),"Err.N°",IF(B42=0,"",IF($O$28=$I$29,"",IF(AND($I$29=$O$29,D42<1000),"N° Flac.",IF(AND($I$29=$O$30,D42>1000),"N° Flac.",P42/M42))))))))) | R42: =IF(ISBLANK($R$16),"",IF(A42=0,"",IF(ISBLANK($R$17),"",IF(B42=0,"",IF(ISBLANK(J42),"",IF(AND(D42>1202,D42<2001),"Err. N°",IF(AND(D42>499,D42<1141),"Err.N°",IF($I$29=$O$28,"",IF(AND($I$29=$O$29,D42<1000),"N° Flac.",IF(AND($I$29=$O$30,D42>1000),"N° Flac.",((44.66*P42)))))))))))) | S42: =IF(ISBLANK($R$16),"",IF(A42=0,"",IF(ISBLANK($R$17),"",IF(B42=0,"",IF(ISBLANK(J42),"",IF(AND(D42>1202,D42<2001),"Err. N°",IF(AND(D42>499,D42<1141),"Err.N°",IF($I$29=$O$28,"",IF(AND($I$29=$O$29,D42<1000),"N° Flac.",IF(AND($I$29=$O$30,D42>1000),"N° Flac.",((44.66*P42)/M42)))))))))))
A43: =IF(ISBLANK(VLOOKUP(D43,'Volumes flacons'!A5:C623,3)),0,1) -> 1 | B43: =IF(ISBLANK(D43),0,IF(ISBLANK(E43),0,IF(ISBLANK(F43),0,1))) -> 0 | C43: 9 | J43: =IF(ISBLANK(D43),"",IF(VLOOKUP(D43,'Volumes flacons'!$A$5:$C$1023,2)=0,"",IF(D43>'Volumes flacons'!$A$1023,"Mauvais numéro",IF(D43<'Volumes flacons'!$A$5,"Mauvais numéro",(VLOOKUP(D43,'Volumes flacons'!$A$5:$C$1023,3)))))) | K43: =IF(ISBLANK(E43),"",(0.000824493-(0.0000040899*E43)+(0.000000076438*E43^2)-(0.00000000082467*E43^3)+(0.0000000000053875*E43^4))) | L43: =IF(ISBLANK(E43),"",(-0.00000572466+(0.00000010227*E43)-(0.0000000016546*E43^2))) | M43: =IF(ISBLANK(E43),"",IF(ISBLANK(G43),(O43+(K43*35)+(L43*35^1.5)+(0.00000048314*35^2)),(O43+(K43*G43)+(L43*G43^1.5)+(0.00000048314*G43^2)))) | N43: =IF(ISBLANK(D43),"",IF(ISBLANK(G43),J43*(1+0.00001*(35-20)),J43*(1+0.00001*(G43-20)))) | O43: =IF(ISBLANK(E43),"",(0.999842594+(0.00006793952*E43)-(0.00000909529*E43^2)+(0.0000001001685*E43^3)-(0.000000001120083*E43^4)+(0.000000000006536332*E43^5))) | P43: =IF(ISBLANK($R$16),"",IF(A43=0,"",IF(ISBLANK($R$17),"",IF(B43=0,"",IF($O$28=$I$29,"",IF(AND($I$29=$O$29,D43<1000),"N° Flac.",IF(AND($I$29=$O$30,D43>1000),"N° Flac.",IF(AND(D43>1202,D43<2001),"Err. N°",IF(AND(D43>499,D43<1141),"Err.N°",(((((F43)+'Correction de volume'!$G$7)*(($P$21)*($P$19)*5598)/(($R$16)-($R$17)))-(($P$27)*1000))/((N43)-($P$26)))))))))))) | Q43: =IF(ISBLANK($R$16),"",IF(A43=0,"",IF(ISBLANK($R$17),"",IF(AND(D43>1202,D43<2001),"Err. N°",IF(AND(D43>499,D43<1141),"Err.N°",IF(B43=0,"",IF($O$28=$I$29,"",IF(AND($I$29=$O$29,D43<1000),"N° Flac.",IF(AND($I$29=$O$30,D43>1000),"N° Flac.",P43/M43))))))))) | R43: =IF(ISBLANK($R$16),"",IF(A43=0,"",IF(ISBLANK($R$17),"",IF(B43=0,"",IF(ISBLANK(J43),"",IF(AND(D43>1202,D43<2001),"Err. N°",IF(AND(D43>499,D43<1141),"Err.N°",IF($I$29=$O$28,"",IF(AND($I$29=$O$29,D43<1000),"N° Flac.",IF(AND($I$29=$O$30,D43>1000),"N° Flac.",((44.66*P43)))))))))))) | S43: =IF(ISBLANK($R$16),"",IF(A43=0,"",IF(ISBLANK($R$17),"",IF(B43=0,"",IF(ISBLANK(J43),"",IF(AND(D43>1202,D43<2001),"Err. N°",IF(AND(D43>499,D43<1141),"Err.N°",IF($I$29=$O$28,"",IF(AND($I$29=$O$29,D43<1000),"N° Flac.",IF(AND($I$29=$O$30,D43>1000),"N° Flac.",((44.66*P43)/M43)))))))))))
A44: =IF(ISBLANK(VLOOKUP(D44,'Volumes flacons'!A5:C623,3)),0,1) -> 1 | B44: =IF(ISBLANK(D44),0,IF(ISBLANK(E44),0,IF(ISBLANK(F44),0,1))) -> 0 | C44: 10 | J44: =IF(ISBLANK(D44),"",IF(VLOOKUP(D44,'Volumes flacons'!$A$5:$C$1023,2)=0,"",IF(D44>'Volumes flacons'!$A$1023,"Mauvais numéro",IF(D44<'Volumes flacons'!$A$5,"Mauvais numéro",(VLOOKUP(D44,'Volumes flacons'!$A$5:$C$1023,3)))))) | K44: =IF(ISBLANK(E44),"",(0.000824493-(0.0000040899*E44)+(0.000000076438*E44^2)-(0.00000000082467*E44^3)+(0.0000000000053875*E44^4))) | L44: =IF(ISBLANK(E44),"",(-0.00000572466+(0.00000010227*E44)-(0.0000000016546*E44^2))) | M44: =IF(ISBLANK(E44),"",IF(ISBLANK(G44),(O44+(K44*35)+(L44*35^1.5)+(0.00000048314*35^2)),(O44+(K44*G44)+(L44*G44^1.5)+(0.00000048314*G44^2)))) | N44: =IF(ISBLANK(D44),"",IF(ISBLANK(G44),J44*(1+0.00001*(35-20)),J44*(1+0.00001*(G44-20)))) | O44: =IF(ISBLANK(E44),"",(0.999842594+(0.00006793952*E44)-(0.00000909529*E44^2)+(0.0000001001685*E44^3)-(0.000000001120083*E44^4)+(0.000000000006536332*E44^5))) | P44: =IF(ISBLANK($R$16),"",IF(A44=0,"",IF(ISBLANK($R$17),"",IF(B44=0,"",IF($O$28=$I$29,"",IF(AND($I$29=$O$29,D44<1000),"N° Flac.",IF(AND($I$29=$O$30,D44>1000),"N° Flac.",IF(AND(D44>1202,D44<2001),"Err. N°",IF(AND(D44>499,D44<1141),"Err.N°",(((((F44)+'Correction de volume'!$G$7)*(($P$21)*($P$19)*5598)/(($R$16)-($R$17)))-(($P$27)*1000))/((N44)-($P$26)))))))))))) | Q44: =IF(ISBLANK($R$16),"",IF(A44=0,"",IF(ISBLANK($R$17),"",IF(AND(D44>1202,D44<2001),"Err. N°",IF(AND(D44>499,D44<1141),"Err.N°",IF(B44=0,"",IF($O$28=$I$29,"",IF(AND($I$29=$O$29,D44<1000),"N° Flac.",IF(AND($I$29=$O$30,D44>1000),"N° Flac.",P44/M44))))))))) | R44: =IF(ISBLANK($R$16),"",IF(A44=0,"",IF(ISBLANK($R$17),"",IF(B44=0,"",IF(ISBLANK(J44),"",IF(AND(D44>1202,D44<2001),"Err. N°",IF(AND(D44>499,D44<1141),"Err.N°",IF($I$29=$O$28,"",IF(AND($I$29=$O$29,D44<1000),"N° Flac.",IF(AND($I$29=$O$30,D44>1000),"N° Flac.",((44.66*P44)))))))))))) | S44: =IF(ISBLANK($R$16),"",IF(A44=0,"",IF(ISBLANK($R$17),"",IF(B44=0,"",IF(ISBLANK(J44),"",IF(AND(D44>1202,D44<2001),"Err. N°",IF(AND(D44>499,D44<1141),"Err.N°",IF($I$29=$O$28,"",IF(AND($I$29=$O$29,D44<1000),"N° Flac.",IF(AND($I$29=$O$30,D44>1000),"N° Flac.",((44.66*P44)/M44)))))))))))
A45: =IF(ISBLANK(VLOOKUP(D45,'Volumes flacons'!A5:C623,3)),0,1) -> 1 | B45: =IF(ISBLANK(D45),0,IF(ISBLANK(E45),0,IF(ISBLANK(F45),0,1))) -> 0 | C45: 11 | J45: =IF(ISBLANK(D45),"",IF(VLOOKUP(D45,'Volumes flacons'!$A$5:$C$1023,2)=0,"",IF(D45>'Volumes flacons'!$A$1023,"Mauvais numéro",IF(D45<'Volumes flacons'!$A$5,"Mauvais numéro",(VLOOKUP(D45,'Volumes flacons'!$A$5:$C$1023,3)))))) | K45: =IF(ISBLANK(E45),"",(0.000824493-(0.0000040899*E45)+(0.000000076438*E45^2)-(0.00000000082467*E45^3)+(0.0000000000053875*E45^4))) | L45: =IF(ISBLANK(E45),"",(-0.00000572466+(0.00000010227*E45)-(0.0000000016546*E45^2))) | M45: =IF(ISBLANK(E45),"",IF(ISBLANK(G45),(O45+(K45*35)+(L45*35^1.5)+(0.00000048314*35^2)),(O45+(K45*G45)+(L45*G45^1.5)+(0.00000048314*G45^2)))) | N45: =IF(ISBLANK(D45),"",IF(ISBLANK(G45),J45*(1+0.00001*(35-20)),J45*(1+0.00001*(G45-20)))) | O45: =IF(ISBLANK(E45),"",(0.999842594+(0.00006793952*E45)-(0.00000909529*E45^2)+(0.0000001001685*E45^3)-(0.000000001120083*E45^4)+(0.000000000006536332*E45^5))) | P45: =IF(ISBLANK($R$16),"",IF(A45=0,"",IF(ISBLANK($R$17),"",IF(B45=0,"",IF($O$28=$I$29,"",IF(AND($I$29=$O$29,D45<1000),"N° Flac.",IF(AND($I$29=$O$30,D45>1000),"N° Flac.",IF(AND(D45>1202,D45<2001),"Err. N°",IF(AND(D45>499,D45<1141),"Err.N°",(((((F45)+'Correction de volume'!$G$7)*(($P$21)*($P$19)*5598)/(($R$16)-($R$17)))-(($P$27)*1000))/((N45)-($P$26)))))))))))) | Q45: =IF(ISBLANK($R$16),"",IF(A45=0,"",IF(ISBLANK($R$17),"",IF(AND(D45>1202,D45<2001),"Err. N°",IF(AND(D45>499,D45<1141),"Err.N°",IF(B45=0,"",IF($O$28=$I$29,"",IF(AND($I$29=$O$29,D45<1000),"N° Flac.",IF(AND($I$29=$O$30,D45>1000),"N° Flac.",P45/M45))))))))) | R45: =IF(ISBLANK($R$16),"",IF(A45=0,"",IF(ISBLANK($R$17),"",IF(B45=0,"",IF(ISBLANK(J45),"",IF(AND(D45>1202,D45<2001),"Err. N°",IF(AND(D45>499,D45<1141),"Err.N°",IF($I$29=$O$28,"",IF(AND($I$29=$O$29,D45<1000),"N° Flac.",IF(AND($I$29=$O$30,D45>1000),"N° Flac.",((44.66*P45)))))))))))) | S45: =IF(ISBLANK($R$16),"",IF(A45=0,"",IF(ISBLANK($R$17),"",IF(B45=0,"",IF(ISBLANK(J45),"",IF(AND(D45>1202,D45<2001),"Err. N°",IF(AND(D45>499,D45<1141),"Err.N°",IF($I$29=$O$28,"",IF(AND($I$29=$O$29,D45<1000),"N° Flac.",IF(AND($I$29=$O$30,D45>1000),"N° Flac.",((44.66*P45)/M45)))))))))))
